# Blender 4.5.7 LTS
# www.blender.org
mtllib huzi.mtl
o M_Rashid_v5_Body_3P_HD.004
v 0.015651 0.217769 0.064738
v 0.014158 0.219037 0.067201
v 0.014434 0.219777 0.065854
v -0.071268 0.217903 -0.020922
v -0.071190 0.217127 -0.022811
v -0.071198 0.214149 -0.022555
v -0.018311 0.188035 0.034983
v -0.019600 0.186811 0.040108
v -0.017609 0.185879 0.037611
v -0.028014 0.184751 0.007925
v -0.023176 0.186458 0.008526
v -0.019048 0.182336 0.008030
v -0.017751 0.169116 0.048912
v -0.018144 0.166081 0.047503
v -0.018144 0.166081 0.047503
v -0.018935 0.166136 0.046400
v -0.018364 0.163855 0.044749
v -0.018935 0.166136 0.046400
v -0.018935 0.166136 0.046400
v -0.016772 0.163074 0.045469
v -0.019051 0.163600 0.043025
v -0.016579 0.165729 0.049008
v -0.018639 0.162257 0.040057
v -0.021191 0.164404 0.040798
v -0.013550 0.162673 0.048923
v -0.013734 0.161660 0.044027
v -0.023304 0.163734 0.036349
v -0.016372 0.160280 0.032048
v -0.006129 0.161906 0.050900
v -0.022299 0.167077 0.041506
v -0.020608 0.166604 0.044103
v -0.021191 0.164404 0.040798
v -0.019051 0.163600 0.043025
v -0.019698 0.169441 0.046459
v -0.017751 0.169116 0.048912
v -0.017751 0.169116 0.048912
v -0.021215 0.169851 0.044229
v -0.018144 0.166081 0.047503
v -0.020384 0.171934 0.045532
v -0.018920 0.171578 0.047417
v -0.019698 0.169441 0.046459
v -0.021841 0.172426 0.043403
v -0.020577 0.174934 0.045531
v -0.019103 0.174699 0.047211
v -0.018920 0.171578 0.047417
v -0.017798 0.174615 0.048618
v -0.017042 0.171326 0.049539
v -0.016191 0.174619 0.050204
v -0.017042 0.171326 0.049539
v -0.021841 0.172426 0.043403
v -0.015832 0.168987 0.050819
v -0.021626 0.175509 0.044117
v -0.020577 0.174934 0.045531
v -0.022922 0.173247 0.041579
v -0.014233 0.165506 0.051186
v -0.022300 0.176587 0.043182
v -0.024364 0.175257 0.038923
v -0.021626 0.175509 0.044117
v -0.012512 0.165252 0.052177
v -0.013651 0.168928 0.052571
v -0.015220 0.171257 0.051221
v -0.016191 0.174619 0.050204
v -0.014593 0.174648 0.051556
v -0.013127 0.171234 0.052790
v -0.014593 0.174648 0.051556
v -0.012610 0.174686 0.052980
v -0.011959 0.168757 0.053610
v -0.011480 0.171168 0.053825
v -0.011020 0.174771 0.054053
v -0.009319 0.168490 0.054882
v -0.008914 0.171065 0.055167
v -0.008590 0.174858 0.055568
v -0.009772 0.164741 0.053631
v -0.006046 0.168289 0.055983
v -0.005764 0.170944 0.056423
v -0.005543 0.174806 0.057050
v -0.005999 0.164488 0.054569
v -0.002498 0.170840 0.057247
v -0.002347 0.174664 0.058083
v -0.002666 0.168183 0.056652
v -0.002734 0.165086 0.055437
v 0.000234 0.163415 0.054176
v 0.000422 0.165625 0.055871
v 0.000577 0.168139 0.056901
v 0.000673 0.170774 0.057570
v 0.000791 0.174515 0.058568
v 0.003638 0.174503 0.058400
v 0.003648 0.165686 0.055962
v 0.003745 0.170743 0.057418
v 0.006429 0.174577 0.057718
v 0.003727 0.168093 0.056797
v 0.006781 0.170735 0.056859
v 0.009758 0.174717 0.056366
v 0.006855 0.168057 0.056368
v 0.009922 0.170737 0.055913
v 0.011783 0.174694 0.055358
v 0.006873 0.165508 0.055666
v 0.012091 0.170731 0.055034
v 0.013753 0.174605 0.054230
v 0.010107 0.168039 0.055601
v 0.014192 0.170731 0.053979
v 0.016304 0.174513 0.052604
v 0.012329 0.168044 0.054825
v 0.010335 0.165343 0.054889
v 0.006121 0.163203 0.054120
v 0.011453 0.164338 0.053919
v 0.007602 0.161909 0.051747
v 0.014689 0.164342 0.052395
v 0.014475 0.168073 0.053831
v 0.016836 0.170767 0.052366
v 0.018249 0.174557 0.051147
v 0.017216 0.168147 0.052153
v 0.019071 0.170887 0.050607
v 0.019423 0.174612 0.050071
v 0.017436 0.164542 0.050544
v 0.020445 0.171059 0.049213
v 0.020850 0.174694 0.048553
v 0.019635 0.168321 0.050131
v 0.019913 0.164835 0.048095
v 0.018333 0.162414 0.045924
v 0.021110 0.168589 0.048520
v 0.021471 0.165238 0.046344
v 0.022062 0.171398 0.047229
v 0.022412 0.174811 0.046708
v 0.022785 0.169071 0.046228
v 0.023701 0.171809 0.044891
v 0.023443 0.175005 0.045428
v 0.023379 0.165964 0.043770
v 0.024656 0.172248 0.043296
v 0.024399 0.175523 0.043996
v 0.024468 0.169682 0.043504
v 0.025600 0.173184 0.041529
v 0.024990 0.176633 0.043089
v 0.025463 0.170220 0.041687
v 0.025400 0.166767 0.040618
v 0.020762 0.162170 0.041319
v 0.023710 0.163339 0.039238
v 0.015241 0.161255 0.044303
v 0.004553 0.160165 0.038472
v 0.022571 0.160332 0.030188
v 0.004069 0.157712 0.006896
v 0.027150 0.164225 0.034888
v 0.028608 0.160825 0.025096
v 0.026598 0.167341 0.038636
v 0.028107 0.168201 0.035674
v 0.026544 0.171191 0.039491
v 0.029798 0.164296 0.029792
v 0.029642 0.173320 0.032146
v 0.027452 0.175834 0.037572
v 0.032577 0.169035 0.022746
v 0.026851 0.176825 0.039058
v 0.025028 0.177252 0.043185
v 0.028639 0.177827 0.034951
v 0.026280 0.178134 0.040550
v 0.025026 0.178076 0.043481
v 0.027841 0.178154 0.036860
v 0.026933 0.178669 0.039030
v 0.026153 0.180070 0.041121
v 0.024923 0.179309 0.043847
v 0.024727 0.179909 0.044178
v 0.026958 0.179951 0.039147
v 0.026404 0.181656 0.040818
v 0.024540 0.180196 0.044477
v 0.027916 0.180880 0.037083
v 0.026584 0.182868 0.040624
v 0.028684 0.181647 0.035470
v 0.030716 0.176987 0.029530
v 0.030968 0.183725 0.029479
v 0.025187 0.184315 0.043845
v 0.023648 0.180478 0.045905
v 0.034169 0.173468 0.014701
v 0.023712 0.184044 0.046690
v 0.022194 0.180394 0.047790
v 0.032710 0.163694 0.016027
v 0.022211 0.182258 0.048247
v 0.020737 0.180331 0.049576
v 0.026976 0.159211 0.003079
v 0.020420 0.182339 0.050401
v 0.019068 0.179925 0.052148
v 0.018875 0.182298 0.052124
v 0.017921 0.179702 0.054039
v 0.022401 0.186497 0.049045
v 0.017533 0.182328 0.053548
v 0.016846 0.179668 0.055607
v 0.026837 0.192754 0.044556
v 0.022357 0.192604 0.048430
v 0.028440 0.192701 0.040102
v 0.021836 0.198045 0.045242
v 0.019452 0.189175 0.051889
v 0.017385 0.194731 0.052417
v 0.017456 0.187108 0.053576
v 0.016074 0.182473 0.054871
v 0.015564 0.179761 0.057042
v 0.015473 0.187573 0.054884
v 0.014353 0.182696 0.056224
v 0.013989 0.179890 0.058482
v 0.011991 0.180152 0.059871
v 0.013180 0.187800 0.056255
v 0.012282 0.183000 0.057542
v 0.008815 0.180725 0.061397
v 0.009160 0.183481 0.059101
v 0.010455 0.189565 0.057172
v 0.011145 0.198323 0.051921
v 0.006888 0.189858 0.058269
v 0.006560 0.183713 0.059921
v 0.006212 0.180966 0.062224
v 0.003413 0.181056 0.062621
v 0.001027 0.198084 0.053826
v 0.001088 0.203015 0.033639
v 0.000924 0.188798 0.059161
v 0.000764 0.183790 0.060167
v 0.000531 0.181140 0.062659
v -0.002173 0.180998 0.062207
v -0.004837 0.183650 0.059334
v -0.004663 0.180808 0.061541
v -0.006920 0.180664 0.060666
v -0.004968 0.190010 0.058074
v -0.007209 0.183580 0.058482
v -0.009655 0.180319 0.059344
v -0.009016 0.198553 0.051968
v -0.010120 0.183247 0.057078
v -0.011424 0.180011 0.058246
v -0.008488 0.189851 0.057022
v -0.011190 0.188179 0.056112
v -0.012036 0.182942 0.055939
v -0.012911 0.179569 0.057108
v -0.015053 0.195291 0.052639
v -0.015053 0.195291 0.052639
v -0.013423 0.188004 0.054842
v -0.013690 0.182686 0.054832
v -0.014276 0.179167 0.055994
v -0.015343 0.187533 0.053601
v -0.015155 0.182388 0.053652
v -0.015686 0.178980 0.054800
v -0.017129 0.189657 0.051948
v -0.013423 0.188004 0.054842
v -0.016560 0.197042 0.049061
v -0.016495 0.182252 0.052412
v -0.017221 0.179014 0.053380
v -0.016560 0.197042 0.049061
v -0.017931 0.182179 0.050924
v -0.018593 0.179363 0.051260
v -0.019051 0.189404 0.049764
v -0.019778 0.186451 0.049091
v -0.019384 0.182088 0.049068
v -0.019916 0.179950 0.048219
v -0.020951 0.184861 0.047170
v -0.021109 0.180267 0.046094
v -0.022429 0.183255 0.044353
v -0.023098 0.193078 0.044203
v -0.025116 0.191669 0.040552
v -0.020494 0.196566 0.044349
v -0.023391 0.195435 0.041545
v -0.019296 0.198753 0.040320
v -0.025799 0.194438 0.037690
v 0.001088 0.203015 0.033639
v -0.029003 0.191438 0.029991
v -0.027810 0.195904 0.029398
v -0.020543 0.201128 0.029192
v 0.001096 0.204247 0.016181
v 0.022733 0.201501 0.030874
v -0.022698 0.202034 0.016490
v 0.024896 0.202124 0.017055
v 0.001092 0.203693 0.003735
v 0.001096 0.204247 0.016181
v 0.028212 0.195992 0.037489
v 0.030561 0.197182 0.027519
v 0.031382 0.192718 0.028767
v 0.032697 0.198289 0.012094
v 0.034764 0.183375 0.013637
v 0.034800 0.192797 0.012964
v 0.033194 0.192973 -0.002890
v 0.033579 0.181394 -0.004400
v 0.024492 0.191443 -0.014563
v 0.033194 0.192973 -0.002890
v 0.031895 0.198280 0.000418
v 0.031895 0.198280 0.000418
v 0.026000 0.201795 0.003481
v 0.025200 0.198392 -0.008952
v 0.025200 0.198392 -0.008952
v 0.001090 0.200355 -0.009041
v 0.033194 0.192973 -0.002890
v 0.025200 0.198392 -0.008952
v 0.001155 0.191779 -0.016369
v -0.022964 0.198182 -0.008862
v -0.022222 0.191233 -0.013811
v -0.023779 0.201632 0.003513
v -0.031164 0.196426 0.013919
v -0.028510 0.197643 0.000831
v -0.032218 0.191605 0.014289
v -0.030121 0.192637 -0.001091
v -0.032495 0.181260 0.015332
v -0.030937 0.180402 -0.002862
v -0.025202 0.178827 -0.013465
v -0.026468 0.170570 -0.009782
v 0.005332 0.168924 -0.015501
v -0.029383 0.170340 -0.001672
v -0.019533 0.162154 -0.007283
v -0.031846 0.172586 0.016507
v 0.027860 0.178916 -0.014102
v -0.022442 0.161660 0.001462
v 0.029421 0.169012 -0.010153
v 0.032785 0.167094 -0.001905
v 0.024365 0.162118 -0.006904
v 0.005182 0.161020 -0.008677
v -0.026471 0.161630 0.015745
v -0.024039 0.161418 0.030392
v -0.029412 0.165741 0.024957
v -0.028316 0.175610 0.030372
v -0.027515 0.165525 0.031206
v -0.028427 0.182176 0.030412
v -0.026740 0.171963 0.033703
v -0.025972 0.177110 0.035706
v -0.024364 0.175257 0.038923
v -0.025914 0.181003 0.036484
v -0.023416 0.181785 0.042158
v -0.025157 0.177651 0.037524
v -0.024364 0.175257 0.038923
v -0.025209 0.180406 0.037916
v -0.023416 0.181785 0.042158
v -0.023416 0.181785 0.042158
v -0.023844 0.176574 0.040187
v -0.022300 0.176587 0.043182
v -0.022341 0.177222 0.043305
v -0.024293 0.178466 0.039514
v -0.023413 0.177993 0.041385
v -0.022348 0.178042 0.043623
v -0.024325 0.179690 0.039684
v -0.023321 0.179756 0.041970
v -0.022291 0.179175 0.043976
v -0.022113 0.179807 0.044328
v -0.023409 0.181040 0.042047
v -0.021941 0.180070 0.044627
v -0.022429 0.183255 0.044353
v -0.021941 0.180070 0.044627
v -0.021109 0.180267 0.046094
v -0.024364 0.175257 0.038923
v -0.023917 0.171331 0.039588
v -0.025662 0.168335 0.035800
v -0.022729 0.170459 0.041766
v -0.024050 0.167668 0.038720
v -0.025240 0.165172 0.035290
v -0.018311 0.188035 0.034983
v -0.017740 0.187411 0.040711
v -0.019600 0.186811 0.040108
v -0.015083 0.187841 0.042331
v -0.012812 0.186484 0.049307
v -0.016856 0.187289 0.046485
v 0.002630 0.203571 0.027968
v -0.009245 0.186238 0.052220
v -0.013110 0.186562 0.053077
v -0.018858 0.189160 0.020885
v 0.002665 0.192575 0.043430
v -0.006873 0.186018 0.054916
v -0.003714 0.184508 0.055905
v 0.002099 0.184732 0.057166
v 0.005912 0.185527 0.055018
v 0.010792 0.186205 0.056501
v 0.012844 0.185784 0.052678
v 0.017439 0.186652 0.049232
v 0.016649 0.187053 0.053189
v 0.019442 0.187440 0.044663
v 0.019953 0.187039 0.047743
v 0.022391 0.188851 0.034211
v 0.022549 0.187812 0.041155
v 0.025227 0.188225 0.021566
v 0.026936 0.184131 0.004041
v 0.029532 0.187912 0.017532
v 0.004201 0.197807 0.012991
v 0.024319 0.186393 0.000338
v 0.024943 0.181009 0.002002
v 0.025090 0.170560 -0.000601
v 0.022113 0.149226 -0.007132
v 0.017715 0.154243 -0.012733
v 0.019755 0.177361 -0.008168
v 0.004479 0.159608 -0.017818
v 0.013907 0.191386 -0.000424
v 0.004718 0.181139 -0.011835
v 0.006973 0.191519 0.004143
v 0.004378 0.191295 -0.000031
v 0.001070 0.191405 0.003596
v -0.006987 0.189603 -0.000120
v -0.010110 0.178113 -0.010266
v -0.007730 0.158344 -0.014629
v -0.017842 0.183837 0.000922
v -0.021157 0.187896 0.013619
v -0.024759 0.188348 0.010401
v -0.016551 0.171579 -0.005839
v -0.016262 0.153124 -0.010878
v -0.019048 0.182336 0.008030
v -0.017842 0.183837 0.000922
v -0.028014 0.184751 0.007925
v -0.030600 0.186759 0.001306
v -0.033581 0.183961 -0.003545
v -0.034213 0.177643 -0.000636
v -0.029112 0.182771 0.014368
v -0.029468 0.167687 0.020216
v -0.026545 0.186658 0.009059
v -0.023176 0.186458 0.008526
v -0.027043 0.187240 0.015943
v -0.026149 0.182071 0.020315
v -0.019592 0.184668 0.009623
v -0.019048 0.182336 0.008030
v -0.018255 0.184138 0.017019
v -0.017897 0.179657 0.014904
v -0.018328 0.179940 0.019544
v -0.022447 0.185335 0.019901
v -0.023747 0.181802 0.020629
v -0.027461 0.179809 0.026368
v -0.023337 0.165718 0.037274
v -0.025876 0.185674 0.026625
v -0.024397 0.180554 0.033280
v -0.023414 0.184631 0.021848
v -0.024397 0.185392 0.032382
v -0.018614 0.183753 0.021888
v -0.018328 0.179940 0.019544
v -0.016834 0.179158 0.027831
v -0.017131 0.183533 0.027216
v -0.020806 0.181731 0.034308
v -0.020928 0.184618 0.033395
v -0.022950 0.179485 0.038345
v -0.022437 0.183214 0.038886
v -0.020101 0.179138 0.043033
v -0.020152 0.184101 0.035653
v -0.016811 0.182909 0.036487
v -0.016380 0.179854 0.035906
v -0.021177 0.185112 0.038501
v -0.016069 0.182730 0.039594
v -0.014844 0.180203 0.040849
v -0.019479 0.184454 0.041847
v -0.020007 0.182871 0.042632
v -0.017706 0.182326 0.042038
v -0.017590 0.184056 0.043120
v -0.014498 0.183234 0.045583
v -0.011983 0.178700 0.047726
v -0.017968 0.184918 0.044675
v -0.016035 0.185916 0.046495
v -0.017125 0.185560 0.046991
v -0.018490 0.177014 0.047753
v -0.017257 0.163661 0.047562
v -0.015360 0.184410 0.048870
v -0.014612 0.173830 0.052147
v -0.013904 0.184144 0.048741
v -0.009238 0.162717 0.053414
v -0.013424 0.182233 0.049126
v -0.015165 0.182295 0.049852
v -0.015475 0.179713 0.049713
v -0.013054 0.183250 0.050896
v -0.010255 0.181681 0.053084
v -0.007427 0.176791 0.050559
v -0.014195 0.183168 0.051011
v -0.012690 0.185248 0.053174
v -0.014491 0.182066 0.051738
v -0.013199 0.184702 0.053470
v -0.013521 0.180225 0.053554
v -0.012354 0.183867 0.054283
v -0.011754 0.184594 0.054020
v -0.010584 0.183281 0.054628
v -0.011012 0.182701 0.054944
v -0.009552 0.181085 0.054535
v -0.010442 0.180591 0.054705
v -0.010275 0.176841 0.054168
v -0.009187 0.178363 0.053838
v -0.007300 0.175629 0.055430
v -0.008893 0.177286 0.054569
v -0.009467 0.180830 0.053885
v -0.007743 0.180543 0.052708
v -0.003886 0.177118 0.052988
v -0.008332 0.179885 0.054929
v -0.006600 0.179302 0.055680
v -0.008165 0.183153 0.055111
v -0.006102 0.182732 0.056049
v -0.004965 0.177269 0.055929
v -0.009451 0.183901 0.054066
v -0.004429 0.180192 0.056158
v -0.003871 0.177152 0.056508
v -0.003874 0.183014 0.056529
v -0.000596 0.175378 0.057085
v 0.000564 0.163700 0.055792
v -0.004311 0.177975 0.055542
v -0.003672 0.180680 0.055755
v -0.005871 0.183943 0.056061
v -0.003275 0.183075 0.056243
v -0.008014 0.184225 0.055070
v -0.003809 0.183655 0.056550
v -0.007972 0.184619 0.054833
v -0.005747 0.184440 0.055868
v -0.003766 0.183882 0.056328
v -0.003847 0.183957 0.055722
v -0.005751 0.184552 0.055107
v -0.007685 0.184816 0.054333
v -0.007717 0.183895 0.053684
v -0.003915 0.183291 0.055233
v -0.003978 0.180663 0.054537
v -0.004177 0.180270 0.056098
v -0.004332 0.180397 0.056546
v -0.003471 0.179638 0.055234
v -0.002208 0.179887 0.057516
v -0.004116 0.182555 0.056783
v -0.000198 0.179102 0.055105
v 0.001049 0.176346 0.052057
v -0.003346 0.182384 0.056622
v -0.000114 0.182290 0.056760
v 0.001701 0.179717 0.056485
v 0.001668 0.182512 0.057093
v -0.001969 0.183176 0.057242
v 0.001791 0.177444 0.056553
v 0.001391 0.183111 0.057184
v 0.001851 0.179572 0.056363
v 0.001880 0.179991 0.057199
v 0.001859 0.182681 0.057593
v 0.001502 0.183174 0.057477
v -0.004119 0.182989 0.057169
v -0.004000 0.182940 0.056937
v -0.004326 0.182768 0.057103
v 0.004882 0.174842 0.057114
v 0.009157 0.163480 0.054728
v 0.004753 0.178291 0.057372
v 0.011110 0.175777 0.055385
v 0.001913 0.179537 0.057055
v 0.007210 0.176759 0.056538
v 0.004392 0.182471 0.057829
v 0.007523 0.179107 0.056624
v 0.008385 0.177139 0.056188
v 0.007716 0.177696 0.055975
v 0.007834 0.182452 0.057088
v 0.007718 0.179550 0.055890
v 0.008204 0.179460 0.056128
v 0.008019 0.182493 0.056547
v 0.010958 0.178945 0.055515
v 0.007627 0.183093 0.056963
v 0.007527 0.183082 0.056626
v 0.004374 0.183312 0.057594
v 0.006951 0.182461 0.056344
v 0.004762 0.183312 0.056981
v 0.006878 0.179467 0.055081
v 0.003038 0.182540 0.056721
v 0.002092 0.183054 0.057272
v 0.002222 0.183111 0.057606
v 0.002093 0.182542 0.057674
v 0.001935 0.182501 0.057197
v 0.003034 0.179284 0.055010
v 0.001049 0.176346 0.052057
v 0.007447 0.175714 0.049735
v 0.007613 0.177675 0.054913
v 0.007520 0.179760 0.055764
v 0.007500 0.179886 0.055056
v 0.007554 0.182622 0.056067
v 0.008269 0.179777 0.053841
v 0.007447 0.175714 0.049735
v 0.007002 0.182631 0.055644
v 0.010962 0.179729 0.052600
v 0.011222 0.176295 0.049033
v 0.012195 0.177897 0.052135
v 0.007781 0.182773 0.054790
v 0.007054 0.182568 0.055223
v 0.007238 0.183831 0.055269
v 0.007140 0.183998 0.055690
v 0.007223 0.183831 0.055959
v 0.009926 0.184455 0.055342
v 0.009824 0.184228 0.054882
v 0.010726 0.182657 0.054127
v 0.012038 0.183851 0.054502
v 0.012889 0.182361 0.053973
v 0.010109 0.184239 0.055614
v 0.012192 0.184077 0.054870
v 0.012692 0.183498 0.054336
v 0.012712 0.183765 0.054855
v 0.010577 0.182607 0.055752
v 0.013051 0.182709 0.054684
v 0.012879 0.180013 0.054196
v 0.012613 0.180282 0.053215
v 0.013121 0.177930 0.053889
v 0.016606 0.175393 0.053062
v 0.018583 0.165040 0.050598
v 0.012563 0.179642 0.052848
v 0.024086 0.176883 0.047006
v 0.028444 0.167754 0.037304
v 0.012905 0.179218 0.051181
v 0.011222 0.176295 0.049033
v 0.015308 0.179949 0.049252
v 0.013270 0.175640 0.045797
v 0.016991 0.179279 0.046250
v 0.018221 0.180271 0.048725
v 0.014675 0.182659 0.051934
v 0.017622 0.183097 0.049708
v 0.018323 0.183031 0.049934
v 0.016786 0.184588 0.051706
v 0.013135 0.181915 0.053535
v 0.015612 0.185102 0.053506
v 0.013842 0.183402 0.053929
v 0.013206 0.182009 0.054230
v 0.012966 0.179815 0.053828
v 0.014135 0.183249 0.054510
v 0.014328 0.180617 0.054480
v 0.015984 0.184541 0.053907
v 0.017638 0.184296 0.051958
v 0.017758 0.180252 0.052931
v 0.019641 0.178232 0.050228
v 0.019241 0.180030 0.049500
v 0.020897 0.179023 0.049168
v 0.018900 0.182886 0.049402
v 0.018074 0.183146 0.048717
v 0.016991 0.179279 0.046250
v 0.022572 0.182088 0.047316
v 0.018910 0.184676 0.048880
v 0.020645 0.185888 0.048150
v 0.018512 0.184797 0.048503
v 0.019976 0.186240 0.047593
v 0.020164 0.183224 0.044797
v 0.018976 0.179596 0.043102
v 0.021378 0.180495 0.043157
v 0.021055 0.186307 0.046454
v 0.022069 0.185834 0.046839
v 0.022580 0.184150 0.044388
v 0.023030 0.183967 0.044618
v 0.024731 0.178922 0.044219
v 0.027228 0.178051 0.039914
v 0.030588 0.179606 0.030770
v 0.034544 0.170031 0.019516
v 0.027043 0.181910 0.040318
v 0.033402 0.180290 0.021155
v 0.033807 0.176312 -0.000330
v 0.032837 0.185082 0.004277
v 0.033908 0.184452 0.000261
v 0.032523 0.183918 0.014909
v 0.026936 0.184131 0.004041
v 0.026953 0.182347 0.015103
v 0.031936 0.186607 0.016951
v 0.026953 0.182347 0.015103
v 0.032071 0.186610 0.020975
v 0.025730 0.184311 0.019708
v 0.025484 0.179524 0.018971
v 0.029695 0.185920 0.025274
v 0.025157 0.184157 0.023969
v 0.024502 0.180021 0.025392
v 0.026385 0.182725 0.025674
v 0.029559 0.181711 0.026408
v 0.028781 0.184428 0.027915
v 0.025659 0.184110 0.026398
v 0.026385 0.182725 0.025674
v 0.024502 0.180021 0.025392
v 0.028395 0.184809 0.032642
v 0.022283 0.184169 0.030728
v 0.022202 0.178179 0.029189
v 0.021430 0.180736 0.034883
v 0.022930 0.184455 0.034737
v 0.025339 0.185025 0.035104
v 0.026570 0.180557 0.036149
v 0.026958 0.183049 0.036452
v 0.022262 0.184049 0.035604
v 0.025758 0.185358 0.040561
v 0.019666 0.184919 0.039142
v 0.025877 0.185743 0.037047
v 0.019822 0.180205 0.039159
v 0.023771 0.186168 0.040334
v 0.023286 0.184715 0.043174
v 0.022370 0.185643 0.042392
v 0.021909 0.184440 0.043276
v 0.021378 0.180495 0.043157
v 0.020529 0.184733 0.041934
v 0.020310 0.183128 0.042622
v -0.034276 0.194178 -0.002197
v -0.033581 0.183961 -0.003545
v -0.030600 0.186759 0.001306
v -0.032742 0.199015 0.017751
v -0.024759 0.188348 0.010401
v -0.017842 0.183837 0.000922
v -0.028482 0.190137 0.014523
v -0.030022 0.192142 0.018959
v -0.031592 0.199898 0.029590
v -0.026603 0.186129 0.015249
v -0.027576 0.186255 0.019653
v -0.022779 0.186258 0.015145
v -0.021157 0.187896 0.013619
v -0.018858 0.189160 0.020885
v -0.022009 0.185748 0.017948
v -0.022156 0.186229 0.020994
v -0.021279 0.188601 0.022076
v -0.024539 0.187094 0.022168
v -0.024780 0.188823 0.022916
v -0.027539 0.190741 0.023808
v -0.024977 0.186676 0.023497
v -0.021850 0.186461 0.022967
v -0.021279 0.188601 0.022076
v -0.026903 0.185975 0.027549
v -0.020130 0.185788 0.024871
v -0.018858 0.189160 0.020885
v -0.019726 0.185124 0.031214
v -0.018311 0.188035 0.034983
v -0.028260 0.192001 0.031216
v -0.024716 0.186519 0.033297
v -0.021876 0.186105 0.033729
v -0.022087 0.187426 0.034482
v -0.025065 0.189060 0.034655
v -0.025260 0.191335 0.038256
v -0.026278 0.200657 0.037808
v -0.023474 0.185642 0.035374
v -0.022055 0.191398 0.044587
v -0.019694 0.200360 0.048801
v -0.021669 0.185918 0.034732
v -0.023670 0.184706 0.037787
v -0.019510 0.185222 0.035483
v -0.017609 0.185879 0.037611
v -0.019137 0.185472 0.038938
v -0.019600 0.186811 0.040108
v -0.021023 0.185551 0.039720
v -0.022224 0.188676 0.041066
v -0.022080 0.186821 0.041562
v -0.021655 0.186796 0.044467
v -0.021080 0.185329 0.041411
v -0.020783 0.184559 0.044031
v -0.019993 0.185445 0.040865
v -0.019933 0.184163 0.043529
v -0.017989 0.185118 0.041239
v -0.017740 0.187411 0.040711
v -0.016607 0.184850 0.042351
v -0.015083 0.187841 0.042331
v -0.017575 0.185227 0.045917
v -0.016941 0.186409 0.046256
v -0.016856 0.187289 0.046485
v -0.019053 0.186815 0.047093
v -0.019330 0.188461 0.047505
v -0.018652 0.183837 0.048601
v -0.017924 0.191292 0.051660
v -0.009486 0.199868 0.055948
v -0.017501 0.183638 0.048271
v -0.012812 0.186484 0.049307
v -0.018020 0.185682 0.051256
v -0.017619 0.181709 0.049597
v -0.018160 0.182342 0.049882
v -0.016648 0.182740 0.051926
v -0.015924 0.182194 0.051422
v -0.015176 0.184798 0.053510
v -0.014117 0.183951 0.052866
v -0.013110 0.186562 0.053077
v -0.014089 0.188188 0.054315
v -0.011013 0.190130 0.057334
v -0.013567 0.184377 0.055198
v -0.003407 0.188965 0.060541
v 0.005013 0.199670 0.061104
v -0.011177 0.184854 0.057029
v -0.007975 0.187108 0.057940
v -0.013170 0.184383 0.054182
v -0.009245 0.186238 0.052220
v -0.012486 0.182531 0.055016
v -0.010418 0.183589 0.055025
v -0.012737 0.182816 0.055645
v -0.010837 0.182060 0.055741
v -0.011059 0.182604 0.056513
v -0.008348 0.184405 0.057552
v -0.008501 0.182879 0.057297
v -0.008183 0.182404 0.056676
v -0.008009 0.183629 0.056040
v -0.006873 0.186018 0.054916
v -0.007716 0.183838 0.056831
v -0.007554 0.186132 0.056395
v -0.003544 0.183619 0.060690
v -0.007466 0.183205 0.058906
v -0.007752 0.182245 0.057903
v -0.007554 0.186132 0.056395
v -0.006780 0.180931 0.059207
v -0.007245 0.182105 0.057496
v -0.006873 0.186018 0.054916
v -0.003714 0.184508 0.055905
v -0.006551 0.180303 0.058678
v -0.003353 0.180579 0.060227
v -0.004460 0.180422 0.058511
v -0.003028 0.179558 0.059455
v 0.000951 0.182552 0.058305
v 0.002099 0.184732 0.057166
v 0.000499 0.180268 0.059036
v 0.001889 0.182092 0.059122
v 0.002363 0.185149 0.058214
v -0.000042 0.179540 0.059596
v 0.001302 0.180095 0.059478
v 0.001089 0.180458 0.060192
v -0.000235 0.180270 0.060412
v 0.001596 0.182558 0.060160
v 0.002076 0.186561 0.059568
v 0.002106 0.182291 0.059037
v 0.002099 0.184732 0.057166
v 0.007284 0.189014 0.060190
v 0.013169 0.200027 0.056185
v 0.002507 0.183019 0.060047
v 0.002909 0.181931 0.058595
v 0.007047 0.184231 0.060356
v 0.002328 0.180411 0.059432
v 0.002700 0.180833 0.060041
v 0.003152 0.179991 0.059459
v 0.006503 0.182244 0.058122
v 0.005912 0.185527 0.055018
v 0.006773 0.180705 0.059935
v 0.006650 0.180074 0.059057
v 0.010229 0.180624 0.058062
v 0.011087 0.182362 0.057351
v 0.010792 0.186205 0.056501
v 0.010598 0.180984 0.058577
v 0.010473 0.183854 0.059151
v 0.011384 0.182926 0.058162
v 0.011651 0.187954 0.058148
v 0.012163 0.183095 0.057321
v 0.015512 0.189595 0.057130
v 0.011758 0.182821 0.056504
v 0.012844 0.185784 0.052678
v 0.015298 0.182895 0.055897
v 0.014821 0.182865 0.055089
v 0.016615 0.183681 0.054183
v 0.016649 0.187053 0.053189
v 0.017142 0.183753 0.054883
v 0.017962 0.188288 0.054629
v 0.021713 0.191695 0.053433
v 0.023134 0.200235 0.050489
v 0.018710 0.185424 0.053967
v 0.026243 0.190792 0.046053
v 0.017931 0.184836 0.053058
v 0.017439 0.186652 0.049232
v 0.027530 0.200735 0.044142
v 0.019909 0.183445 0.050858
v 0.019953 0.187039 0.047743
v 0.019231 0.183793 0.053158
v 0.021259 0.186042 0.052795
v 0.020657 0.183090 0.051611
v 0.021892 0.183502 0.049823
v 0.022834 0.186170 0.050240
v 0.022064 0.184373 0.049066
v 0.022906 0.188725 0.048472
v 0.023584 0.190329 0.050305
v 0.023129 0.185524 0.047063
v 0.019953 0.187039 0.047743
v 0.020251 0.185594 0.045649
v 0.019442 0.187440 0.044663
v 0.024940 0.184769 0.045691
v 0.021115 0.185560 0.043347
v 0.022549 0.187812 0.041155
v 0.023513 0.186099 0.042260
v 0.025200 0.188299 0.042262
v 0.025536 0.186156 0.043020
v 0.026623 0.189465 0.043352
v 0.028035 0.190118 0.041817
v 0.026994 0.185357 0.040456
v 0.030561 0.191150 0.037754
v 0.034910 0.201532 0.030205
v 0.024686 0.186145 0.041115
v 0.022549 0.187812 0.041155
v 0.023415 0.186152 0.039101
v 0.028629 0.185425 0.037606
v 0.023573 0.186378 0.036244
v 0.022391 0.188851 0.034211
v 0.026426 0.187513 0.035132
v 0.027160 0.188712 0.034535
v 0.028187 0.186762 0.035625
v 0.030130 0.189843 0.035233
v 0.032645 0.191011 0.031685
v 0.030235 0.186426 0.033302
v 0.027130 0.186493 0.033550
v 0.022391 0.188851 0.034211
v 0.024311 0.186042 0.029516
v 0.030698 0.185283 0.027917
v 0.025694 0.186031 0.025789
v 0.025227 0.188225 0.021566
v 0.032433 0.189533 0.026949
v 0.028656 0.185806 0.023719
v 0.034264 0.189927 0.022466
v 0.029165 0.185694 0.019759
v 0.036545 0.198666 0.014336
v 0.029532 0.187912 0.017532
v 0.032901 0.185434 0.024481
v 0.033550 0.185294 0.020969
v 0.033335 0.188626 0.018657
v 0.032837 0.185082 0.004277
v 0.026936 0.184131 0.004041
v 0.034236 0.196510 0.001791
v 0.033908 0.184452 0.000261
v 0.000947 0.165843 0.056792
v 0.000743 0.172185 0.057321
v 0.005661 0.172082 0.057143
v 0.008047 0.165796 0.056618
v 0.010378 0.171816 0.056606
v 0.007898 0.162148 0.055047
v 0.001042 0.162148 0.055139
v 0.004918 0.157982 0.033807
v 0.016068 0.165182 0.054060
v 0.015674 0.170807 0.054744
v 0.015905 0.162109 0.052420
v 0.020207 0.170234 0.052110
v 0.014924 0.157941 0.033984
v -0.004668 0.158242 0.002390
v 0.020564 0.165347 0.051050
v 0.020187 0.162278 0.049020
v 0.021784 0.159508 0.039275
v 0.024850 0.166806 0.046511
v 0.022999 0.172486 0.050133
v 0.024644 0.171245 0.047722
v 0.026198 0.172719 0.044190
v 0.024851 0.163337 0.043673
v 0.030379 0.159673 0.021596
v 0.028070 0.169766 0.038855
v 0.029563 0.167161 0.034817
v 0.027992 0.178619 0.038749
v 0.026449 0.177491 0.043850
v 0.031465 0.179567 0.029853
v 0.026892 0.181854 0.041767
v 0.023916 0.178518 0.048087
v 0.025070 0.161754 -0.000953
v 0.000487 0.170348 -0.013951
v 0.034997 0.179162 0.011880
v 0.020397 0.174480 -0.011123
v 0.032011 0.178870 -0.003005
v 0.000507 0.196501 -0.009156
v 0.031463 0.189101 -0.003047
v 0.035158 0.188506 0.012374
v 0.031818 0.188784 0.029334
v 0.029069 0.198682 0.000109
v 0.032674 0.197008 0.017784
v 0.017858 0.202570 0.001622
v 0.030265 0.196291 0.028770
v 0.017335 0.203543 0.026817
v 0.028814 0.193064 0.036725
v 0.024574 0.195707 0.043510
v 0.025234 0.185882 0.044669
v 0.023922 0.181312 0.047307
v 0.023467 0.178809 0.049489
v 0.022632 0.189508 0.049301
v 0.022020 0.181172 0.050993
v 0.021840 0.178711 0.053025
v 0.019187 0.181743 0.053872
v 0.019693 0.178950 0.055276
v 0.017499 0.179291 0.057385
v 0.014397 0.180961 0.058214
v 0.020435 0.190551 0.052173
v 0.014512 0.183012 0.056911
v 0.009635 0.181299 0.059935
v 0.021755 0.193700 0.050483
v 0.016868 0.192219 0.055324
v 0.018053 0.197610 0.051251
v 0.009409 0.183261 0.058260
v 0.005056 0.181466 0.060727
v 0.010909 0.192433 0.058059
v 0.004814 0.183334 0.058863
v 0.005543 0.192901 0.058780
v 0.009010 0.197938 0.056358
v 0.001013 0.183429 0.059201
v 0.000978 0.181514 0.061143
v 0.013507 0.202119 0.042247
v -0.003192 0.183440 0.059056
v -0.003332 0.181444 0.060976
v 0.000774 0.194719 0.058568
v -0.007849 0.183377 0.058461
v -0.007722 0.181322 0.060308
v -0.004353 0.192945 0.058786
v -0.012620 0.180956 0.058551
v 0.000670 0.198837 0.056093
v 0.000528 0.203141 0.043354
v -0.007877 0.198006 0.056270
v 0.000494 0.205236 0.026701
v -0.012477 0.202172 0.042251
v -0.009844 0.192540 0.058033
v -0.016898 0.197698 0.051080
v -0.013083 0.183028 0.056881
v -0.015847 0.192269 0.055100
v -0.017549 0.182191 0.053814
v -0.017245 0.179530 0.055950
v -0.019441 0.178820 0.053217
v -0.019264 0.190609 0.051892
v -0.019656 0.181268 0.050921
v -0.020362 0.178567 0.050944
v -0.020564 0.193769 0.050165
v -0.021889 0.189980 0.048374
v -0.022500 0.197069 0.043277
v -0.020718 0.181031 0.049127
v -0.021142 0.178888 0.048903
v -0.023261 0.187606 0.045573
v -0.021912 0.181183 0.047208
v -0.022516 0.179261 0.046703
v -0.025140 0.194418 0.041649
v -0.024448 0.183969 0.043683
v -0.027076 0.191951 0.039177
v -0.029016 0.196870 0.029210
v -0.025131 0.180632 0.043146
v -0.023490 0.179037 0.045776
v -0.025455 0.177502 0.043499
v -0.027383 0.185640 0.038544
v -0.027245 0.179024 0.038949
v -0.024634 0.173719 0.044686
v -0.030551 0.189224 0.030555
v -0.029893 0.180365 0.032528
v -0.026335 0.169974 0.041721
v -0.023003 0.171424 0.047530
v -0.029056 0.174244 0.035243
v -0.033069 0.179796 0.020184
v -0.023260 0.167167 0.046507
v -0.021661 0.172791 0.049813
v -0.018790 0.170397 0.051994
v -0.027819 0.167276 0.038575
v -0.018807 0.165614 0.050948
v -0.012631 0.171533 0.055193
v -0.024307 0.164624 0.043796
v -0.010820 0.165781 0.055383
v -0.009150 0.171987 0.056359
v -0.018344 0.162623 0.049084
v -0.021888 0.160475 0.040185
v -0.029624 0.160120 0.024344
v -0.013775 0.158079 0.034484
v -0.010628 0.162265 0.053764
v -0.002895 0.165916 0.056618
v -0.003060 0.172213 0.057139
v 0.000743 0.172185 0.057321
v 0.000947 0.165843 0.056792
v -0.002873 0.162203 0.055067
v 0.001042 0.162148 0.055139
v 0.004918 0.157982 0.033807
v -0.004668 0.158242 0.002390
v -0.024158 0.161380 0.000415
v 0.000487 0.170348 -0.013951
v -0.019279 0.174232 -0.010498
v -0.030288 0.178329 -0.002660
v -0.033243 0.189696 0.018312
v -0.029890 0.188943 -0.002496
v -0.027700 0.198764 0.000648
v -0.031287 0.197246 0.018773
v -0.016809 0.202578 0.001801
v -0.016293 0.203605 0.027086
v 0.000496 0.203758 0.002155
v 0.022113 0.149226 -0.007132
v 0.016682 0.145198 -0.005433
v 0.025090 0.170560 -0.000601
v 0.016801 0.166472 0.000846
v 0.004522 0.142166 -0.002895
v 0.015026 0.180157 0.004640
v 0.024943 0.181009 0.002002
v 0.004063 0.165974 -0.001609
v -0.008549 0.165450 -0.000666
v -0.012423 0.144096 -0.002831
v -0.016262 0.153124 -0.010878
v -0.016551 0.171579 -0.005839
v -0.007621 0.179570 0.002865
v -0.017842 0.183837 0.000922
v 0.003221 0.180792 0.002958
v -0.015499 0.180605 0.004339
v -0.015732 0.175482 0.002677
v 0.002951 0.187302 0.014706
v -0.008406 0.186201 0.014244
v -0.015853 0.182209 0.016809
v -0.008307 0.186594 0.028716
v -0.010649 0.173044 0.022240
v -0.010602 0.165592 0.006029
v -0.014825 0.180566 0.028116
v -0.003038 0.166210 0.021266
v -0.003013 0.160419 0.017444
v 0.002660 0.160864 0.031404
v 0.003530 0.168921 0.033175
v -0.007548 0.172666 0.036589
v 0.002146 0.172355 0.044724
v -0.011369 0.177197 0.037967
v -0.004310 0.174553 0.047194
v 0.001984 0.174410 0.048960
v -0.006706 0.182032 0.039433
v -0.005037 0.177749 0.046455
v 0.001978 0.178232 0.047867
v 0.002145 0.183286 0.040260
v 0.002509 0.188258 0.028634
v 0.008856 0.177802 0.047358
v 0.011060 0.182331 0.040335
v 0.015027 0.186793 0.015832
v 0.013566 0.187092 0.029867
v 0.017241 0.176721 0.038630
v 0.021786 0.179693 0.029880
v 0.024048 0.180979 0.019215
v 0.023894 0.178419 0.008079
v 0.026936 0.184131 0.004041
v 0.024977 0.178907 0.003486
v 0.016486 0.166433 0.007024
v 0.017053 0.172809 0.029840
v 0.008875 0.174354 0.047900
v 0.002146 0.172355 0.044724
v 0.003530 0.168921 0.033175
v 0.010629 0.167728 0.021304
v 0.002660 0.160864 0.031404
v 0.008734 0.160900 0.018064
v -0.042371 0.038404 -0.153399
v 0.000962 0.048066 -0.143963
v 0.001128 0.031652 -0.150272
v -0.038985 0.054449 -0.145095
v -0.031167 0.077075 -0.130826
v 0.000661 0.072846 -0.132037
v -0.077652 0.062516 -0.137653
v -0.085596 0.050216 -0.147151
v -0.060159 0.082977 -0.122645
v -0.025093 0.094442 -0.118560
v 0.000374 0.091839 -0.120114
v -0.048572 0.099363 -0.111529
v -0.019389 0.111888 -0.105950
v 0.000168 0.110838 -0.108424
v -0.038037 0.113963 -0.100852
v -0.014771 0.132219 -0.097453
v -0.000105 0.132219 -0.099052
v -0.028295 0.132219 -0.094223
v -0.012177 0.150973 -0.095863
v -0.000321 0.150973 -0.097196
v -0.000417 0.170648 -0.097477
v -0.024952 0.150973 -0.091995
v -0.012914 0.170648 -0.095868
v -0.000535 0.187421 -0.099194
v -0.037087 0.150973 -0.084933
v -0.012919 0.187421 -0.097578
v -0.000762 0.204141 -0.104966
v -0.026066 0.170648 -0.090828
v -0.014414 0.204141 -0.103007
v -0.000733 0.220812 -0.114832
v -0.026687 0.187421 -0.092436
v -0.016190 0.220812 -0.112159
v -0.000760 0.243658 -0.127727
v -0.028566 0.204141 -0.097511
v -0.037262 0.170648 -0.083403
v -0.038244 0.187421 -0.084803
v -0.018108 0.243658 -0.124898
v -0.000161 0.266711 -0.134378
v -0.030944 0.220812 -0.106397
v -0.019983 0.266683 -0.131847
v -0.000435 0.293413 -0.135113
v -0.035475 0.243658 -0.117863
v -0.040689 0.204141 -0.089253
v -0.044005 0.220812 -0.096821
v -0.038393 0.266681 -0.123840
v -0.050449 0.243658 -0.106277
v -0.020780 0.293000 -0.132523
v -0.021567 0.317206 -0.124546
v -0.001192 0.319227 -0.125975
v -0.041234 0.290901 -0.123940
v -0.019792 0.342108 -0.106615
v -0.000433 0.344158 -0.106905
v -0.000621 0.361277 -0.083529
v -0.042814 0.314809 -0.116275
v -0.040914 0.338715 -0.099328
v -0.018438 0.359646 -0.081441
v -0.000395 0.369009 -0.057188
v -0.016042 0.367364 -0.055400
v -0.000575 0.370764 -0.037260
v -0.037116 0.355089 -0.075474
v -0.057899 0.333289 -0.088879
v -0.015451 0.369087 -0.037289
v -0.032116 0.363193 -0.051757
v -0.053153 0.348928 -0.067721
v -0.012629 0.367124 -0.010780
v 0.000641 0.368153 -0.009648
v -0.029616 0.365161 -0.034989
v -0.010763 0.358728 0.014735
v 0.000627 0.358549 0.017520
v -0.027474 0.363252 -0.011516
v -0.023594 0.355891 0.012801
v -0.010853 0.349206 0.031755
v 0.001029 0.349394 0.033617
v -0.022602 0.346818 0.029051
v -0.036434 0.350684 0.009880
v -0.034179 0.343337 0.024256
v -0.020241 0.336222 0.043401
v -0.040166 0.357348 -0.011618
v -0.009123 0.337316 0.046352
v -0.030294 0.333668 0.039556
v -0.008855 0.327045 0.055410
v 0.001063 0.337514 0.047348
v 0.011285 0.336995 0.046425
v -0.019637 0.326496 0.052849
v 0.001354 0.327174 0.056189
v -0.018337 0.316935 0.059697
v 0.012418 0.348940 0.031957
v 0.000627 0.358549 0.017520
v -0.008243 0.317011 0.061432
v 0.011629 0.358786 0.014603
v 0.000641 0.368153 -0.009648
v 0.022153 0.335360 0.043868
v 0.011871 0.367491 -0.011150
v -0.000575 0.370764 -0.037260
v 0.023528 0.346473 0.029598
v 0.022993 0.356320 0.013100
v 0.012805 0.369730 -0.037887
v -0.000395 0.369009 -0.057188
v 0.023784 0.364835 -0.011693
v 0.033024 0.344086 0.025154
v 0.013460 0.367798 -0.056889
v 0.033605 0.352270 0.011134
v 0.031605 0.332985 0.040114
v 0.042688 0.340036 0.020726
v 0.021932 0.325884 0.052870
v 0.041698 0.330904 0.032603
v 0.011592 0.326567 0.055356
v 0.031176 0.324462 0.048946
v 0.020753 0.316593 0.059575
v 0.010678 0.316816 0.061339
v 0.038480 0.322153 0.044662
v 0.030415 0.315762 0.056047
v 0.028810 0.306079 0.061444
v 0.037625 0.313467 0.052092
v 0.045377 0.318939 0.039878
v 0.044210 0.310384 0.047129
v 0.035826 0.304148 0.057748
v 0.019215 0.306028 0.064234
v 0.033075 0.293976 0.061472
v 0.026336 0.295034 0.064405
v 0.009964 0.306192 0.065189
v 0.017639 0.294791 0.066327
v 0.001236 0.316999 0.061973
v 0.001418 0.306227 0.065675
v -0.007287 0.306263 0.065249
v -0.016887 0.306401 0.064337
v -0.006714 0.294935 0.067045
v -0.015369 0.294881 0.066481
v 0.001603 0.294883 0.067181
v 0.009602 0.294786 0.066936
v -0.005278 0.283228 0.068786
v 0.016413 0.283200 0.068541
v 0.008841 0.283163 0.068871
v 0.001829 0.283206 0.068772
v 0.024434 0.283222 0.067085
v 0.016028 0.275507 0.070846
v 0.030816 0.282964 0.064803
v 0.023894 0.276172 0.069321
v 0.029870 0.276021 0.067073
v 0.037126 0.282349 0.061343
v 0.036010 0.275860 0.063708
v 0.039479 0.292749 0.057286
v 0.042224 0.301759 0.052830
v 0.048517 0.298779 0.048283
v 0.045366 0.290597 0.053283
v 0.042027 0.280624 0.058001
v 0.050621 0.306955 0.042191
v 0.052488 0.291824 0.046275
v 0.052239 0.314919 0.034873
v 0.056677 0.302387 0.036941
v 0.052129 0.326200 0.025152
v 0.058078 0.310734 0.029884
v 0.053691 0.334043 0.014152
v 0.059266 0.321536 0.019172
v 0.044035 0.347689 0.006793
v 0.061432 0.328170 0.008195
v 0.035505 0.360359 -0.011750
v 0.053949 0.341697 0.002150
v 0.044820 0.355260 -0.012417
v 0.037486 0.362417 -0.033660
v 0.025451 0.366862 -0.036650
v 0.053239 0.350310 -0.017497
v 0.027225 0.364829 -0.054351
v 0.062078 0.335783 -0.004331
v 0.047412 0.357052 -0.031012
v 0.060234 0.345732 -0.024368
v 0.052759 0.353964 -0.040596
v 0.040477 0.360482 -0.049194
v 0.069833 0.336544 -0.037475
v 0.060814 0.346242 -0.056967
v 0.046828 0.352667 -0.069809
v 0.072271 0.325369 -0.015210
v 0.078037 0.321237 -0.050504
v 0.071067 0.316527 -0.000526
v 0.080102 0.310154 -0.026963
v 0.078365 0.300888 -0.010963
v 0.065017 0.315085 0.014193
v 0.070833 0.306582 0.007432
v 0.062794 0.305892 0.024925
v 0.066552 0.300837 0.019988
v 0.060699 0.298478 0.032348
v 0.064215 0.294023 0.027699
v 0.056527 0.288331 0.041494
v 0.059706 0.284926 0.037139
v 0.067432 0.288333 0.022472
v 0.062603 0.280546 0.032116
v 0.070015 0.294633 0.014497
v 0.070086 0.282248 0.016661
v 0.074365 0.290556 0.003325
v 0.065065 0.275801 0.026927
v 0.080128 0.285528 -0.020047
v 0.071707 0.273796 0.010313
v 0.083043 0.293059 -0.036325
v 0.075916 0.279784 -0.003808
v 0.082078 0.300610 -0.060601
v 0.067194 0.268747 0.020936
v 0.071830 0.265608 0.005602
v 0.068493 0.261506 0.015947
v 0.062746 0.264092 0.030629
v 0.075782 0.270386 -0.008698
v 0.060111 0.269479 0.036455
v 0.064711 0.258216 0.025744
v 0.057195 0.272327 0.041415
v 0.059990 0.262683 0.037878
v 0.054190 0.275432 0.045851
v 0.058212 0.265006 0.041329
v 0.055325 0.268558 0.045651
v 0.050932 0.277531 0.049957
v 0.052569 0.271472 0.049091
v 0.046902 0.279315 0.053972
v 0.049153 0.272941 0.053099
v 0.044995 0.273945 0.057144
v 0.051508 0.267947 0.051894
v 0.048262 0.269032 0.055542
v 0.040561 0.274869 0.060579
v 0.040311 0.270333 0.062145
v 0.035631 0.270522 0.065104
v 0.044679 0.269910 0.058839
v 0.040293 0.266219 0.062646
v 0.044735 0.266157 0.059571
v 0.029903 0.270077 0.068119
v 0.035210 0.265936 0.065592
v 0.024699 0.269670 0.069996
v 0.029760 0.264801 0.067859
v 0.019664 0.268362 0.071187
v 0.025260 0.263287 0.068883
v 0.033271 0.262213 0.064591
v 0.029132 0.261121 0.064881
v 0.037089 0.262852 0.063350
v 0.033198 0.260104 0.061778
v 0.025198 0.259855 0.064791
v 0.028989 0.259342 0.061270
v 0.036874 0.260173 0.060938
v 0.020390 0.261757 0.069234
v 0.040932 0.263205 0.061519
v 0.040661 0.260085 0.059512
v 0.044517 0.262922 0.059164
v 0.036526 0.258509 0.058809
v 0.047841 0.265754 0.056754
v 0.044052 0.259972 0.057708
v 0.050730 0.264838 0.053540
v 0.047462 0.262239 0.056424
v 0.053511 0.262234 0.049806
v 0.050191 0.261990 0.053598
v 0.054250 0.265173 0.048560
v 0.057001 0.261335 0.044410
v 0.052244 0.258503 0.049804
v 0.058564 0.259399 0.041029
v 0.054978 0.257816 0.046143
v 0.057122 0.256846 0.042515
v 0.049358 0.259026 0.052927
v 0.051125 0.256126 0.048988
v 0.046929 0.259479 0.055223
v 0.048163 0.256561 0.051727
v 0.046028 0.257242 0.053834
v 0.053332 0.255015 0.045950
v 0.048678 0.253572 0.047481
v 0.054997 0.253939 0.043383
v 0.050881 0.251893 0.044636
v 0.058262 0.255121 0.039614
v 0.052864 0.251168 0.042962
v 0.056439 0.252320 0.040471
v 0.060008 0.257089 0.037095
v 0.059440 0.253153 0.036491
v 0.061565 0.259343 0.033596
v 0.061088 0.254394 0.033785
v 0.062716 0.255925 0.030476
v 0.063753 0.251704 0.027645
v 0.061931 0.251461 0.031434
v 0.060537 0.251420 0.034020
v 0.058097 0.250766 0.037382
v 0.059905 0.249013 0.034119
v 0.054655 0.249898 0.040513
v 0.056595 0.248350 0.037704
v 0.054028 0.249158 0.040325
v 0.062261 0.247927 0.030380
v 0.059182 0.246617 0.034452
v 0.054966 0.245444 0.037983
v 0.051782 0.250159 0.042578
v 0.052591 0.247013 0.039950
v 0.058362 0.243949 0.035093
v 0.050232 0.248696 0.041925
v 0.062125 0.244957 0.030566
v 0.064549 0.247331 0.026108
v 0.061779 0.241719 0.031669
v 0.066141 0.252189 0.022010
v 0.065317 0.243122 0.025447
v 0.067196 0.246967 0.020132
v 0.069267 0.254398 0.012127
v 0.068236 0.241971 0.019053
v 0.071751 0.257649 0.001689
v 0.070050 0.248287 0.009963
v 0.065642 0.238542 0.026362
v 0.070867 0.242584 0.008530
v 0.068982 0.236366 0.019283
v 0.061642 0.237814 0.033120
v 0.065958 0.232835 0.027516
v 0.057591 0.240918 0.036533
v 0.061184 0.234007 0.035208
v 0.053926 0.243164 0.039046
v 0.056792 0.237904 0.038332
v 0.052885 0.240924 0.040517
v 0.051274 0.244962 0.040826
v 0.050553 0.243343 0.041828
v 0.049200 0.247364 0.042112
v 0.048394 0.245939 0.042901
v 0.049403 0.241637 0.043256
v 0.047441 0.244555 0.044087
v 0.046975 0.247715 0.043676
v 0.046244 0.246712 0.044824
v 0.047787 0.249021 0.043372
v 0.045801 0.248427 0.044885
v 0.048876 0.250103 0.043621
v 0.046148 0.249055 0.044404
v 0.050060 0.251196 0.043935
v 0.046601 0.250729 0.045798
v 0.047218 0.251921 0.046016
v 0.047720 0.253196 0.046302
v 0.045446 0.253350 0.048828
v 0.045752 0.254637 0.048899
v 0.046590 0.254846 0.050015
v 0.044918 0.252203 0.048862
v 0.044858 0.255706 0.052072
v 0.044109 0.255179 0.050818
v 0.043831 0.254123 0.050761
v 0.043548 0.253279 0.050710
v 0.041669 0.254815 0.052560
v 0.041470 0.253986 0.052506
v 0.043129 0.252360 0.050576
v 0.042070 0.256017 0.052693
v 0.042638 0.256332 0.053738
v 0.039194 0.256699 0.054480
v 0.043209 0.257836 0.056052
v 0.039360 0.257018 0.055392
v 0.040021 0.258214 0.057684
v 0.035811 0.257596 0.056525
v 0.035732 0.257493 0.055798
v 0.033407 0.258651 0.059234
v 0.033097 0.257961 0.056773
v 0.029335 0.258380 0.058590
v 0.025347 0.258676 0.060738
v 0.029067 0.257769 0.055973
v 0.020828 0.258542 0.063983
v 0.025764 0.257983 0.057858
v 0.021299 0.257757 0.059726
v 0.032979 0.257628 0.056164
v 0.025780 0.257461 0.055163
v 0.035544 0.256798 0.055692
v 0.029013 0.257309 0.055472
v 0.032800 0.256997 0.055894
v 0.038914 0.255772 0.054341
v 0.035332 0.255536 0.055862
v 0.038591 0.254733 0.054412
v 0.041020 0.252892 0.052456
v 0.038097 0.253668 0.054307
v 0.032711 0.255795 0.056138
v 0.035032 0.254302 0.055511
v 0.029012 0.256490 0.055371
v 0.032543 0.254540 0.055800
v 0.029224 0.255235 0.055594
v 0.026021 0.256471 0.054285
v 0.026423 0.255264 0.054540
v 0.029428 0.254353 0.055127
v 0.026626 0.253988 0.054486
v 0.032534 0.254332 0.055213
v 0.029365 0.254258 0.054724
v 0.034914 0.254110 0.054899
v 0.032551 0.254363 0.054635
v 0.037969 0.253335 0.053789
v 0.034841 0.254106 0.054333
v 0.029250 0.254246 0.054334
v 0.040758 0.252607 0.052062
v 0.026711 0.253708 0.054078
v 0.037745 0.253373 0.053082
v 0.042710 0.251936 0.050266
v 0.040557 0.252563 0.051508
v 0.034563 0.254628 0.053521
v 0.044414 0.251346 0.048597
v 0.038133 0.253618 0.052218
v 0.045730 0.250180 0.046085
v 0.045163 0.250094 0.046064
v 0.045439 0.249467 0.045141
v 0.044083 0.251079 0.048326
v 0.045353 0.248800 0.045112
v 0.042412 0.251887 0.049802
v 0.043720 0.251059 0.047893
v 0.044722 0.250275 0.045770
v 0.040602 0.252801 0.050447
v 0.042217 0.252181 0.048793
v 0.044980 0.249456 0.044941
v 0.044087 0.250395 0.045780
v 0.044832 0.248995 0.045110
v 0.044479 0.249655 0.044831
v 0.043882 0.247596 0.047496
v 0.043357 0.251184 0.047613
v 0.042718 0.251987 0.046773
v 0.043353 0.250779 0.044976
v 0.040982 0.253911 0.048371
v 0.038763 0.254906 0.050206
v 0.034103 0.252170 0.047399
v 0.036116 0.255832 0.050871
v 0.033118 0.255976 0.051708
v 0.032626 0.254666 0.053923
v 0.029036 0.255662 0.051684
v 0.028948 0.254408 0.053525
v 0.026469 0.253629 0.053139
v 0.026688 0.253793 0.052796
v 0.027002 0.254940 0.051145
v 0.024099 0.252944 0.053042
v 0.024125 0.252773 0.052295
v 0.023894 0.252728 0.051803
v 0.023876 0.253304 0.053213
v 0.023528 0.253292 0.049965
v 0.022045 0.252208 0.051816
v 0.022120 0.251931 0.051058
v 0.022056 0.251961 0.050481
v 0.019748 0.250995 0.050353
v 0.019685 0.250721 0.049575
v 0.021974 0.252610 0.052121
v 0.019649 0.251338 0.050909
v 0.023465 0.254398 0.053302
v 0.021405 0.253394 0.052366
v 0.022886 0.255356 0.053080
v 0.019256 0.252076 0.051552
v 0.020704 0.254143 0.052234
v 0.022628 0.256129 0.053158
v 0.017797 0.250139 0.050657
v 0.025961 0.257092 0.054378
v 0.020256 0.255084 0.052095
v 0.022417 0.256582 0.053794
v 0.022094 0.257055 0.056562
v 0.019863 0.255397 0.052707
v 0.019191 0.256046 0.055324
v 0.018042 0.256759 0.058495
v 0.017203 0.257396 0.062516
v 0.014874 0.255403 0.056760
v 0.015296 0.259819 0.068350
v 0.013711 0.255972 0.060595
v 0.012499 0.256291 0.063701
v 0.016009 0.265536 0.071256
v 0.010355 0.257823 0.067046
v 0.014221 0.269514 0.071742
v 0.011878 0.260915 0.069566
v 0.012656 0.265400 0.071427
v 0.007750 0.262118 0.070178
v 0.008302 0.265928 0.071444
v 0.007940 0.275355 0.070613
v 0.006973 0.270568 0.071276
v 0.001973 0.275413 0.070193
v -0.003853 0.275529 0.070370
v 0.002032 0.270927 0.070968
v 0.004417 0.266643 0.071199
v 0.004059 0.262953 0.070471
v 0.001984 0.266873 0.071165
v 0.001785 0.263222 0.070610
v 0.003586 0.259788 0.069370
v 0.006938 0.258973 0.068437
v 0.001484 0.260043 0.069719
v 0.008649 0.255449 0.065259
v 0.005980 0.256347 0.067149
v 0.003148 0.257000 0.068424
v 0.010208 0.254437 0.062489
v 0.005067 0.252592 0.066495
v 0.011299 0.254159 0.059358
v 0.007176 0.251793 0.064400
v 0.008484 0.250988 0.061587
v 0.012510 0.253688 0.055602
v 0.009360 0.249970 0.058152
v 0.006747 0.247844 0.064645
v 0.007909 0.246654 0.061359
v 0.004887 0.249063 0.067176
v 0.007291 0.242957 0.066547
v 0.005397 0.244747 0.069868
v 0.002591 0.249689 0.068600
v 0.002802 0.245595 0.071890
v 0.002724 0.253196 0.067836
v 0.000944 0.249790 0.069009
v 0.001050 0.253307 0.068130
v 0.001247 0.257207 0.068764
v 0.000859 0.245709 0.072443
v -0.000652 0.253201 0.068085
v -0.000790 0.249639 0.068949
v -0.000621 0.257199 0.068771
v -0.000532 0.260109 0.069756
v -0.000400 0.263296 0.070659
v -0.003448 0.259844 0.069247
v -0.000379 0.266946 0.071186
v -0.003637 0.263076 0.070509
v -0.003912 0.266854 0.071253
v -0.002607 0.271045 0.070972
v -0.007860 0.266752 0.071579
v -0.009788 0.270506 0.071567
v -0.007189 0.262289 0.070282
v -0.011010 0.266984 0.071634
v -0.012011 0.275709 0.070908
v -0.015236 0.269081 0.071620
v -0.013368 0.283064 0.068777
v -0.021027 0.275994 0.069858
v -0.022033 0.282869 0.067455
v -0.024159 0.294720 0.064846
v -0.028628 0.276152 0.067186
v -0.026509 0.306003 0.062101
v -0.029482 0.282674 0.064954
v -0.031565 0.294089 0.061706
v -0.028287 0.316026 0.056531
v -0.029589 0.324799 0.049055
v -0.036352 0.313955 0.052077
v -0.037732 0.322400 0.044209
v -0.034293 0.304405 0.058014
v -0.043307 0.311216 0.046592
v -0.038209 0.331764 0.034304
v -0.045305 0.319264 0.038518
v -0.040905 0.302486 0.052895
v -0.043931 0.339397 0.019032
v -0.038308 0.292800 0.057468
v -0.047758 0.299364 0.047799
v -0.035954 0.281796 0.061573
v -0.044462 0.291022 0.053091
v -0.049921 0.307752 0.041514
v -0.053036 0.295717 0.043247
v -0.041422 0.280351 0.057695
v -0.034699 0.275512 0.064014
v -0.050180 0.288190 0.048544
v -0.040189 0.274398 0.060286
v -0.046500 0.278887 0.053403
v -0.033790 0.270630 0.065610
v -0.039453 0.270052 0.062096
v -0.045011 0.273023 0.056471
v -0.027953 0.270848 0.068415
v -0.038481 0.265543 0.063025
v -0.021498 0.270511 0.070638
v -0.033169 0.266693 0.066205
v -0.027414 0.265650 0.068550
v -0.021408 0.264507 0.070164
v -0.016017 0.263113 0.070444
v -0.026973 0.261693 0.066241
v -0.010420 0.261070 0.069587
v -0.021438 0.260296 0.066984
v -0.006453 0.259040 0.068399
v -0.013358 0.257731 0.065500
v -0.003264 0.256837 0.068035
v -0.008970 0.256958 0.066155
v -0.005743 0.256051 0.066719
v -0.003027 0.252703 0.067159
v -0.007581 0.254710 0.064526
v -0.005090 0.251750 0.065586
v -0.003199 0.248891 0.067966
v -0.010471 0.255677 0.063238
v -0.006516 0.250693 0.063398
v -0.008810 0.253567 0.061557
v -0.005201 0.247623 0.066021
v -0.001139 0.245567 0.072324
v -0.003804 0.244710 0.070882
v 0.001013 0.241851 0.075907
v -0.001564 0.241667 0.075693
v 0.003564 0.241640 0.075236
v 0.001073 0.236953 0.079215
v 0.006591 0.240392 0.072503
v 0.003705 0.236811 0.078351
v 0.008809 0.238455 0.068950
v 0.006819 0.235863 0.075373
v 0.009185 0.234417 0.071454
v 0.010556 0.236941 0.066258
v 0.010669 0.233187 0.068669
v 0.008974 0.230031 0.073652
v 0.008875 0.241595 0.063207
v 0.006630 0.231223 0.077730
v 0.010293 0.229013 0.070686
v 0.008831 0.225579 0.075349
v 0.003488 0.231856 0.080753
v 0.006715 0.226555 0.079439
v 0.000953 0.231868 0.081564
v -0.001626 0.236785 0.078938
v 0.001217 0.227235 0.083518
v -0.004739 0.240572 0.073811
v -0.001553 0.231712 0.081279
v -0.004894 0.235966 0.076655
v -0.007170 0.238723 0.070619
v -0.007444 0.234683 0.073073
v -0.004647 0.231354 0.078989
v -0.005956 0.243116 0.068075
v -0.007112 0.230396 0.075588
v -0.006384 0.246437 0.063144
v -0.008861 0.237134 0.067792
v -0.007529 0.249646 0.060263
v -0.007399 0.241690 0.064745
v -0.007435 0.245230 0.060299
v -0.009590 0.252705 0.057733
v -0.009351 0.240243 0.061704
v -0.011353 0.254805 0.058779
v -0.010695 0.235503 0.065130
v -0.014267 0.256432 0.060376
v -0.010698 0.232022 0.067241
v -0.017618 0.257397 0.061509
v -0.009071 0.233454 0.070020
v -0.016891 0.259007 0.066590
v -0.021647 0.258410 0.062011
v -0.018822 0.256956 0.057753
v -0.026284 0.259434 0.062384
v -0.022222 0.257773 0.058410
v -0.026288 0.258412 0.059031
v -0.030111 0.260057 0.062424
v -0.029818 0.258749 0.059499
v -0.025783 0.257627 0.055575
v -0.030781 0.262358 0.065393
v -0.033923 0.260392 0.061844
v -0.034569 0.262980 0.064062
v -0.033296 0.258691 0.059213
v -0.037835 0.260191 0.060324
v -0.038677 0.262847 0.061969
v -0.043454 0.264893 0.059621
v -0.041770 0.259617 0.058057
v -0.044373 0.269114 0.058403
v -0.042716 0.261938 0.059202
v -0.047629 0.264741 0.055928
v -0.046339 0.261451 0.056133
v -0.048333 0.268400 0.054501
v -0.048861 0.271592 0.052754
v -0.050883 0.263980 0.052039
v -0.050650 0.276878 0.049286
v -0.051507 0.266913 0.050751
v -0.051975 0.269354 0.049263
v -0.055946 0.288232 0.041062
v -0.053718 0.274722 0.045347
v -0.054466 0.266712 0.046084
v -0.053510 0.263223 0.048378
v -0.056351 0.271932 0.041312
v -0.059044 0.284474 0.036456
v -0.056707 0.264524 0.042549
v -0.060367 0.298331 0.031162
v -0.061703 0.280090 0.032167
v -0.055884 0.303223 0.036199
v -0.063913 0.293252 0.026421
v -0.052180 0.315352 0.033379
v -0.058422 0.310774 0.027667
v -0.047202 0.328812 0.027560
v -0.054344 0.324840 0.022151
v -0.063284 0.305315 0.022334
v -0.061264 0.319069 0.016186
v -0.055498 0.332222 0.012060
v -0.047595 0.345008 0.005230
v -0.063940 0.324402 0.005464
v -0.057724 0.337730 -0.000252
v -0.051214 0.349979 -0.013284
v -0.066128 0.313240 0.011282
v -0.065967 0.330006 -0.006915
v -0.066913 0.299274 0.017769
v -0.072530 0.312294 -0.002868
v -0.070328 0.306427 0.006360
v -0.066738 0.287487 0.021927
v -0.069765 0.293397 0.013149
v -0.073213 0.299407 0.002195
v -0.063281 0.275887 0.028454
v -0.068457 0.281788 0.018194
v -0.073283 0.289084 0.004006
v -0.077617 0.297855 -0.011246
v -0.074677 0.319021 -0.017293
v -0.078245 0.283997 -0.016531
v -0.065538 0.338599 -0.025284
v -0.080018 0.305278 -0.026490
v -0.059262 0.343992 -0.018304
v -0.073510 0.328609 -0.037919
v -0.054754 0.350781 -0.029436
v -0.059315 0.347774 -0.038158
v -0.043660 0.358812 -0.032466
v -0.047221 0.356722 -0.047269
v -0.066415 0.339567 -0.055236
v -0.071970 0.325787 -0.070863
v -0.078982 0.315576 -0.048575
v -0.081471 0.289564 -0.031903
v -0.081748 0.297911 -0.056707
v -0.074570 0.305308 -0.081902
v -0.060321 0.310707 -0.103173
v -0.073846 0.284944 -0.087125
v -0.058663 0.288062 -0.109730
v -0.055760 0.266668 -0.109705
v -0.081656 0.280830 -0.059197
v -0.070724 0.264994 -0.086927
v -0.080323 0.275850 -0.033122
v -0.064871 0.243658 -0.086070
v -0.079574 0.262415 -0.058064
v -0.056987 0.220812 -0.081961
v -0.074935 0.245168 -0.066000
v -0.052455 0.204141 -0.076298
v -0.068851 0.223901 -0.063555
v -0.048619 0.187421 -0.073427
v -0.064244 0.207964 -0.058990
v -0.074857 0.236800 -0.049892
v -0.076318 0.246319 -0.047549
v -0.072947 0.224106 -0.052479
v -0.075180 0.235588 -0.048329
v -0.076684 0.248283 -0.044183
v -0.070041 0.215453 -0.050786
v -0.071813 0.218308 -0.046473
v -0.067128 0.208980 -0.043562
v -0.073740 0.224682 -0.048219
v -0.069146 0.214033 -0.040312
v -0.075683 0.218634 -0.042800
v -0.078938 0.229809 -0.045406
v -0.077887 0.224152 -0.044794
v -0.073160 0.214510 -0.039156
v -0.077599 0.236738 -0.044291
v -0.077781 0.210088 -0.038107
v -0.077128 0.242795 -0.042043
v -0.083005 0.234159 -0.045585
v -0.083404 0.240176 -0.044512
v -0.086864 0.227255 -0.047907
v -0.087434 0.233444 -0.050802
v -0.082063 0.216033 -0.043012
v -0.085255 0.221675 -0.045537
v -0.090476 0.231531 -0.052072
v -0.089674 0.225645 -0.050162
v -0.085271 0.214833 -0.044572
v -0.088211 0.220176 -0.047938
v -0.082152 0.210446 -0.040703
v -0.088264 0.214025 -0.043489
v -0.084970 0.210277 -0.039678
v -0.090944 0.219571 -0.046953
v -0.092501 0.225324 -0.049132
v -0.091642 0.220029 -0.044407
v -0.093257 0.225640 -0.046764
v -0.093518 0.230984 -0.050508
v -0.088863 0.215006 -0.041240
v -0.094074 0.231161 -0.048223
v -0.094303 0.238439 -0.050940
v -0.094220 0.238155 -0.048678
v -0.091170 0.226220 -0.045527
v -0.091832 0.239279 -0.052811
v -0.089587 0.221000 -0.043209
v -0.088351 0.241226 -0.052384
v -0.083430 0.244553 -0.045341
v -0.089080 0.246563 -0.052044
v -0.077464 0.248203 -0.040748
v -0.083110 0.249014 -0.045588
v -0.077722 0.254144 -0.040380
v -0.082624 0.253786 -0.044282
v -0.078172 0.254555 -0.039259
v -0.089705 0.251323 -0.050836
v -0.092497 0.247149 -0.051830
v -0.094245 0.244728 -0.050574
v -0.092689 0.251859 -0.049794
v -0.094061 0.243650 -0.048806
v -0.094191 0.249698 -0.049019
v -0.093806 0.248483 -0.047684
v -0.092515 0.243171 -0.048743
v -0.091914 0.237816 -0.048383
v -0.091937 0.249913 -0.046962
v -0.092010 0.231444 -0.047147
v -0.089828 0.243714 -0.049180
v -0.089793 0.237305 -0.048541
v -0.090213 0.226503 -0.044000
v -0.090197 0.231345 -0.046271
v -0.089291 0.237208 -0.044582
v -0.090385 0.231583 -0.042128
v -0.087703 0.242576 -0.046420
v -0.087033 0.248621 -0.046299
v -0.086997 0.241719 -0.040668
v -0.090136 0.250102 -0.048124
v -0.085617 0.246464 -0.041091
v -0.086297 0.253521 -0.044280
v -0.084473 0.251149 -0.040838
v -0.088957 0.254846 -0.044624
v -0.090817 0.253657 -0.042926
v -0.087443 0.256081 -0.041515
v -0.085730 0.255045 -0.042299
v -0.084348 0.254240 -0.039802
v -0.093083 0.252361 -0.045413
v -0.089254 0.254239 -0.039853
v -0.093522 0.254000 -0.045873
v -0.092327 0.254571 -0.042291
v -0.092040 0.255707 -0.047199
v -0.092492 0.256696 -0.042652
v -0.088670 0.256099 -0.047852
v -0.090749 0.258727 -0.043281
v -0.090545 0.255232 -0.038924
v -0.082145 0.257219 -0.041442
v -0.087369 0.259391 -0.043599
v -0.081656 0.259197 -0.037743
v -0.085439 0.260767 -0.038343
v -0.088557 0.259947 -0.038191
v -0.090513 0.257444 -0.038568
v -0.085101 0.260381 -0.035537
v -0.081570 0.259486 -0.035025
v -0.078988 0.257954 -0.036414
v -0.078604 0.257713 -0.036513
v -0.079470 0.258343 -0.032786
v -0.078678 0.258321 -0.037340
v -0.078760 0.258206 -0.032873
v -0.078623 0.264455 -0.032871
v -0.078260 0.258793 -0.031882
v -0.077223 0.272843 -0.018769
v -0.076189 0.258446 -0.023823
v -0.074109 0.278356 -0.000490
v -0.075788 0.263547 -0.019168
v -0.073466 0.268835 -0.003234
v -0.069525 0.272876 0.013625
v -0.072507 0.260351 -0.004987
v -0.064903 0.268053 0.023646
v -0.069426 0.264619 0.010647
v -0.065889 0.261266 0.020295
v -0.060822 0.263801 0.032892
v -0.062207 0.258325 0.029387
v -0.066622 0.254474 0.018058
v -0.058511 0.269099 0.037872
v -0.058509 0.262126 0.039093
v -0.059658 0.259421 0.036122
v -0.056865 0.258813 0.042213
v -0.057932 0.256803 0.039253
v -0.060287 0.256015 0.033692
v -0.055431 0.260868 0.045256
v -0.058486 0.254322 0.036972
v -0.052413 0.260340 0.049369
v -0.053376 0.257102 0.046466
v -0.049840 0.261216 0.052643
v -0.048463 0.258502 0.052482
v -0.051374 0.257844 0.049202
v -0.054526 0.255550 0.043956
v -0.045037 0.259042 0.055533
v -0.050760 0.253980 0.046452
v -0.049225 0.255084 0.048805
v -0.046867 0.256240 0.051641
v -0.040895 0.257412 0.056011
v -0.043980 0.256961 0.054079
v -0.045324 0.254836 0.049836
v -0.037011 0.258066 0.057822
v -0.036676 0.257257 0.055870
v -0.032661 0.257846 0.056731
v -0.040350 0.256553 0.054299
v -0.036445 0.256986 0.055213
v -0.029419 0.257872 0.056631
v -0.032542 0.257543 0.056083
v -0.029461 0.257683 0.055899
v -0.043036 0.255794 0.052183
v -0.040324 0.256231 0.053337
v -0.042886 0.255433 0.051207
v -0.044734 0.254523 0.048828
v -0.042614 0.254864 0.051001
v -0.039947 0.255515 0.053101
v -0.047123 0.253593 0.047209
v -0.036391 0.256288 0.055105
v -0.048123 0.252244 0.045177
v -0.032384 0.256835 0.055931
v -0.046292 0.253228 0.046473
v -0.044414 0.253384 0.048858
v -0.047460 0.251717 0.044764
v -0.045958 0.252076 0.046481
v -0.042273 0.253662 0.051098
v -0.048793 0.250266 0.043266
v -0.044126 0.252422 0.048785
v -0.046847 0.250356 0.044373
v -0.045483 0.251013 0.046186
v -0.049606 0.250796 0.043557
v -0.047374 0.248818 0.042857
v -0.052139 0.252812 0.044283
v -0.049733 0.248892 0.041830
v -0.050631 0.249544 0.042122
v -0.055523 0.254300 0.041750
v -0.053106 0.251643 0.042423
v -0.056095 0.252606 0.039817
v -0.051965 0.248224 0.040255
v -0.054167 0.250651 0.040647
v -0.056576 0.250944 0.038183
v -0.058727 0.251659 0.035384
v -0.055674 0.249070 0.038100
v -0.060709 0.252090 0.031961
v -0.058116 0.248639 0.035091
v -0.062940 0.252942 0.027282
v -0.060567 0.248092 0.031540
v -0.057159 0.245135 0.035325
v -0.063176 0.248166 0.026673
v -0.054088 0.246345 0.038026
v -0.060293 0.244194 0.031835
v -0.051318 0.247373 0.040191
v -0.048628 0.247398 0.041842
v -0.050369 0.245357 0.040703
v -0.052534 0.243437 0.039282
v -0.046486 0.247683 0.043189
v -0.047581 0.245423 0.042911
v -0.049413 0.242757 0.042106
v -0.045932 0.249282 0.044172
v -0.045637 0.246323 0.044409
v -0.045331 0.248042 0.044538
v -0.045029 0.249243 0.044558
v -0.046402 0.244069 0.044297
v -0.043317 0.245605 0.047597
v -0.043512 0.243883 0.046964
v -0.048230 0.240594 0.043674
v -0.043126 0.247200 0.047620
v -0.043977 0.241415 0.046719
v -0.040544 0.244308 0.050186
v -0.051507 0.240200 0.041061
v -0.040272 0.245810 0.050450
v -0.055727 0.241381 0.037135
v -0.059641 0.239517 0.033908
v -0.055388 0.237175 0.039064
v -0.050634 0.237396 0.042770
v -0.059745 0.233643 0.035940
v -0.045394 0.237483 0.046426
v -0.054656 0.233377 0.041455
v -0.047539 0.233791 0.046266
v -0.041034 0.239400 0.048776
v -0.050911 0.228953 0.046020
v -0.042095 0.235438 0.048646
v -0.043678 0.231384 0.049033
v -0.058539 0.228269 0.038705
v -0.045713 0.226113 0.049402
v -0.053949 0.222507 0.043898
v -0.064009 0.229844 0.029281
v -0.041279 0.225430 0.050869
v -0.064107 0.237842 0.027612
v -0.040265 0.230445 0.050375
v -0.063559 0.243656 0.026837
v -0.067096 0.248777 0.017097
v -0.068589 0.237599 0.016859
v -0.069130 0.256696 0.008500
v -0.067837 0.243347 0.016714
v -0.069533 0.250256 0.007028
v -0.071840 0.253336 -0.005720
v -0.070128 0.244435 0.006097
v -0.074801 0.257321 -0.018846
v -0.071710 0.246971 -0.006628
v -0.074324 0.254449 -0.018434
v -0.073577 0.248733 -0.018142
v -0.071834 0.241771 -0.007507
v -0.070735 0.239100 0.005326
v -0.072882 0.243259 -0.017975
v -0.072033 0.235304 -0.008494
v -0.071095 0.232238 0.004107
v -0.068826 0.230193 0.017129
v -0.071728 0.228484 -0.009093
v -0.068226 0.222646 0.015636
v -0.070790 0.225490 0.003049
v -0.062765 0.219795 0.029353
v -0.066774 0.214204 0.013434
v -0.057875 0.216782 0.037467
v -0.061697 0.211202 0.025757
v -0.057482 0.209492 0.033216
v -0.053153 0.214197 0.042868
v -0.053138 0.207512 0.039404
v -0.056998 0.202117 0.029708
v -0.052697 0.200012 0.035956
v -0.061166 0.204303 0.022392
v -0.052762 0.190672 0.031963
v -0.057379 0.193090 0.025773
v -0.048189 0.197478 0.041008
v -0.047805 0.205267 0.044791
v -0.048196 0.188422 0.037243
v -0.048229 0.212588 0.047008
v -0.047438 0.219269 0.048575
v -0.042268 0.212269 0.050579
v -0.042115 0.219163 0.050829
v -0.040879 0.203175 0.049781
v -0.036641 0.214491 0.053016
v -0.036972 0.220285 0.052313
v -0.036712 0.225530 0.051726
v -0.035268 0.207851 0.053359
v -0.031564 0.216643 0.054353
v -0.030090 0.211583 0.055317
v -0.032407 0.221529 0.053289
v -0.025777 0.214848 0.056528
v -0.027069 0.219114 0.055576
v -0.032777 0.226072 0.052269
v -0.027962 0.223154 0.054253
v -0.036606 0.230217 0.051206
v -0.028718 0.227125 0.052920
v -0.039327 0.234511 0.049903
v -0.033265 0.230344 0.051769
v -0.036275 0.234097 0.050859
v -0.038631 0.238369 0.049972
v -0.036018 0.237768 0.050879
v -0.033320 0.234021 0.051594
v -0.033306 0.237518 0.051577
v -0.029536 0.230904 0.052237
v -0.030067 0.234310 0.052143
v -0.030331 0.237644 0.052120
v -0.026897 0.234861 0.052552
v -0.033271 0.240550 0.052198
v -0.035901 0.240879 0.051505
v -0.038400 0.241450 0.050562
v -0.033321 0.242823 0.053307
v -0.040645 0.242232 0.049222
v -0.036011 0.243243 0.052610
v -0.038348 0.243558 0.051595
v -0.038231 0.245302 0.051739
v -0.035895 0.244711 0.052818
v -0.033320 0.244573 0.053655
v -0.040032 0.246218 0.050408
v -0.038082 0.245688 0.051605
v -0.035780 0.245208 0.052648
v -0.042738 0.247694 0.047422
v -0.037886 0.246035 0.051167
v -0.044500 0.249301 0.044772
v -0.039883 0.246636 0.049884
v -0.044559 0.250420 0.046238
v -0.035725 0.245626 0.052105
v -0.043360 0.251537 0.048870
v -0.042961 0.251251 0.048579
v -0.041748 0.252415 0.050894
v -0.044205 0.250145 0.045951
v -0.041538 0.252086 0.050554
v -0.042567 0.251242 0.048097
v -0.041006 0.252110 0.050144
v -0.039122 0.252985 0.052876
v -0.039367 0.253385 0.053182
v -0.039668 0.254517 0.053121
v -0.036242 0.255364 0.055183
v -0.035921 0.254346 0.055148
v -0.032332 0.255839 0.056122
v -0.035667 0.254008 0.054795
v -0.029340 0.256922 0.055585
v -0.032194 0.254797 0.055978
v -0.029296 0.255812 0.055819
v -0.025822 0.257135 0.054670
v -0.025846 0.256253 0.054649
v -0.022297 0.256973 0.054468
v -0.022552 0.256827 0.053609
v -0.019414 0.255941 0.053593
v -0.015780 0.255805 0.056315
v -0.019720 0.255847 0.052650
v -0.013012 0.254325 0.055201
v -0.016545 0.254072 0.052126
v -0.011068 0.252108 0.054256
v -0.014734 0.252967 0.051719
v -0.017409 0.254275 0.051877
v -0.015329 0.252559 0.051392
v -0.013125 0.251167 0.051544
v -0.013815 0.250832 0.051363
v -0.010537 0.248234 0.054342
v -0.012156 0.248080 0.052834
v -0.008654 0.248814 0.057031
v -0.011161 0.245103 0.054897
v -0.009137 0.244864 0.057212
v -0.010565 0.241804 0.057797
v -0.012322 0.243262 0.054692
v -0.012988 0.245684 0.053108
v -0.013604 0.248020 0.052085
v -0.014187 0.244455 0.052665
v -0.014575 0.250441 0.051364
v -0.013997 0.246103 0.052321
v -0.015934 0.252025 0.051256
v -0.014138 0.247928 0.051716
v -0.015261 0.250022 0.051420
v -0.017976 0.253534 0.051607
v -0.014741 0.246326 0.051672
v -0.016602 0.251424 0.051401
v -0.014606 0.247889 0.051120
v -0.015743 0.249673 0.051102
v -0.015378 0.246578 0.051067
v -0.015391 0.245311 0.051973
v -0.016161 0.245941 0.051549
v -0.016903 0.242831 0.052279
v -0.018254 0.244459 0.052037
v -0.015052 0.240893 0.053581
v -0.017895 0.239007 0.053036
v -0.013677 0.239247 0.056329
v -0.012999 0.236985 0.059452
v -0.016486 0.236851 0.055262
v -0.012938 0.233390 0.062459
v -0.015802 0.234467 0.057677
v -0.022455 0.236808 0.052712
v -0.021309 0.234047 0.053375
v -0.019565 0.241531 0.052315
v -0.020642 0.243512 0.052315
v -0.025997 0.231720 0.052652
v -0.023415 0.239641 0.052514
v -0.027472 0.238066 0.052471
v -0.024163 0.242009 0.052717
v -0.030523 0.240602 0.052544
v -0.027871 0.240852 0.052725
v -0.030675 0.242809 0.053640
v -0.028018 0.243068 0.053663
v -0.030638 0.244635 0.054025
v -0.024588 0.243935 0.053294
v -0.027980 0.244943 0.054011
v -0.033174 0.245067 0.053441
v -0.030572 0.245146 0.053813
v -0.033247 0.245396 0.052895
v -0.030489 0.245501 0.053266
v -0.027987 0.245502 0.053732
v -0.024757 0.245692 0.053351
v -0.021306 0.245111 0.052496
v -0.024871 0.246202 0.053003
v -0.019006 0.245728 0.051866
v -0.021959 0.246412 0.052302
v -0.019595 0.246639 0.051387
v -0.016884 0.246486 0.050973
v -0.019822 0.246967 0.050975
v -0.017343 0.246736 0.050558
v -0.015864 0.246777 0.050658
v -0.014882 0.247895 0.050664
v -0.016452 0.246943 0.050104
v -0.015924 0.249527 0.050696
v -0.015098 0.247879 0.050012
v -0.016079 0.249416 0.050064
v -0.017138 0.250816 0.051110
v -0.017312 0.250630 0.050657
v -0.018398 0.252772 0.051736
v -0.018948 0.252067 0.051494
v -0.019276 0.251753 0.051297
v -0.020869 0.253157 0.052369
v -0.020506 0.254281 0.052508
v -0.020008 0.255406 0.052316
v -0.022618 0.256078 0.053325
v -0.022862 0.254734 0.053515
v -0.025976 0.255075 0.054783
v -0.023025 0.253574 0.053493
v -0.029232 0.254712 0.055775
v -0.026099 0.254136 0.054764
v -0.032114 0.254496 0.055588
v -0.029245 0.254392 0.055360
v -0.023195 0.253174 0.053363
v -0.021130 0.252638 0.052267
v -0.026151 0.253891 0.054486
v -0.023350 0.252983 0.052889
v -0.029324 0.254323 0.054853
v -0.026233 0.253781 0.053957
v -0.031977 0.254363 0.054992
v -0.029534 0.254501 0.054345
v -0.026243 0.253908 0.053312
v -0.035366 0.253845 0.054206
v -0.031815 0.254523 0.054265
v -0.038646 0.252860 0.052409
v -0.035065 0.254101 0.053453
v -0.038195 0.253369 0.051457
v -0.040918 0.252283 0.048902
v -0.037071 0.254808 0.050635
v -0.039111 0.253188 0.048706
v -0.034541 0.255990 0.051175
v -0.031628 0.251974 0.048453
v -0.030672 0.256266 0.051711
v -0.026379 0.255189 0.051014
v -0.023514 0.252972 0.052491
v -0.023723 0.253670 0.050896
v -0.021236 0.252192 0.051724
v -0.021456 0.252159 0.051277
v -0.019607 0.251444 0.050906
v -0.017405 0.250413 0.050112
v -0.019581 0.251273 0.050459
v -0.020379 0.251861 0.049229
v -0.017378 0.250280 0.049362
v -0.018830 0.250694 0.048761
v -0.021903 0.251735 0.048379
v -0.023257 0.250964 0.048435
v -0.021503 0.250581 0.047584
v -0.019834 0.251023 0.047238
v -0.022958 0.250017 0.048021
v -0.020712 0.248807 0.046685
v -0.022024 0.248889 0.047325
v -0.023328 0.248993 0.047960
v -0.018755 0.250005 0.047513
v -0.022921 0.247238 0.047816
v -0.017331 0.249228 0.048041
v -0.024497 0.247455 0.048580
v -0.021088 0.246949 0.048069
v -0.022309 0.246534 0.049606
v -0.019102 0.248756 0.047306
v -0.019616 0.247561 0.047829
v -0.020409 0.247073 0.049027
v -0.018143 0.247598 0.048423
v -0.018567 0.247229 0.048779
v -0.017664 0.248343 0.048202
v -0.017417 0.247327 0.048981
v -0.016289 0.248029 0.048901
v -0.020290 0.247333 0.049779
v -0.018380 0.247073 0.049394
v -0.016968 0.247131 0.049572
v -0.020101 0.247222 0.050349
v -0.017954 0.246927 0.049943
v -0.022246 0.247195 0.050593
v -0.025308 0.245864 0.050082
v -0.022201 0.247221 0.051245
v -0.025299 0.246457 0.051770
v -0.022081 0.246928 0.051896
v -0.015545 0.247938 0.049410
v -0.015997 0.249498 0.049146
v -0.016332 0.249355 0.048492
v -0.017343 0.250177 0.048516
v -0.025119 0.246418 0.052454
v -0.028026 0.245827 0.053164
v -0.028159 0.245879 0.052439
v -0.028607 0.245325 0.050901
v -0.030503 0.245587 0.052579
v -0.033038 0.245505 0.052260
v -0.030690 0.245291 0.051310
v -0.031721 0.246249 0.049787
v -0.032735 0.245319 0.050855
v -0.035433 0.245711 0.051457
v -0.035296 0.247104 0.048630
v -0.035084 0.245401 0.050026
v -0.037450 0.246036 0.050556
v -0.036920 0.245757 0.049647
v -0.039423 0.246626 0.049248
v -0.038510 0.246263 0.048254
v -0.041291 0.247554 0.047555
v -0.040779 0.247469 0.046471
v -0.042307 0.247902 0.047106
v -0.042740 0.248659 0.045592
v -0.043981 0.249249 0.044861
v -0.042688 0.248878 0.045050
v -0.043788 0.250035 0.045600
v -0.043320 0.249181 0.044916
v -0.042289 0.249863 0.044471
v -0.043229 0.250134 0.045287
v -0.042126 0.251495 0.046369
v -0.041570 0.252218 0.046029
v 0.004378 0.191295 -0.000031
v 0.006185 0.183469 0.004073
v 0.004228 0.182732 0.003106
v 0.006973 0.191519 0.004143
v 0.004321 0.182739 0.004425
v 0.005633 0.183873 0.005815
v 0.002492 0.184142 0.005266
v 0.001070 0.191405 0.003596
v 0.002375 0.183448 0.003464
v 0.004228 0.182732 0.003106
v 0.004378 0.191295 -0.000031
v 0.069101 0.330990 -0.073282
v 0.053967 0.336690 -0.090343
v 0.073531 0.307963 -0.085021
v 0.032057 0.357155 -0.077056
v 0.015519 0.360202 -0.082202
v -0.000621 0.361277 -0.083529
v -0.000433 0.344158 -0.106905
v 0.037159 0.340339 -0.100632
v 0.017772 0.342468 -0.107050
v -0.001192 0.319227 -0.125975
v 0.020278 0.317669 -0.124797
v -0.000435 0.293413 -0.135113
v 0.041261 0.315891 -0.117181
v 0.019538 0.293255 -0.132967
v 0.058448 0.312574 -0.105447
v 0.040338 0.291361 -0.124827
v 0.018316 0.266677 -0.132414
v -0.000161 0.266711 -0.134378
v 0.038234 0.266638 -0.124543
v 0.057842 0.289112 -0.111483
v 0.016502 0.243658 -0.125470
v -0.000760 0.243658 -0.127727
v 0.055507 0.266586 -0.111019
v 0.073471 0.286475 -0.089681
v 0.050494 0.243658 -0.106189
v 0.081880 0.282709 -0.065656
v 0.070227 0.264955 -0.089866
v 0.082623 0.278816 -0.039689
v 0.079860 0.262095 -0.063885
v 0.079508 0.275004 -0.023854
v 0.080950 0.265710 -0.040434
v 0.078327 0.265024 -0.025454
v 0.074889 0.261902 -0.011261
v 0.079099 0.260374 -0.031771
v 0.076230 0.256211 -0.020512
v 0.073862 0.254597 -0.011477
v 0.071863 0.251382 -0.000304
v 0.075202 0.249623 -0.019540
v 0.072151 0.245072 -0.001818
v 0.073355 0.247677 -0.011422
v 0.074471 0.242868 -0.020106
v 0.073138 0.241360 -0.012534
v 0.072513 0.238544 -0.003328
v 0.071541 0.236458 0.007799
v 0.073082 0.234812 -0.013033
v 0.072700 0.232052 -0.004003
v 0.071660 0.229459 0.007273
v 0.069096 0.228951 0.019483
v 0.072183 0.225106 -0.004181
v 0.064922 0.227356 0.029915
v 0.070855 0.222371 0.007404
v 0.067013 0.220016 0.021597
v 0.072744 0.227916 -0.013410
v 0.070954 0.218907 -0.005357
v 0.071893 0.221905 -0.014179
v 0.074605 0.229451 -0.021087
v 0.074505 0.222868 -0.021601
v 0.070536 0.216106 -0.015238
v 0.072526 0.218115 -0.021660
v 0.069353 0.215320 0.006023
v 0.069467 0.212533 -0.006579
v 0.065712 0.210925 0.017566
v 0.067797 0.208490 0.004090
v 0.069378 0.211466 -0.016209
v 0.068260 0.205908 -0.008385
v 0.064718 0.203582 0.015284
v 0.066783 0.200442 0.001488
v 0.071235 0.214510 -0.021381
v 0.068184 0.206454 -0.017992
v 0.070781 0.210549 -0.021985
v 0.067400 0.198781 -0.011636
v 0.069383 0.209032 -0.020770
v 0.066449 0.193903 -0.005344
v 0.067085 0.200118 -0.020115
v 0.066215 0.191862 -0.016637
v 0.068464 0.203931 -0.021235
v 0.069857 0.204142 -0.021848
v 0.069211 0.200975 -0.022077
v 0.072073 0.206211 -0.022784
v 0.071928 0.200986 -0.022648
v 0.072756 0.209057 -0.023274
v 0.074730 0.203796 -0.023359
v 0.072484 0.211717 -0.022901
v 0.075297 0.207071 -0.024020
v 0.072379 0.214817 -0.023109
v 0.073760 0.212546 -0.023492
v 0.075978 0.210109 -0.025088
v 0.072334 0.216154 -0.023670
v 0.072767 0.215220 -0.024307
v 0.073823 0.215478 -0.025783
v 0.070240 0.215088 -0.025997
v 0.072955 0.218523 -0.023988
v 0.071548 0.216539 -0.025099
v 0.074920 0.221552 -0.023764
v 0.071756 0.218347 -0.025099
v 0.076122 0.224307 -0.023874
v 0.074222 0.221300 -0.025245
v 0.069574 0.215674 -0.025333
v 0.072060 0.220544 -0.025916
v 0.069906 0.214178 -0.027738
v 0.069249 0.217468 -0.024742
v 0.067597 0.214383 -0.025800
v 0.069543 0.220316 -0.024838
v 0.065481 0.216153 -0.025226
v 0.064002 0.216392 -0.029284
v 0.064468 0.221503 -0.023986
v 0.071667 0.222954 -0.026401
v 0.063173 0.221242 -0.032582
v 0.075339 0.224011 -0.026270
v 0.071790 0.227310 -0.027120
v 0.076420 0.228844 -0.025175
v 0.075325 0.227909 -0.026922
v 0.065340 0.226699 -0.030855
v 0.072576 0.231267 -0.029335
v 0.075005 0.231854 -0.027217
v 0.074776 0.233169 -0.025228
v 0.074327 0.234726 -0.027515
v 0.073693 0.236167 -0.021164
v 0.074764 0.237279 -0.025653
v 0.075594 0.242159 -0.022528
v 0.076956 0.245618 -0.022554
v 0.077077 0.242031 -0.024464
v 0.076530 0.250555 -0.021901
v 0.078474 0.256101 -0.026270
v 0.078853 0.250874 -0.024040
v 0.078932 0.246041 -0.024415
v 0.081024 0.255678 -0.027397
v 0.081378 0.250762 -0.025832
v 0.078772 0.242757 -0.026162
v 0.080576 0.246752 -0.026454
v 0.077053 0.239298 -0.026920
v 0.079751 0.244593 -0.027967
v 0.075608 0.236706 -0.028653
v 0.078198 0.241710 -0.028166
v 0.076625 0.239160 -0.029263
v 0.074191 0.234167 -0.031360
v 0.074027 0.236247 -0.031534
v 0.073498 0.232952 -0.030749
v 0.073538 0.231795 -0.035849
v 0.070700 0.228540 -0.034916
v 0.072742 0.230365 -0.035522
v 0.070461 0.221629 -0.038123
v 0.073732 0.228390 -0.038530
v 0.068415 0.217383 -0.034619
v 0.073027 0.225141 -0.039127
v 0.074875 0.216326 -0.035689
v 0.071948 0.214630 -0.031337
v 0.077775 0.218737 -0.038800
v 0.074547 0.215847 -0.027186
v 0.077046 0.218100 -0.030895
v 0.075470 0.214550 -0.024709
v 0.075213 0.216556 -0.028537
v 0.077489 0.216437 -0.026616
v 0.076066 0.212936 -0.024706
v 0.079558 0.217889 -0.028846
v 0.078583 0.214172 -0.026354
v 0.077868 0.210559 -0.027269
v 0.078700 0.219308 -0.032851
v 0.080374 0.215256 -0.028768
v 0.081610 0.218605 -0.031910
v 0.081129 0.220584 -0.035828
v 0.079853 0.221862 -0.041054
v 0.083229 0.220221 -0.034243
v 0.075803 0.226974 -0.040574
v 0.084162 0.222369 -0.038417
v 0.080921 0.225456 -0.041937
v 0.077412 0.230061 -0.042413
v 0.074644 0.230726 -0.039176
v 0.074429 0.232619 -0.039658
v 0.083632 0.229435 -0.041635
v 0.073269 0.233593 -0.036212
v 0.079825 0.233324 -0.041897
v 0.072714 0.235619 -0.036554
v 0.074798 0.235414 -0.040624
v 0.072627 0.237881 -0.030705
v 0.081011 0.235278 -0.039667
v 0.075298 0.240858 -0.028159
v 0.085107 0.233305 -0.039542
v 0.076678 0.243611 -0.027217
v 0.071750 0.240485 -0.030641
v 0.078687 0.246457 -0.028289
v 0.073559 0.242739 -0.028392
v 0.074075 0.245835 -0.027473
v 0.071007 0.239255 -0.033874
v 0.075467 0.243424 -0.031263
v 0.072510 0.238377 -0.037136
v 0.074999 0.240887 -0.032898
v 0.074969 0.238425 -0.038912
v 0.074815 0.246497 -0.029965
v 0.077333 0.243192 -0.032777
v 0.077949 0.240621 -0.033652
v 0.079259 0.237411 -0.038604
v 0.079665 0.243381 -0.034690
v 0.080333 0.239220 -0.035510
v 0.084081 0.237646 -0.037309
v 0.084411 0.235393 -0.038384
v 0.084174 0.241018 -0.036719
v 0.087414 0.235874 -0.039164
v 0.087473 0.238516 -0.038904
v 0.089059 0.232399 -0.040235
v 0.091154 0.234990 -0.044365
v 0.087076 0.241627 -0.039145
v 0.089976 0.238335 -0.043689
v 0.086443 0.244358 -0.039601
v 0.088816 0.241324 -0.044953
v 0.090106 0.237438 -0.047723
v 0.088096 0.244504 -0.045771
v 0.083217 0.243932 -0.036989
v 0.085766 0.248178 -0.040344
v 0.082160 0.247787 -0.037364
v 0.078727 0.246743 -0.034937
v 0.078557 0.250671 -0.034070
v 0.076443 0.250610 -0.030765
v 0.082342 0.251166 -0.036982
v 0.076901 0.248776 -0.028048
v 0.079928 0.253552 -0.032994
v 0.079386 0.250035 -0.029244
v 0.080736 0.252098 -0.030630
v 0.082960 0.253637 -0.036486
v 0.082388 0.253931 -0.032657
v 0.082455 0.250557 -0.030746
v 0.080901 0.248711 -0.029656
v 0.081470 0.247804 -0.028495
v 0.083169 0.250225 -0.029548
v 0.082740 0.250356 -0.027574
v 0.083371 0.254806 -0.027982
v 0.085028 0.253536 -0.029529
v 0.085241 0.252214 -0.031325
v 0.084142 0.252524 -0.032345
v 0.084594 0.257109 -0.030201
v 0.087217 0.255656 -0.032303
v 0.087305 0.253532 -0.033647
v 0.084184 0.255230 -0.035591
v 0.085976 0.253672 -0.034776
v 0.086220 0.255902 -0.038732
v 0.089440 0.254512 -0.036390
v 0.088083 0.254300 -0.037496
v 0.085788 0.254182 -0.041114
v 0.089734 0.256443 -0.035696
v 0.085530 0.251671 -0.040900
v 0.088402 0.256087 -0.041932
v 0.089046 0.253922 -0.045658
v 0.087952 0.248007 -0.046428
v 0.088459 0.251642 -0.046487
v 0.091096 0.252364 -0.046742
v 0.091231 0.248849 -0.048498
v 0.090652 0.244598 -0.049165
v 0.090788 0.254724 -0.044393
v 0.093223 0.252167 -0.045099
v 0.092269 0.253856 -0.042615
v 0.090439 0.254429 -0.040291
v 0.091609 0.255176 -0.038972
v 0.093422 0.255349 -0.041804
v 0.094318 0.253472 -0.044733
v 0.091736 0.257239 -0.038888
v 0.094888 0.250470 -0.046961
v 0.093321 0.257253 -0.042373
v 0.093427 0.248955 -0.047119
v 0.094046 0.255713 -0.045512
v 0.093086 0.245671 -0.048182
v 0.094942 0.246806 -0.048238
v 0.093038 0.241764 -0.048509
v 0.094782 0.251803 -0.048552
v 0.095054 0.248317 -0.049733
v 0.095103 0.242288 -0.048886
v 0.095264 0.243704 -0.050903
v 0.092991 0.248991 -0.051363
v 0.093013 0.244455 -0.052489
v 0.092573 0.253480 -0.049391
v 0.089117 0.247841 -0.051172
v 0.091995 0.257118 -0.046328
v 0.089206 0.253089 -0.049541
v 0.091584 0.259050 -0.043034
v 0.088915 0.257339 -0.046462
v 0.090926 0.259582 -0.040353
v 0.088635 0.259557 -0.043499
v 0.090048 0.259237 -0.037679
v 0.088368 0.260524 -0.040816
v 0.085823 0.256677 -0.045325
v 0.085839 0.258933 -0.042964
v 0.085898 0.252585 -0.047540
v 0.083383 0.257093 -0.042285
v 0.082901 0.251666 -0.044356
v 0.085798 0.247658 -0.048044
v 0.085734 0.260049 -0.040879
v 0.083628 0.259300 -0.039517
v 0.085927 0.260685 -0.038647
v 0.087948 0.260616 -0.037982
v 0.085331 0.260385 -0.035781
v 0.087301 0.259823 -0.035094
v 0.088940 0.258465 -0.035373
v 0.085883 0.258507 -0.032271
v 0.084672 0.259280 -0.032748
v 0.082725 0.258619 -0.031969
v 0.083560 0.259924 -0.036381
v 0.081087 0.258286 -0.031953
v 0.081796 0.258972 -0.036546
v 0.079492 0.258237 -0.032591
v 0.081182 0.256333 -0.040154
v 0.079453 0.257509 -0.037754
v 0.079876 0.259477 -0.040352
v 0.078878 0.255432 -0.040369
v 0.078788 0.254502 -0.043976
v 0.079532 0.250666 -0.041757
v 0.078120 0.251534 -0.044473
v 0.077632 0.248028 -0.051704
v 0.082861 0.247008 -0.043955
v 0.077175 0.245214 -0.046522
v 0.078562 0.244072 -0.041234
v 0.085931 0.242247 -0.047960
v 0.083221 0.241788 -0.042372
v 0.079811 0.235866 -0.043826
v 0.085040 0.234601 -0.045593
v 0.089185 0.242172 -0.052084
v 0.087926 0.233931 -0.049973
v 0.093135 0.239411 -0.052846
v 0.095341 0.238920 -0.051028
v 0.092418 0.234494 -0.052424
v 0.095295 0.238484 -0.048803
v 0.094931 0.234189 -0.050774
v 0.094019 0.229071 -0.050247
v 0.095236 0.234289 -0.048612
v 0.093252 0.237993 -0.048210
v 0.091375 0.229296 -0.051437
v 0.094815 0.228990 -0.048087
v 0.093356 0.223979 -0.048715
v 0.090076 0.224188 -0.049459
v 0.087955 0.227129 -0.048085
v 0.091726 0.218435 -0.046305
v 0.084753 0.227675 -0.045048
v 0.085880 0.220002 -0.045271
v 0.078500 0.228595 -0.045725
v 0.082723 0.220990 -0.043821
v 0.088759 0.218678 -0.047243
v 0.080516 0.215218 -0.041258
v 0.083229 0.213583 -0.042610
v 0.077059 0.222191 -0.044358
v 0.075878 0.237330 -0.049202
v 0.074608 0.225509 -0.049368
v 0.075704 0.238259 -0.054285
v 0.074171 0.225470 -0.052985
v 0.075229 0.244762 -0.072376
v 0.069985 0.223689 -0.063585
v 0.063103 0.243658 -0.090869
v 0.056795 0.220812 -0.082947
v 0.043808 0.220812 -0.097515
v 0.034518 0.243658 -0.118501
v 0.029813 0.220812 -0.107327
v 0.039505 0.204141 -0.090977
v 0.013721 0.220812 -0.113456
v -0.000733 0.220812 -0.114832
v 0.027055 0.204141 -0.098733
v 0.012571 0.204141 -0.103789
v -0.000762 0.204141 -0.104966
v 0.051711 0.204141 -0.077832
v 0.035518 0.187421 -0.087429
v 0.024697 0.187421 -0.093682
v 0.011169 0.187421 -0.098034
v -0.000535 0.187421 -0.099194
v -0.000417 0.170648 -0.097477
v 0.023708 0.170648 -0.091859
v 0.011097 0.170648 -0.096155
v 0.010494 0.150973 -0.095958
v -0.000321 0.150973 -0.097196
v -0.000105 0.132219 -0.099052
v 0.021990 0.150973 -0.092526
v 0.012626 0.132219 -0.097579
v 0.000168 0.110838 -0.108424
v 0.033526 0.150973 -0.086431
v 0.017907 0.110574 -0.106645
v 0.000374 0.091839 -0.120114
v 0.025568 0.132219 -0.094215
v 0.024074 0.092261 -0.118893
v 0.000661 0.072846 -0.132037
v 0.035331 0.111299 -0.102232
v 0.030165 0.074702 -0.130806
v 0.000962 0.048066 -0.143963
v 0.046331 0.095792 -0.113980
v 0.037602 0.132219 -0.088649
v 0.038190 0.052331 -0.144330
v 0.001128 0.031652 -0.150272
v 0.043342 0.037403 -0.151666
v 0.057377 0.079720 -0.124899
v 0.073179 0.060858 -0.137916
v 0.081548 0.048623 -0.146331
v 0.059210 0.098681 -0.107704
v 0.090607 0.067261 -0.126722
v 0.102642 0.057938 -0.133635
v 0.072424 0.083790 -0.116121
v 0.102978 0.073671 -0.112039
v 0.115767 0.066128 -0.117654
v 0.082308 0.088118 -0.105060
v 0.067764 0.101164 -0.098577
v 0.112730 0.078850 -0.096543
v 0.125137 0.072641 -0.100932
v 0.088457 0.092544 -0.091384
v 0.071350 0.103380 -0.088100
v 0.115812 0.081969 -0.081509
v 0.131860 0.076076 -0.084855
v 0.104638 0.086932 -0.081615
v 0.116773 0.079492 -0.066311
v 0.134135 0.074247 -0.063275
v 0.125583 0.066412 -0.046488
v 0.102508 0.085898 -0.067441
v 0.110233 0.072700 -0.051669
v 0.115407 0.055678 -0.029860
v 0.087196 0.095572 -0.079849
v 0.103502 0.063556 -0.035945
v 0.100298 0.039103 -0.008563
v 0.097347 0.079733 -0.054360
v 0.082032 0.096076 -0.069504
v 0.073533 0.103757 -0.078702
v 0.078823 0.091901 -0.058657
v 0.070859 0.102988 -0.068699
v 0.059265 0.114012 -0.082449
v 0.060886 0.115032 -0.073549
v 0.054813 0.113111 -0.090367
v 0.046919 0.112503 -0.097158
v 0.044692 0.132219 -0.082721
v 0.041025 0.150973 -0.080273
v 0.049895 0.132134 -0.076224
v 0.033864 0.170648 -0.086172
v 0.042534 0.170648 -0.078323
v 0.047006 0.150973 -0.073587
v 0.047212 0.187421 -0.076389
v 0.048759 0.170433 -0.070821
v 0.054251 0.131548 -0.067829
v 0.052966 0.150040 -0.064575
v 0.055788 0.190110 -0.065042
v 0.061609 0.114015 -0.064945
v 0.064436 0.206261 -0.059004
v 0.055390 0.168755 -0.060169
v 0.069771 0.212414 -0.049414
v 0.071376 0.215349 -0.045138
v 0.065781 0.203264 -0.042740
v 0.075160 0.216740 -0.041433
v 0.068854 0.212547 -0.038571
v 0.062384 0.193038 -0.051903
v 0.077035 0.210415 -0.036789
v 0.073281 0.213233 -0.037264
v 0.067935 0.211236 -0.031664
v 0.074296 0.208328 -0.033079
v 0.065503 0.205399 -0.037238
v 0.063585 0.195967 -0.037537
v 0.066349 0.206540 -0.028913
v 0.064091 0.201789 -0.033541
v 0.071193 0.204312 -0.029997
v 0.066622 0.201938 -0.027947
v 0.064554 0.197451 -0.028291
v 0.076107 0.206210 -0.033194
v 0.070352 0.200722 -0.029201
v 0.079322 0.208261 -0.037260
v 0.073702 0.202027 -0.030296
v 0.079248 0.204616 -0.033078
v 0.077083 0.200905 -0.029576
v 0.072952 0.198791 -0.028271
v 0.069183 0.198203 -0.027387
v 0.065936 0.198788 -0.026709
v 0.071050 0.197714 -0.025944
v 0.068103 0.197781 -0.024834
v 0.065538 0.195433 -0.024017
v 0.074478 0.198937 -0.025536
v 0.070752 0.198209 -0.024135
v 0.076744 0.199778 -0.027419
v 0.080244 0.202332 -0.028413
v 0.078839 0.201846 -0.026317
v 0.082444 0.205117 -0.032183
v 0.081588 0.205508 -0.028118
v 0.076769 0.201666 -0.024602
v 0.082194 0.207166 -0.036920
v 0.086180 0.212408 -0.043092
v 0.084640 0.208062 -0.035982
v 0.088595 0.212789 -0.041856
v 0.083776 0.207503 -0.031548
v 0.085635 0.209932 -0.035263
v 0.092514 0.219320 -0.044300
v 0.089275 0.214192 -0.040420
v 0.083278 0.210131 -0.031821
v 0.085384 0.211950 -0.035072
v 0.088645 0.215860 -0.039784
v 0.084372 0.213762 -0.035481
v 0.081116 0.208843 -0.029411
v 0.091567 0.220522 -0.043356
v 0.079363 0.208039 -0.027462
v 0.087295 0.217423 -0.040075
v 0.093947 0.224261 -0.046409
v 0.092835 0.225154 -0.045384
v 0.090197 0.221590 -0.043196
v 0.093608 0.229342 -0.046792
v 0.091072 0.225807 -0.044926
v 0.093435 0.234247 -0.047778
v 0.091534 0.229374 -0.046200
v 0.091451 0.237411 -0.048796
v 0.091609 0.233562 -0.047774
v 0.090564 0.240694 -0.049005
v 0.091632 0.231110 -0.042875
v 0.091340 0.227315 -0.041334
v 0.089308 0.228153 -0.040078
v 0.090485 0.223552 -0.040160
v 0.088741 0.224913 -0.038978
v 0.086112 0.225204 -0.039964
v 0.086446 0.222218 -0.036930
v 0.087662 0.219987 -0.037763
v 0.083350 0.216997 -0.035252
v 0.081654 0.216236 -0.032123
v 0.081639 0.213035 -0.032659
v 0.079918 0.211860 -0.030210
v 0.077504 0.207455 -0.025596
v 0.079568 0.204788 -0.026061
v 0.077453 0.204251 -0.024568
v 0.073274 0.199696 -0.023705
v 0.070525 0.199383 -0.022942
v 0.067981 0.199057 -0.022991
v 0.063018 0.184368 -0.023933
v 0.063676 0.192420 -0.028270
v 0.065414 0.186015 -0.010559
v 0.060912 0.180873 -0.042774
v 0.059143 0.173689 -0.032812
v 0.060517 0.186024 -0.053320
v 0.058853 0.165908 -0.047846
v 0.057938 0.162103 -0.037003
v 0.056938 0.148161 -0.054656
v 0.058421 0.144854 -0.045116
v 0.057185 0.129422 -0.059784
v 0.059037 0.126562 -0.050225
v 0.061324 0.111666 -0.055492
v 0.054356 0.157558 -0.027273
v 0.056399 0.140091 -0.034487
v 0.057947 0.122947 -0.040108
v 0.068563 0.099948 -0.058900
v 0.060333 0.107973 -0.045138
v 0.074249 0.085746 -0.048498
v 0.065767 0.095292 -0.048310
v 0.048996 0.116358 -0.024450
v 0.053653 0.100278 -0.029398
v 0.058157 0.086269 -0.032093
v 0.090355 0.070720 -0.042555
v 0.063695 0.073575 -0.032596
v 0.088869 0.049961 -0.013389
v 0.080882 0.021010 0.011606
v 0.076545 0.058836 -0.023426
v 0.069435 0.038215 0.003580
v 0.042761 0.001890 0.027095
v 0.057501 0.050454 -0.007161
v 0.035525 0.026864 0.016278
v -0.001233 0.019395 0.015696
v -0.001730 -0.003888 0.029604
v 0.029965 0.044926 0.003454
v -0.038467 0.027127 0.016577
v -0.047098 0.003646 0.026724
v -0.001071 0.040299 0.002745
v -0.031115 0.045461 0.004326
v -0.071493 0.037367 0.003830
v -0.084102 0.020627 0.010548
v -0.057609 0.051274 -0.005665
v -0.092825 0.048713 -0.014784
v -0.105578 0.038009 -0.011527
v -0.077836 0.058986 -0.022741
v -0.107482 0.062542 -0.038691
v -0.121996 0.055584 -0.033182
v -0.059869 0.073208 -0.031135
v -0.114665 0.069930 -0.053574
v -0.130889 0.064973 -0.048309
v -0.091340 0.069096 -0.044633
v -0.118804 0.075617 -0.066379
v -0.135285 0.071589 -0.065207
v -0.097983 0.076125 -0.056436
v -0.102752 0.081220 -0.067152
v -0.118767 0.079695 -0.079000
v -0.134446 0.075463 -0.083492
v -0.105942 0.084115 -0.078381
v -0.115693 0.079729 -0.096088
v -0.130744 0.074070 -0.101160
v -0.122274 0.069283 -0.116352
v -0.087140 0.092222 -0.077406
v -0.109100 0.076429 -0.109797
v -0.108091 0.060147 -0.133989
v -0.087569 0.092497 -0.088054
v -0.096144 0.069420 -0.125742
v -0.083426 0.091220 -0.100354
v -0.075065 0.087885 -0.112323
v -0.066913 0.103119 -0.093362
v -0.060536 0.101938 -0.103371
v -0.069126 0.103363 -0.083068
v -0.048230 0.114861 -0.095108
v -0.054328 0.114797 -0.087792
v -0.039547 0.132218 -0.087566
v -0.045624 0.132214 -0.081061
v -0.057601 0.114725 -0.079442
v -0.071992 0.100264 -0.074439
v -0.044188 0.150973 -0.077809
v -0.050623 0.132081 -0.074358
v -0.046163 0.170648 -0.073985
v -0.049614 0.150973 -0.070295
v -0.058649 0.114355 -0.070002
v -0.054055 0.131668 -0.065552
v -0.052013 0.170728 -0.065328
v -0.054687 0.150859 -0.060826
v -0.055692 0.186936 -0.062070
v -0.057272 0.169842 -0.054347
v -0.062909 0.195799 -0.048443
v -0.060598 0.186830 -0.049818
v -0.057540 0.148599 -0.050703
v -0.058357 0.165837 -0.043507
v -0.060589 0.184075 -0.038186
v -0.063826 0.201181 -0.037443
v -0.064631 0.205578 -0.035504
v -0.062782 0.193145 -0.028028
v -0.067909 0.209187 -0.031680
v -0.063426 0.198140 -0.029052
v -0.064163 0.201269 -0.027919
v -0.064681 0.197412 -0.025766
v -0.066943 0.200248 -0.027996
v -0.073810 0.205451 -0.032319
v -0.070053 0.200108 -0.029032
v -0.066448 0.197482 -0.025429
v -0.077412 0.203676 -0.032161
v -0.067671 0.197486 -0.025116
v -0.080318 0.207525 -0.037298
v -0.073779 0.199267 -0.028328
v -0.082866 0.207658 -0.036271
v -0.080616 0.204187 -0.031550
v -0.077852 0.201155 -0.027796
v -0.082042 0.206123 -0.030500
v -0.085984 0.211567 -0.037922
v -0.084188 0.209140 -0.035106
v -0.085331 0.213039 -0.036819
v -0.083918 0.210954 -0.034093
v -0.081605 0.208658 -0.030211
v -0.087324 0.216454 -0.040056
v -0.082574 0.212525 -0.033910
v -0.083991 0.214455 -0.036706
v -0.085818 0.217505 -0.039834
v -0.080136 0.210353 -0.030640
v -0.080778 0.214949 -0.033264
v -0.077822 0.208690 -0.027759
v -0.082476 0.216762 -0.035477
v -0.078934 0.212866 -0.030092
v -0.080639 0.217230 -0.031531
v -0.076028 0.210898 -0.026373
v -0.078856 0.206739 -0.026902
v -0.076108 0.208070 -0.025644
v -0.078722 0.203553 -0.026210
v -0.076050 0.205881 -0.024659
v -0.075188 0.200060 -0.025343
v -0.074970 0.202889 -0.023852
v -0.071257 0.197898 -0.026544
v -0.072770 0.200055 -0.023653
v -0.068431 0.198114 -0.027293
v -0.069857 0.197838 -0.024663
v -0.071521 0.201044 -0.022768
v -0.069008 0.198667 -0.023237
v -0.067584 0.198487 -0.023243
v -0.071843 0.205341 -0.022888
v -0.066593 0.198416 -0.023119
v -0.067119 0.200946 -0.021757
v -0.068815 0.201852 -0.022008
v -0.070376 0.203867 -0.022367
v -0.067294 0.204494 -0.020689
v -0.068285 0.206201 -0.021455
v -0.066348 0.202395 -0.019804
v -0.067424 0.207098 -0.015430
v -0.069114 0.208068 -0.022100
v -0.066141 0.199322 -0.017346
v -0.065129 0.196266 -0.022010
v -0.065648 0.192945 -0.013167
v -0.063283 0.185571 -0.020348
v -0.058609 0.175420 -0.027404
v -0.066372 0.198959 -0.008515
v -0.055988 0.161130 -0.032678
v -0.056864 0.168901 -0.018442
v -0.057080 0.144917 -0.039721
v -0.052096 0.157881 -0.023091
v -0.053472 0.141130 -0.029573
v -0.058096 0.126924 -0.045952
v -0.056939 0.129720 -0.056377
v -0.059079 0.112987 -0.061496
v -0.059197 0.111107 -0.051665
v -0.066585 0.100366 -0.065008
v -0.064217 0.098144 -0.055568
v -0.057900 0.107820 -0.041276
v -0.079099 0.092439 -0.067004
v -0.074593 0.088856 -0.057570
v -0.061582 0.094362 -0.045098
v -0.069915 0.083479 -0.047756
v -0.054106 0.086212 -0.029496
v -0.050507 0.100920 -0.026426
v -0.055526 0.123250 -0.035498
v -0.046553 0.116938 -0.022093
v -0.043760 0.132284 -0.017190
v -0.046108 0.143819 -0.016757
v -0.046964 0.153001 -0.013278
v -0.037057 0.143613 -0.002690
v -0.029915 0.126133 -0.006180
v -0.028286 0.132356 -0.001213
v -0.042178 0.150492 -0.003812
v -0.033643 0.110168 -0.011861
v -0.031484 0.142586 0.008859
v -0.037769 0.093411 -0.014585
v -0.017257 0.118538 0.001853
v -0.040438 0.077865 -0.016974
v -0.018868 0.102451 -0.002731
v -0.020404 0.087582 -0.005851
v -0.044674 0.064072 -0.017445
v -0.022935 0.072108 -0.007454
v -0.025469 0.060194 -0.006974
v -0.001210 0.056155 -0.006778
v -0.001146 0.084708 -0.001174
v 0.025122 0.058876 -0.008388
v -0.001295 0.069841 -0.005952
v 0.022952 0.071028 -0.009232
v 0.047454 0.063630 -0.018621
v 0.043273 0.077415 -0.019031
v 0.020424 0.086471 -0.007098
v 0.039955 0.092464 -0.016873
v -0.001331 0.098463 0.003344
v 0.018205 0.101639 -0.002348
v 0.034990 0.109012 -0.013190
v -0.001439 0.113245 0.006333
v 0.016182 0.117260 0.002824
v 0.031557 0.124813 -0.007446
v -0.014199 0.130377 0.011966
v 0.013567 0.129457 0.011658
v -0.001159 0.125207 0.011104
v -0.026182 0.136489 0.007928
v -0.000770 0.131027 0.021411
v -0.030215 0.142639 0.018911
v -0.024354 0.138236 0.019401
v -0.012647 0.133048 0.023403
v -0.022471 0.137428 0.030354
v -0.010956 0.132564 0.032462
v 0.012653 0.132603 0.021355
v -0.000068 0.131305 0.032239
v 0.011662 0.132435 0.031638
v -0.009837 0.131941 0.043475
v 0.023003 0.137070 0.025980
v 0.011483 0.132154 0.041787
v 0.000481 0.131010 0.042661
v 0.024608 0.136511 0.013787
v 0.021680 0.136025 0.037522
v 0.027299 0.134679 0.004255
v 0.031188 0.141586 0.011013
v 0.029535 0.130810 -0.002566
v 0.033901 0.140649 0.000775
v 0.029019 0.140725 0.023639
v 0.037018 0.137499 -0.007154
v 0.046892 0.131513 -0.020118
v 0.043970 0.148653 -0.009079
v 0.049860 0.152387 -0.018602
v 0.039466 0.147850 0.001015
v 0.056974 0.167993 -0.023383
v 0.054173 0.163084 -0.013948
v 0.062756 0.177771 -0.016497
v 0.061286 0.171803 -0.008296
v 0.050194 0.158215 -0.003511
v 0.064096 0.180932 -0.003768
v 0.058308 0.167007 0.001022
v 0.065272 0.189620 0.000649
v 0.061798 0.176527 0.004926
v 0.063425 0.185457 0.008111
v 0.064254 0.195365 0.012216
v 0.058747 0.173713 0.012524
v 0.060850 0.183368 0.015538
v 0.061571 0.192884 0.019567
v 0.054795 0.163865 0.009277
v 0.055039 0.171613 0.020335
v 0.047437 0.155611 0.005638
v 0.051259 0.161791 0.017696
v 0.044659 0.153445 0.014977
v 0.036838 0.146976 0.011689
v 0.034894 0.145531 0.023722
v 0.042049 0.152522 0.024435
v 0.027164 0.139720 0.034798
v 0.032779 0.144722 0.033969
v 0.047669 0.160587 0.025629
v 0.038761 0.151702 0.033115
v 0.043405 0.160009 0.033238
v 0.050800 0.170239 0.027351
v 0.056703 0.181314 0.022947
v 0.045737 0.168819 0.034380
v 0.057245 0.190798 0.026465
v 0.051681 0.179342 0.029832
v 0.061727 0.201218 0.022285
v 0.046740 0.177045 0.036254
v 0.061990 0.207949 0.024701
v 0.057377 0.198840 0.029313
v 0.052637 0.188703 0.032685
v 0.062855 0.215255 0.029033
v 0.057341 0.205331 0.032482
v 0.052807 0.196663 0.035752
v 0.047558 0.186192 0.038693
v 0.052877 0.203625 0.038814
v 0.047416 0.194315 0.042141
v 0.058507 0.212114 0.035717
v 0.062339 0.223028 0.034306
v 0.053945 0.210465 0.041591
v 0.059260 0.230663 0.038812
v 0.056266 0.218466 0.042057
v 0.054141 0.226296 0.044706
v 0.055407 0.235001 0.040931
v 0.050933 0.231761 0.045696
v 0.051526 0.238654 0.042347
v 0.048167 0.235580 0.045762
v 0.046600 0.239336 0.045955
v 0.045427 0.242724 0.046172
v 0.045741 0.229449 0.049166
v 0.044741 0.245070 0.046904
v 0.047049 0.223671 0.049309
v 0.044256 0.247129 0.047530
v 0.048035 0.217385 0.048647
v 0.042237 0.245957 0.049777
v 0.047927 0.210581 0.047489
v 0.042618 0.243733 0.049083
v 0.042056 0.246543 0.049617
v 0.042961 0.241230 0.048158
v 0.040428 0.245254 0.051079
v 0.043408 0.237627 0.048196
v 0.040646 0.242957 0.050435
v 0.040794 0.240312 0.049465
v 0.044355 0.233652 0.048485
v 0.040829 0.236979 0.049495
v 0.038262 0.242532 0.051767
v 0.038260 0.239955 0.050675
v 0.041075 0.233230 0.049817
v 0.038100 0.244612 0.052330
v 0.041624 0.228938 0.050515
v 0.040263 0.245706 0.051051
v 0.041995 0.223952 0.050830
v 0.039984 0.246352 0.050491
v 0.042300 0.218612 0.051152
v 0.037931 0.245104 0.052279
v 0.041853 0.213327 0.051230
v 0.035430 0.244466 0.053324
v 0.039782 0.207112 0.051439
v 0.035297 0.242512 0.052919
v 0.045720 0.202215 0.046479
v 0.034966 0.240034 0.051761
v 0.040497 0.197346 0.049760
v 0.037788 0.236666 0.050656
v 0.042283 0.190979 0.046997
v 0.036552 0.202522 0.052826
v 0.042507 0.183405 0.044987
v 0.036730 0.194131 0.052119
v 0.042058 0.174974 0.042806
v 0.038428 0.187820 0.050352
v 0.039052 0.181072 0.049060
v 0.033508 0.198573 0.054285
v 0.033513 0.189950 0.054330
v 0.030532 0.194361 0.055992
v 0.035545 0.184593 0.052944
v 0.029378 0.202574 0.056073
v 0.031293 0.185970 0.056478
v 0.032208 0.206774 0.055041
v 0.026948 0.198828 0.057293
v 0.035064 0.211001 0.053761
v 0.028677 0.189958 0.057910
v 0.036778 0.215921 0.053055
v 0.027453 0.210865 0.056483
v 0.037516 0.220194 0.052382
v 0.029869 0.215192 0.055448
v 0.031522 0.218691 0.054408
v 0.037899 0.224733 0.051713
v 0.032634 0.222232 0.053336
v 0.037957 0.229382 0.051253
v 0.033198 0.225946 0.052423
v 0.037808 0.233195 0.050803
v 0.033869 0.230277 0.051807
v 0.034199 0.233863 0.051579
v 0.034501 0.236975 0.051503
v 0.030087 0.231535 0.052250
v 0.030758 0.234886 0.052224
v 0.031264 0.237711 0.052139
v 0.028928 0.227471 0.052966
v 0.024068 0.233720 0.052845
v 0.028449 0.224175 0.054128
v 0.023055 0.230583 0.054443
v 0.022273 0.227448 0.055901
v 0.027464 0.221092 0.055393
v 0.021414 0.224831 0.057327
v 0.026026 0.217937 0.056527
v 0.020286 0.221871 0.058609
v 0.023782 0.213943 0.057357
v 0.018526 0.218194 0.059399
v 0.015925 0.224906 0.062338
v 0.015416 0.221237 0.063422
v 0.016678 0.227879 0.060725
v 0.013436 0.222445 0.066508
v 0.017350 0.230895 0.058753
v 0.013619 0.226609 0.065319
v 0.014233 0.230050 0.063645
v 0.018010 0.234142 0.056517
v 0.014515 0.233426 0.061465
v 0.011760 0.227968 0.068036
v 0.018757 0.236682 0.054233
v 0.012302 0.231895 0.066182
v 0.014570 0.237228 0.058455
v 0.012363 0.235448 0.063797
v 0.011649 0.223163 0.069471
v 0.011392 0.240177 0.059973
v 0.010345 0.223722 0.072275
v 0.012862 0.219795 0.069329
v 0.014158 0.219037 0.067201
v 0.013001 0.217530 0.073048
v 0.015651 0.217769 0.064738
v 0.014493 0.217564 0.069041
v 0.014434 0.219777 0.065854
v 0.016178 0.216459 0.065729
v 0.017092 0.214896 0.062109
v 0.017356 0.214074 0.063443
v 0.016431 0.215691 0.066979
v 0.017646 0.213544 0.065276
v 0.017162 0.214101 0.068384
v 0.017608 0.213445 0.066663
v 0.015702 0.215341 0.070953
v 0.017851 0.211334 0.069227
v 0.018230 0.210830 0.066552
v 0.018155 0.210124 0.064179
v 0.017769 0.209767 0.061927
v 0.018199 0.208791 0.066339
v 0.017483 0.209520 0.059561
v 0.017879 0.208138 0.064183
v 0.017249 0.207791 0.061850
v 0.019598 0.209806 0.057776
v 0.016991 0.207247 0.059673
v 0.016423 0.206005 0.062278
v 0.015936 0.205338 0.060479
v 0.018548 0.204919 0.059239
v 0.024519 0.206588 0.057188
v 0.022622 0.202643 0.058450
v 0.017219 0.202255 0.061048
v 0.020897 0.199247 0.060592
v 0.024509 0.194035 0.059947
v 0.015482 0.200365 0.063088
v 0.018876 0.196213 0.062962
v 0.014776 0.203866 0.061661
v 0.015209 0.204272 0.063145
v 0.012880 0.202270 0.063827
v 0.017210 0.206239 0.064689
v 0.014047 0.203232 0.064281
v 0.016148 0.204743 0.065476
v 0.017464 0.206655 0.067159
v 0.014425 0.203598 0.066286
v 0.017693 0.209170 0.069635
v 0.015983 0.205215 0.067993
v 0.016789 0.207357 0.070279
v 0.016292 0.210736 0.073268
v 0.015561 0.209114 0.073670
v 0.015129 0.206435 0.070601
v 0.016472 0.212520 0.072546
v 0.014281 0.213920 0.075742
v 0.014234 0.211987 0.076663
v 0.010690 0.219308 0.075833
v 0.012280 0.215092 0.078900
v 0.008875 0.220611 0.079357
v 0.012173 0.212614 0.080308
v 0.010281 0.215768 0.082628
v 0.006855 0.221623 0.083244
v 0.013731 0.210206 0.077302
v 0.010221 0.212479 0.084238
v 0.011584 0.210395 0.081131
v 0.007956 0.215953 0.086667
v 0.009606 0.209801 0.084592
v 0.008053 0.212019 0.088066
v 0.004129 0.215946 0.089654
v 0.010742 0.208041 0.080870
v 0.007465 0.208867 0.087939
v 0.012573 0.208478 0.077305
v 0.004094 0.211940 0.090581
v 0.014123 0.207957 0.073794
v 0.012902 0.207958 0.073438
v 0.013715 0.206697 0.070338
v 0.013998 0.204927 0.068756
v 0.012909 0.206563 0.069433
v 0.012406 0.203741 0.067979
v 0.012997 0.207674 0.070533
v 0.011619 0.205491 0.068396
v 0.012431 0.208460 0.069261
v 0.012750 0.202625 0.065828
v 0.009852 0.203843 0.069084
v 0.010401 0.202231 0.068181
v 0.011052 0.201064 0.066126
v 0.009025 0.205657 0.068269
v 0.012629 0.199325 0.065674
v 0.010410 0.208444 0.065822
v 0.015081 0.195869 0.065539
v 0.009590 0.211175 0.067391
v 0.006137 0.207700 0.070540
v 0.012514 0.208485 0.070455
v 0.007011 0.205566 0.071332
v 0.012144 0.208515 0.072940
v 0.011617 0.209628 0.071943
v 0.007017 0.213239 0.071170
v 0.009957 0.209715 0.074891
v 0.010505 0.208524 0.075656
v 0.004224 0.208723 0.073023
v 0.004569 0.213016 0.074129
v 0.008098 0.209133 0.077672
v 0.011448 0.207938 0.076670
v 0.008969 0.207626 0.078472
v 0.009976 0.207244 0.079678
v 0.003928 0.211517 0.078190
v 0.008202 0.205874 0.082480
v 0.002546 0.208717 0.077328
v 0.006056 0.207672 0.080239
v 0.006964 0.206145 0.080999
v 0.003118 0.207671 0.079572
v 0.004650 0.205843 0.080856
v 0.005293 0.204178 0.081303
v 0.003818 0.205342 0.079457
v 0.003910 0.205542 0.076911
v 0.004401 0.203527 0.079137
v 0.005544 0.205024 0.073934
v 0.004725 0.203223 0.076630
v 0.007248 0.203134 0.071381
v 0.005524 0.203027 0.074068
v 0.008716 0.201159 0.069248
v 0.006509 0.200882 0.071239
v 0.009989 0.199167 0.068325
v 0.007462 0.199218 0.070467
v 0.011885 0.195793 0.067950
v 0.008730 0.196074 0.070113
v 0.004874 0.199169 0.071890
v 0.005641 0.195760 0.071561
v 0.009773 0.193092 0.070162
v 0.003974 0.200607 0.073165
v 0.006461 0.192811 0.071586
v 0.003902 0.201345 0.074897
v 0.002864 0.198978 0.072701
v 0.003851 0.201635 0.077092
v 0.002079 0.200000 0.074110
v 0.002104 0.200539 0.075619
v 0.004057 0.201987 0.079664
v 0.002144 0.200846 0.077614
v 0.000471 0.199796 0.074344
v 0.004598 0.202523 0.082267
v 0.000503 0.200380 0.075761
v 0.002241 0.201261 0.080179
v 0.000496 0.200750 0.077553
v 0.007066 0.204760 0.083397
v 0.000436 0.201313 0.080235
v 0.008498 0.206651 0.084175
v 0.005462 0.203652 0.084789
v 0.006305 0.205662 0.086737
v 0.002409 0.201880 0.082968
v 0.002747 0.203187 0.085726
v 0.003721 0.208427 0.090006
v 0.003154 0.205159 0.088148
v 0.000486 0.203289 0.085882
v 0.000747 0.212073 0.090888
v 0.000407 0.202021 0.083079
v 0.000563 0.205261 0.088317
v -0.001574 0.201931 0.083024
v 0.000625 0.208637 0.090234
v -0.001746 0.203264 0.085890
v -0.001949 0.205271 0.088357
v -0.002133 0.208588 0.090181
v -0.005180 0.205866 0.087176
v -0.004570 0.203840 0.085034
v -0.002234 0.212043 0.090729
v -0.005791 0.209070 0.088712
v -0.008116 0.209907 0.085727
v -0.006023 0.212140 0.089018
v -0.002086 0.215925 0.089945
v -0.005552 0.216077 0.088071
v -0.008438 0.212534 0.085749
v -0.007322 0.206761 0.084690
v -0.009903 0.210304 0.082375
v -0.008236 0.215879 0.084732
v -0.010262 0.212934 0.082111
v -0.004682 0.222014 0.084624
v -0.010198 0.215343 0.081002
v -0.001685 0.222106 0.086439
v -0.007077 0.221383 0.081236
v -0.004665 0.226896 0.080815
v 0.000818 0.216006 0.090193
v 0.003927 0.222072 0.085985
v 0.001059 0.222155 0.086757
v 0.003835 0.227064 0.082530
v -0.001589 0.227164 0.083181
v -0.006980 0.225932 0.077316
v -0.008573 0.229024 0.072498
v -0.008710 0.223721 0.074081
v -0.010098 0.227950 0.069241
v -0.010040 0.223904 0.070497
v -0.008936 0.219759 0.077776
v -0.012694 0.230115 0.064402
v -0.012160 0.226530 0.066052
v -0.015318 0.231156 0.060006
v -0.014873 0.227963 0.061757
v -0.020283 0.231280 0.055262
v -0.019410 0.227966 0.056973
v -0.024976 0.228441 0.053746
v -0.024152 0.224900 0.055337
v -0.018599 0.224816 0.058505
v -0.023228 0.221462 0.056724
v -0.014293 0.224625 0.063273
v -0.017645 0.221563 0.059560
v -0.021968 0.217816 0.057621
v -0.012024 0.222956 0.067055
v -0.013990 0.221230 0.064170
v -0.016366 0.217509 0.060134
v -0.020317 0.213574 0.057885
v -0.024026 0.210323 0.057071
v -0.017846 0.209785 0.058093
v -0.028225 0.206446 0.056111
v -0.021943 0.206347 0.057507
v -0.032763 0.202133 0.054285
v -0.025894 0.202410 0.056904
v -0.036119 0.197117 0.052087
v -0.030045 0.198056 0.055465
v -0.020123 0.202783 0.059119
v -0.043153 0.194588 0.045930
v -0.023875 0.198392 0.058626
v -0.043985 0.186144 0.042419
v -0.038749 0.191464 0.049594
v -0.033206 0.193939 0.053790
v -0.027543 0.194456 0.057238
v -0.047949 0.180632 0.034369
v -0.039860 0.184625 0.047255
v -0.052532 0.182409 0.028794
v -0.043845 0.179059 0.040172
v -0.047241 0.172698 0.032150
v -0.057116 0.184353 0.022352
v -0.042540 0.171269 0.038739
v -0.051772 0.174280 0.026070
v -0.040035 0.177641 0.045606
v -0.040653 0.162619 0.037497
v -0.038767 0.169983 0.044503
v -0.036664 0.182652 0.050796
v -0.045700 0.163341 0.030342
v -0.035318 0.188914 0.052365
v -0.037068 0.176327 0.049285
v -0.030534 0.190794 0.055853
v -0.032738 0.186146 0.054641
v -0.034164 0.180854 0.053100
v -0.025301 0.190495 0.059503
v -0.028045 0.187121 0.057939
v -0.030131 0.183125 0.056499
v -0.021946 0.194201 0.060960
v -0.024285 0.186669 0.060609
v -0.018523 0.199527 0.061231
v -0.020806 0.189932 0.062714
v -0.016469 0.196352 0.063721
v -0.026373 0.184043 0.059065
v -0.017068 0.191726 0.064934
v -0.028081 0.180797 0.057249
v -0.020171 0.185267 0.063451
v -0.023097 0.183286 0.061166
v -0.024571 0.181187 0.059480
v -0.031255 0.179184 0.055119
v -0.025638 0.179048 0.057177
v -0.034369 0.175359 0.051953
v -0.028870 0.177420 0.055344
v -0.030937 0.174960 0.053694
v -0.035808 0.169743 0.048452
v -0.032584 0.169995 0.051155
v -0.032644 0.163355 0.048439
v -0.036094 0.162583 0.044036
v -0.029287 0.164932 0.052355
v -0.028847 0.156424 0.050340
v -0.029350 0.171147 0.053469
v -0.028071 0.175000 0.054260
v -0.026362 0.167608 0.055270
v -0.026331 0.177342 0.054361
v -0.026620 0.172325 0.054812
v -0.026045 0.175631 0.054117
v -0.023928 0.169581 0.056866
v -0.024446 0.173343 0.055809
v -0.024876 0.176204 0.054097
v -0.023625 0.174076 0.056193
v -0.022229 0.171517 0.057998
v -0.021653 0.165822 0.058146
v -0.020266 0.167740 0.059139
v -0.023231 0.163779 0.057041
v -0.024466 0.159637 0.055110
v -0.016747 0.161416 0.059169
v -0.015729 0.164060 0.060183
v -0.017453 0.158583 0.058479
v -0.015206 0.166454 0.061112
v -0.022294 0.152741 0.056325
v -0.019173 0.169943 0.060132
v -0.026119 0.149146 0.052840
v -0.018695 0.171682 0.060911
v -0.032251 0.153576 0.045161
v -0.021541 0.172891 0.058541
v -0.036368 0.152118 0.037377
v -0.021291 0.173888 0.058602
v -0.040541 0.152994 0.029069
v -0.023071 0.174882 0.056351
v -0.018517 0.172849 0.061315
v -0.020925 0.174734 0.058491
v -0.024418 0.176584 0.054028
v -0.018108 0.174170 0.061202
v -0.022723 0.175680 0.056202
v -0.020660 0.175903 0.057905
v -0.014648 0.171917 0.064192
v -0.017714 0.175552 0.060768
v -0.014560 0.170414 0.063416
v -0.014355 0.173512 0.064061
v -0.014707 0.168548 0.062178
v -0.010779 0.170991 0.066252
v -0.010537 0.167926 0.063910
v -0.010677 0.169670 0.065359
v -0.010584 0.165638 0.062294
v -0.006621 0.167824 0.064904
v -0.007013 0.170697 0.067589
v -0.006897 0.169271 0.066620
v -0.010574 0.173025 0.066188
v -0.006981 0.172644 0.067728
v -0.003311 0.170603 0.068352
v -0.014016 0.175232 0.063594
v -0.010434 0.175174 0.065884
v -0.017488 0.176989 0.059953
v -0.013721 0.176998 0.062863
v -0.020281 0.176969 0.057369
v -0.017448 0.178653 0.058163
v -0.022337 0.176922 0.055326
v -0.019923 0.178093 0.056297
v -0.021967 0.177691 0.054379
v -0.022986 0.177214 0.054203
v -0.022748 0.177418 0.052655
v -0.023963 0.177042 0.053680
v -0.023565 0.177537 0.052868
v -0.024866 0.177307 0.052451
v -0.024588 0.177299 0.052210
v -0.025238 0.177419 0.052856
v -0.024345 0.178404 0.056581
v -0.023824 0.178062 0.056097
v -0.023438 0.179337 0.058865
v -0.023080 0.178693 0.058115
v -0.023556 0.177914 0.055634
v -0.022433 0.180764 0.060950
v -0.022161 0.179843 0.060451
v -0.019921 0.182357 0.063460
v -0.019767 0.181430 0.063245
v -0.021001 0.178481 0.059028
v -0.019073 0.179313 0.061807
v -0.022897 0.178286 0.057313
v -0.021947 0.177941 0.056123
v -0.022866 0.178027 0.056340
v -0.023355 0.177835 0.054948
v -0.024229 0.177363 0.052030
v -0.022904 0.177692 0.053967
v -0.023584 0.177367 0.051126
v -0.022138 0.177709 0.054518
v -0.023061 0.177100 0.050438
v -0.021944 0.177280 0.051043
v -0.022849 0.177181 0.050583
v -0.022951 0.176985 0.048723
v -0.022806 0.177146 0.050694
v -0.022875 0.176984 0.048759
v -0.022674 0.177406 0.052474
v -0.022640 0.176681 0.050156
v -0.021662 0.177489 0.053607
v -0.022485 0.177087 0.051873
v -0.019519 0.177160 0.054800
v -0.021056 0.176023 0.052596
v -0.021916 0.175671 0.051140
v -0.019092 0.174766 0.053432
v -0.017076 0.177408 0.056223
v -0.022454 0.175486 0.049701
v -0.013153 0.178116 0.058472
v -0.022926 0.176475 0.048751
v -0.021669 0.174282 0.050550
v -0.023339 0.176578 0.047619
v -0.023032 0.175797 0.048106
v -0.022485 0.174386 0.048923
v -0.018790 0.170397 0.051994
v -0.021661 0.172791 0.049813
v -0.012631 0.171533 0.055193
v -0.023003 0.171424 0.047530
v -0.012913 0.176213 0.056992
v -0.009150 0.171987 0.056359
v -0.009241 0.176797 0.058420
v -0.003060 0.172213 0.057139
v -0.023197 0.175146 0.047500
v -0.024634 0.173719 0.044686
v -0.023681 0.176299 0.046799
v -0.025455 0.177502 0.043499
v -0.023799 0.177109 0.046612
v -0.023490 0.179037 0.045776
v -0.023329 0.177334 0.047388
v -0.023003 0.178458 0.046612
v -0.022516 0.179261 0.046703
v -0.022760 0.178093 0.047176
v -0.022216 0.177747 0.048234
v -0.022172 0.178483 0.047487
v -0.021142 0.178888 0.048903
v -0.022193 0.178088 0.047782
v -0.021155 0.178043 0.049754
v -0.020362 0.178567 0.050944
v -0.022141 0.177809 0.048210
v -0.020647 0.177824 0.051906
v -0.019441 0.178820 0.053217
v -0.021366 0.177591 0.050208
v -0.021595 0.177381 0.050603
v -0.021086 0.177519 0.052732
v -0.021531 0.177486 0.053338
v -0.020228 0.177936 0.053532
v -0.020739 0.177755 0.054602
v -0.021263 0.177823 0.055473
v -0.019406 0.178224 0.055195
v -0.017245 0.179530 0.055950
v -0.019927 0.178042 0.056547
v -0.020337 0.178171 0.057872
v -0.017857 0.178585 0.057382
v -0.018232 0.178426 0.058947
v -0.018625 0.178684 0.060274
v -0.015645 0.179024 0.058808
v -0.012620 0.180956 0.058551
v -0.015934 0.178856 0.060919
v -0.016292 0.179080 0.062218
v -0.012835 0.179316 0.060659
v -0.010014 0.179332 0.061675
v -0.007722 0.181322 0.060308
v -0.013143 0.179145 0.062534
v -0.007403 0.179472 0.063007
v -0.010502 0.179129 0.063428
v -0.013558 0.179371 0.063634
v -0.016810 0.180318 0.064143
v -0.010819 0.179740 0.065653
v -0.017336 0.182458 0.065622
v -0.014283 0.181060 0.066172
v -0.017198 0.183894 0.065920
v -0.014608 0.183594 0.068025
v -0.017148 0.186827 0.065865
v -0.014337 0.184972 0.068349
v -0.014079 0.188280 0.067791
v -0.011452 0.181841 0.068059
v -0.011599 0.184540 0.070124
v -0.011305 0.186036 0.070277
v -0.013953 0.191664 0.067095
v -0.011083 0.188964 0.069758
v -0.008328 0.185199 0.071706
v -0.013129 0.196050 0.066118
v -0.008485 0.182316 0.069572
v -0.008295 0.186818 0.071800
v -0.008125 0.179778 0.066715
v -0.010635 0.192269 0.069292
v -0.007723 0.179103 0.064759
v -0.005467 0.179042 0.065564
v -0.005098 0.179511 0.063522
v -0.003332 0.181444 0.060976
v -0.005824 0.179752 0.067681
v -0.002419 0.178791 0.066048
v -0.002186 0.179353 0.063838
v 0.000978 0.181514 0.061143
v -0.005976 0.182195 0.070477
v -0.002606 0.179378 0.068154
v -0.005944 0.185299 0.072497
v -0.002749 0.181381 0.070897
v -0.002795 0.184354 0.072776
v 0.000803 0.179115 0.068267
v 0.000870 0.178700 0.066099
v 0.000933 0.179190 0.063742
v 0.000839 0.180862 0.071045
v 0.003854 0.179470 0.063540
v 0.005056 0.181466 0.060727
v 0.000728 0.183437 0.072897
v 0.004371 0.181448 0.070769
v 0.004132 0.179284 0.067950
v 0.003974 0.178805 0.065751
v 0.007727 0.182191 0.070178
v 0.007423 0.179651 0.067318
v 0.007023 0.179083 0.065205
v 0.006766 0.179679 0.063177
v 0.009635 0.181299 0.059935
v 0.010807 0.179837 0.066094
v 0.010057 0.179205 0.064251
v 0.009694 0.179627 0.062414
v 0.012850 0.179535 0.061127
v 0.014397 0.180961 0.058214
v 0.013297 0.179192 0.063131
v 0.015966 0.179024 0.059732
v 0.017499 0.179291 0.057385
v 0.016439 0.178828 0.061379
v 0.018431 0.178522 0.058181
v 0.018984 0.178372 0.059314
v 0.019892 0.178243 0.056777
v 0.019693 0.178950 0.055276
v 0.020667 0.177993 0.057491
v 0.021443 0.178168 0.054453
v 0.021840 0.178711 0.053025
v 0.021880 0.177803 0.055418
v 0.021143 0.178001 0.058423
v 0.022720 0.178205 0.052613
v 0.019423 0.178512 0.060679
v 0.022419 0.177659 0.056100
v 0.017064 0.179221 0.062940
v 0.021926 0.178423 0.059721
v 0.013968 0.179744 0.064610
v 0.020171 0.179543 0.062310
v 0.017756 0.180853 0.064903
v 0.014639 0.181799 0.067298
v 0.011088 0.182228 0.068931
v 0.017971 0.183450 0.066207
v 0.014660 0.184792 0.068740
v 0.011330 0.185439 0.070841
v 0.020730 0.181765 0.063490
v 0.017867 0.184704 0.066315
v 0.022999 0.179791 0.060711
v 0.020857 0.183063 0.063755
v 0.023292 0.180911 0.061137
v 0.014442 0.186533 0.068636
v 0.020575 0.186360 0.063973
v 0.017281 0.188142 0.066242
v 0.011114 0.187087 0.070829
v 0.023747 0.184052 0.061535
v 0.013845 0.189515 0.068435
v 0.020350 0.191126 0.063491
v 0.016558 0.192205 0.065852
v 0.024050 0.188636 0.061257
v 0.013141 0.192552 0.068147
v 0.010521 0.190041 0.070436
v 0.007124 0.189731 0.071828
v 0.007540 0.187138 0.072301
v 0.007613 0.185767 0.072200
v 0.003874 0.192175 0.071495
v 0.004246 0.184510 0.072797
v 0.004176 0.185583 0.072918
v 0.000682 0.184448 0.072953
v 0.004169 0.188945 0.071840
v 0.000900 0.188142 0.071402
v -0.002792 0.185529 0.072924
v 0.001003 0.191550 0.071104
v -0.002551 0.188641 0.071746
v -0.005929 0.187217 0.072442
v -0.002147 0.192079 0.071297
v -0.008069 0.189956 0.071158
v -0.005677 0.189918 0.071923
v -0.007606 0.192553 0.070962
v -0.009826 0.195778 0.068763
v -0.005073 0.192533 0.071657
v -0.006918 0.195607 0.070700
v -0.004482 0.195791 0.071520
v -0.011763 0.198833 0.065827
v -0.009111 0.198371 0.068426
v -0.006306 0.198353 0.070619
v -0.013983 0.200441 0.063324
v -0.010093 0.200913 0.066447
v -0.015684 0.202872 0.061002
v -0.012383 0.201897 0.063502
v -0.016876 0.205418 0.059361
v -0.014285 0.203988 0.061315
v -0.007910 0.200011 0.069000
v -0.009867 0.201897 0.067232
v -0.011675 0.202442 0.065116
v -0.005508 0.200338 0.071117
v -0.013279 0.203305 0.064530
v -0.006843 0.202154 0.070497
v -0.009694 0.202798 0.068246
v -0.012098 0.203234 0.066943
v -0.008931 0.204729 0.068513
v -0.011230 0.205031 0.068478
v -0.013879 0.203903 0.066452
v -0.013533 0.204947 0.068501
v -0.015183 0.204781 0.065609
v -0.014699 0.204613 0.063318
v -0.015062 0.205605 0.068404
v -0.016436 0.206508 0.065229
v -0.015750 0.206196 0.062494
v -0.015238 0.206130 0.060338
v -0.016385 0.208026 0.061808
v -0.016057 0.207990 0.059596
v -0.017042 0.208520 0.064540
v -0.016732 0.210220 0.061841
v -0.016431 0.210682 0.059839
v -0.016101 0.214657 0.061555
v -0.014465 0.218066 0.064799
v -0.016339 0.213905 0.063243
v -0.017125 0.210472 0.064228
v -0.012738 0.219291 0.067787
v -0.015204 0.216238 0.066041
v -0.016581 0.213574 0.065712
v -0.017170 0.210805 0.067008
v -0.017070 0.208794 0.067508
v -0.016496 0.211810 0.070145
v -0.015461 0.214740 0.069688
v -0.016396 0.207093 0.068057
v -0.016313 0.209799 0.070940
v -0.015349 0.208064 0.071511
v -0.013974 0.207124 0.071559
v -0.014126 0.209615 0.074823
v -0.014844 0.213100 0.073478
v -0.014716 0.211190 0.074344
v -0.014165 0.216849 0.068819
v -0.013582 0.216177 0.071934
v -0.011231 0.219764 0.070609
v -0.011206 0.217782 0.074500
v -0.012475 0.214437 0.076837
v -0.012470 0.212306 0.078019
v -0.012010 0.210357 0.078588
v -0.009281 0.207765 0.081358
v -0.011083 0.208471 0.078315
v -0.012793 0.208328 0.075077
v -0.007045 0.205833 0.082549
v -0.011543 0.208088 0.074767
v -0.008236 0.207390 0.079464
v -0.009892 0.207945 0.077483
v -0.006003 0.204783 0.083293
v -0.005464 0.206236 0.081003
v -0.003865 0.202686 0.082402
v -0.004081 0.204591 0.081303
v -0.001379 0.201221 0.080097
v -0.003169 0.202115 0.079555
v -0.001234 0.200847 0.077497
v -0.003271 0.203972 0.079012
v -0.001200 0.200508 0.075535
v -0.003036 0.201812 0.076830
v -0.003322 0.205657 0.080573
v -0.001173 0.200038 0.074062
v -0.003153 0.206882 0.080626
v -0.003190 0.201404 0.074533
v -0.002700 0.205484 0.078932
v -0.003924 0.203453 0.076066
v -0.003185 0.205357 0.076440
v -0.002066 0.207403 0.078073
v -0.004395 0.208002 0.080441
v -0.007455 0.208167 0.078340
v -0.002197 0.209819 0.078282
v -0.008795 0.208593 0.076444
v -0.006176 0.209497 0.078260
v -0.002886 0.212472 0.075839
v -0.007606 0.210502 0.075722
v -0.003671 0.207237 0.073607
v -0.005525 0.213390 0.072738
v -0.010467 0.208703 0.074053
v -0.009785 0.210205 0.072847
v -0.008943 0.212311 0.069013
v -0.011411 0.208733 0.070835
v -0.012249 0.207778 0.071023
v -0.013084 0.206943 0.071004
v -0.012404 0.206392 0.069550
v -0.011261 0.208510 0.068316
v -0.007495 0.207044 0.067029
v -0.005376 0.207108 0.070710
v -0.006519 0.204785 0.071138
v -0.004919 0.204951 0.073799
v -0.004764 0.202891 0.073641
v -0.003261 0.200538 0.072907
v -0.004120 0.198868 0.071789
v -0.001894 0.198970 0.072602
v -0.001897 0.195737 0.071651
v 0.000508 0.198838 0.073055
v 0.000781 0.195630 0.071543
v 0.003292 0.195740 0.071772
v 0.027520 0.185426 0.059081
v 0.026403 0.181561 0.059121
v 0.029487 0.182608 0.057505
v 0.025146 0.179490 0.058402
v 0.027756 0.179884 0.057478
v 0.033143 0.181392 0.054920
v 0.024636 0.178807 0.058142
v 0.026541 0.178539 0.056592
v 0.030787 0.179034 0.055753
v 0.028639 0.177431 0.055428
v 0.025820 0.178052 0.055993
v 0.023352 0.177761 0.057010
v 0.027408 0.177151 0.054639
v 0.025267 0.177622 0.055046
v 0.026647 0.177234 0.053804
v 0.024444 0.177598 0.053549
v 0.023417 0.177722 0.053112
v 0.025795 0.177359 0.053000
v 0.023007 0.178005 0.052695
v 0.024454 0.177154 0.050902
v 0.023936 0.177422 0.050868
v 0.023634 0.177707 0.050874
v 0.024285 0.177364 0.048627
v 0.024768 0.177356 0.051183
v 0.024513 0.176759 0.048596
v 0.024168 0.177685 0.048259
v 0.023530 0.178182 0.050027
v 0.023467 0.178809 0.049489
v 0.023916 0.178518 0.048087
v 0.024286 0.178011 0.047497
v 0.026449 0.177491 0.043850
v 0.025138 0.176502 0.046884
v 0.025374 0.177260 0.046082
v 0.026198 0.172719 0.044190
v 0.024743 0.174711 0.047385
v 0.024644 0.171245 0.047722
v 0.024018 0.173990 0.048793
v 0.022999 0.172486 0.050133
v 0.024554 0.175244 0.047865
v 0.024427 0.175639 0.048337
v 0.023764 0.174731 0.049451
v 0.022707 0.173530 0.050729
v 0.024541 0.176361 0.048438
v 0.023708 0.175637 0.050206
v 0.024060 0.176555 0.050728
v 0.022662 0.174521 0.051108
v 0.022651 0.176085 0.051864
v 0.021598 0.174828 0.052240
v 0.019996 0.174067 0.053087
v 0.020207 0.170234 0.052110
v 0.015674 0.170807 0.054744
v 0.022010 0.176992 0.052823
v 0.015776 0.175025 0.055716
v 0.010378 0.171816 0.056606
v 0.020193 0.176528 0.053689
v 0.018263 0.177392 0.054995
v 0.020998 0.178147 0.054886
v 0.023332 0.177440 0.052473
v 0.022904 0.177754 0.054006
v 0.024070 0.177529 0.053115
v 0.021823 0.177050 0.056281
v 0.023825 0.176745 0.054791
v 0.024842 0.177206 0.053262
v 0.025906 0.177281 0.052657
v 0.024559 0.175627 0.055266
v 0.026217 0.177256 0.053146
v 0.025503 0.176317 0.054150
v 0.026273 0.177149 0.052888
v 0.026796 0.176787 0.053326
v 0.026015 0.175404 0.054540
v 0.027233 0.176255 0.053885
v 0.026679 0.174533 0.054699
v 0.028241 0.175839 0.054315
v 0.025180 0.174361 0.055638
v 0.030545 0.176068 0.054522
v 0.027722 0.173798 0.054540
v 0.033398 0.177192 0.053856
v 0.029440 0.172692 0.054034
v 0.032616 0.172576 0.052723
v 0.036345 0.179178 0.051661
v 0.035872 0.172899 0.050687
v 0.038626 0.173771 0.047719
v 0.033561 0.167650 0.050344
v 0.037028 0.167321 0.046829
v 0.040823 0.167747 0.041333
v 0.030133 0.169161 0.053424
v 0.030767 0.163132 0.051247
v 0.033979 0.161195 0.047030
v 0.038317 0.159954 0.041037
v 0.031288 0.154849 0.048169
v 0.034954 0.152264 0.041658
v 0.030658 0.144822 0.043640
v 0.028554 0.147005 0.050263
v 0.026408 0.158991 0.054120
v 0.025128 0.151203 0.054920
v 0.025884 0.139179 0.045739
v 0.025087 0.141418 0.052489
v 0.020577 0.135334 0.048413
v 0.019629 0.137901 0.055454
v 0.023230 0.144846 0.056289
v 0.014044 0.132716 0.050619
v 0.013720 0.135300 0.057726
v 0.007520 0.131716 0.052044
v 0.007481 0.133932 0.058915
v 0.000753 0.131614 0.052895
v -0.005765 0.131936 0.053268
v 0.000925 0.133732 0.059379
v 0.013004 0.139764 0.061923
v 0.007037 0.138310 0.063119
v -0.005308 0.134303 0.059749
v 0.001045 0.138232 0.063230
v 0.006454 0.145021 0.065297
v 0.018313 0.142091 0.059384
v 0.011913 0.146041 0.064117
v 0.020131 0.148649 0.059359
v 0.016158 0.147610 0.062117
v 0.020634 0.152845 0.058299
v 0.015979 0.152824 0.061583
v 0.020778 0.157767 0.057327
v 0.010983 0.151929 0.064045
v 0.015181 0.157350 0.060218
v 0.020217 0.160626 0.057993
v 0.005906 0.151284 0.065163
v 0.009760 0.157435 0.062314
v 0.014393 0.160727 0.060187
v 0.005297 0.156991 0.063362
v 0.024972 0.162112 0.056336
v 0.009067 0.160695 0.061511
v 0.027778 0.166214 0.054922
v 0.023831 0.164422 0.057436
v 0.019052 0.163192 0.059152
v 0.022727 0.167001 0.058362
v 0.026024 0.168683 0.056278
v 0.013716 0.163399 0.060873
v 0.018172 0.165890 0.060176
v 0.028295 0.170514 0.054624
v 0.026772 0.172204 0.055292
v 0.024340 0.170694 0.057217
v 0.025888 0.173289 0.055505
v 0.021761 0.169468 0.059095
v 0.023665 0.172457 0.057499
v 0.021337 0.171585 0.059579
v 0.023255 0.173436 0.057633
v 0.022881 0.174620 0.057545
v 0.021072 0.173046 0.059839
v 0.022343 0.175887 0.057027
v 0.020656 0.174584 0.059683
v 0.017275 0.172219 0.062865
v 0.017362 0.170598 0.062258
v 0.017471 0.167915 0.061110
v 0.013314 0.171261 0.065275
v 0.013377 0.165190 0.061704
v 0.013558 0.170059 0.064416
v 0.013275 0.167564 0.062835
v 0.008834 0.163375 0.061884
v 0.008726 0.165233 0.062795
v 0.004892 0.160527 0.062182
v 0.004798 0.163109 0.062222
v 0.008680 0.167248 0.064133
v 0.009058 0.169280 0.066128
v 0.004760 0.167220 0.064689
v 0.004686 0.165117 0.063147
v 0.009112 0.170848 0.067179
v 0.004986 0.169067 0.066810
v 0.004990 0.170419 0.067957
v 0.008938 0.173364 0.067261
v 0.004782 0.172936 0.068133
v 0.000268 0.170472 0.068458
v 0.000343 0.168665 0.066879
v 0.000431 0.167045 0.064765
v -0.003279 0.168910 0.066676
v 0.000477 0.165170 0.063153
v -0.003103 0.167371 0.064771
v -0.002973 0.165393 0.063433
v 0.000553 0.163026 0.062400
v -0.002905 0.163236 0.062269
v -0.006314 0.165188 0.063009
v -0.006499 0.163498 0.062335
v 0.000199 0.172783 0.068224
v -0.003269 0.172862 0.068324
v 0.000190 0.174998 0.067806
v -0.006772 0.175049 0.067400
v -0.003189 0.175043 0.067900
v -0.009975 0.177118 0.065030
v -0.006245 0.177361 0.066105
v -0.003039 0.177502 0.066418
v -0.013436 0.179310 0.061051
v -0.009420 0.178658 0.060045
v -0.009649 0.179211 0.062841
v -0.006004 0.179449 0.063600
v -0.005756 0.178750 0.060562
v -0.003182 0.177504 0.059593
v -0.002605 0.179249 0.061345
v -0.002923 0.179237 0.064134
v 0.000457 0.177519 0.059707
v 0.000743 0.172185 0.057321
v 0.000212 0.179015 0.064178
v 0.000187 0.177430 0.066365
v 0.000341 0.179209 0.061398
v 0.004143 0.179340 0.063874
v 0.004422 0.177457 0.066277
v 0.003974 0.179206 0.061208
v 0.005534 0.177224 0.059283
v 0.005661 0.172082 0.057143
v 0.010696 0.177511 0.058811
v 0.007709 0.178940 0.060483
v 0.015169 0.178840 0.057538
v 0.011711 0.178943 0.059516
v 0.007912 0.179569 0.063224
v 0.012055 0.179446 0.061951
v 0.015784 0.179107 0.059899
v 0.019129 0.178687 0.056874
v 0.019659 0.177236 0.058499
v 0.016324 0.177587 0.061358
v 0.020121 0.175968 0.059023
v 0.016554 0.176114 0.062158
v 0.017012 0.174376 0.062690
v 0.013014 0.173798 0.065426
v 0.012926 0.175862 0.064838
v 0.008694 0.175267 0.066876
v 0.012403 0.177700 0.063682
v 0.008275 0.177694 0.065456
v 0.004738 0.175013 0.067725
v 0.025368 0.236849 0.052645
v 0.020283 0.239355 0.052627
v 0.026569 0.239385 0.052500
v 0.015427 0.239668 0.055171
v 0.021979 0.241512 0.052364
v 0.016864 0.241516 0.052812
v 0.018723 0.243315 0.052169
v 0.012322 0.242763 0.056092
v 0.014239 0.244007 0.053477
v 0.015363 0.244833 0.052484
v 0.009361 0.245432 0.058367
v 0.011337 0.245470 0.055555
v 0.010853 0.249439 0.055127
v 0.013204 0.245967 0.053613
v 0.014380 0.246349 0.052666
v 0.012495 0.248808 0.053203
v 0.014021 0.252968 0.052933
v 0.013986 0.248716 0.052102
v 0.016386 0.254655 0.053809
v 0.015637 0.252001 0.051295
v 0.017547 0.253761 0.051723
v 0.017989 0.253387 0.051511
v 0.016017 0.251671 0.051227
v 0.018503 0.252613 0.051482
v 0.014734 0.248796 0.051788
v 0.017333 0.250617 0.051287
v 0.016633 0.251086 0.051285
v 0.015378 0.248518 0.051598
v 0.015086 0.246577 0.052049
v 0.015917 0.248298 0.050988
v 0.015587 0.246690 0.051568
v 0.016945 0.245672 0.051724
v 0.020709 0.244858 0.052195
v 0.017696 0.246211 0.051256
v 0.023678 0.243632 0.052766
v 0.021524 0.246066 0.052082
v 0.016314 0.246882 0.050839
v 0.018467 0.246605 0.050674
v 0.024520 0.245333 0.053119
v 0.016118 0.248194 0.050301
v 0.022006 0.246863 0.051562
v 0.016876 0.246977 0.050330
v 0.019055 0.246873 0.050171
v 0.017672 0.247083 0.049681
v 0.017892 0.249921 0.050003
v 0.016408 0.248125 0.049383
v 0.017746 0.249917 0.048976
v 0.019647 0.250606 0.048722
v 0.017128 0.248124 0.048898
v 0.017936 0.249815 0.048258
v 0.021807 0.252477 0.048409
v 0.019743 0.250299 0.047714
v 0.019023 0.249250 0.047807
v 0.020316 0.249802 0.046881
v 0.022003 0.251492 0.046297
v 0.018825 0.248199 0.048194
v 0.020435 0.248327 0.047256
v 0.018336 0.247341 0.049088
v 0.019485 0.247409 0.048564
v 0.019697 0.247065 0.049735
v 0.020207 0.247174 0.049288
v 0.022214 0.247125 0.051228
v 0.022432 0.247314 0.050728
v 0.020391 0.247174 0.048829
v 0.020779 0.247305 0.048200
v 0.022357 0.246966 0.049511
v 0.022505 0.247259 0.050204
v 0.021602 0.247156 0.047925
v 0.021242 0.248403 0.046685
v 0.022430 0.246768 0.048408
v 0.021302 0.250224 0.046074
v 0.021573 0.248550 0.046493
v 0.024252 0.246164 0.049355
v 0.023061 0.246673 0.047485
v 0.022540 0.248952 0.046115
v 0.023234 0.251272 0.046633
v 0.024648 0.246076 0.047738
v 0.028276 0.245170 0.050140
v 0.024468 0.246559 0.050347
v 0.024719 0.246810 0.051294
v 0.028425 0.245527 0.050976
v 0.032125 0.245035 0.049935
v 0.024736 0.246620 0.052386
v 0.028322 0.245977 0.052078
v 0.032201 0.245280 0.051515
v 0.024749 0.246354 0.052787
v 0.028446 0.245781 0.053305
v 0.032357 0.245468 0.052949
v 0.034744 0.245115 0.050176
v 0.034981 0.245557 0.051931
v 0.028395 0.245589 0.053582
v 0.032671 0.245049 0.053684
v 0.028351 0.244010 0.053859
v 0.032580 0.244711 0.053876
v 0.027658 0.242015 0.053130
v 0.032501 0.242780 0.053590
v 0.031956 0.240550 0.052555
v 0.035354 0.244938 0.053174
v 0.035154 0.245411 0.052727
v 0.037777 0.245769 0.051720
v 0.037445 0.245848 0.051043
v 0.039606 0.246370 0.049897
v 0.036747 0.245389 0.049573
v 0.038938 0.245764 0.048495
v 0.041261 0.247017 0.048806
v 0.040800 0.246792 0.047759
v 0.042235 0.247986 0.045871
v 0.043197 0.248094 0.046795
v 0.043515 0.249219 0.044538
v 0.043595 0.248007 0.047027
v 0.041693 0.246983 0.049258
v -0.010634 0.163608 0.061524
v -0.011202 0.160907 0.060870
v -0.006665 0.160811 0.061846
v -0.012105 0.157827 0.061004
v -0.007139 0.157541 0.062654
v -0.002965 0.160535 0.062237
v -0.003192 0.157234 0.063429
v 0.000613 0.160283 0.062552
v 0.000786 0.156934 0.063830
v -0.007842 0.152161 0.064471
v -0.003415 0.151353 0.065341
v 0.000962 0.151082 0.065379
v 0.000929 0.144776 0.064756
v -0.003842 0.145224 0.065561
v -0.004624 0.138855 0.063627
v -0.008701 0.146418 0.064867
v -0.010043 0.140372 0.063017
v -0.013961 0.148573 0.062774
v -0.011198 0.135837 0.059236
v -0.012923 0.153263 0.062441
v -0.015890 0.143458 0.060877
v -0.017076 0.149545 0.060953
v -0.017596 0.154369 0.059304
v -0.020477 0.147444 0.058116
v -0.022854 0.143226 0.055186
v -0.017815 0.139046 0.057334
v -0.028653 0.145655 0.047448
v -0.024477 0.139902 0.049389
v -0.019147 0.135814 0.051226
v -0.031240 0.145186 0.038613
v -0.011897 0.132934 0.053151
v -0.020601 0.135917 0.041062
v -0.025817 0.139656 0.039394
v -0.027932 0.140999 0.029221
v -0.034117 0.146403 0.029964
v -0.037561 0.148534 0.019855
v -0.044248 0.154886 0.020447
v -0.039650 0.150201 0.010102
v -0.049895 0.164694 0.023224
v -0.047357 0.156769 0.011426
v -0.056076 0.175841 0.019062
v -0.053821 0.166206 0.015185
v -0.060998 0.186953 0.014766
v -0.059928 0.178147 0.010783
v -0.057229 0.168382 0.006332
v -0.050727 0.159355 0.001918
v -0.062558 0.181442 0.002000
v -0.054316 0.163589 -0.007694
v -0.060579 0.172420 -0.002921
v -0.062620 0.178197 -0.012123
v -0.064316 0.186096 -0.006267
v -0.065080 0.193771 -0.001195
v -0.063437 0.190024 0.006749
v -0.066955 0.205769 -0.003710
v -0.065008 0.200267 0.007195
v -0.061435 0.195866 0.018798
v -0.065643 0.207624 0.010845
v -0.067948 0.211508 -0.001289
v -0.069494 0.217996 0.000900
v -0.068366 0.210822 -0.012936
v -0.069243 0.215024 -0.011784
v -0.070610 0.221129 -0.010685
v -0.068998 0.213788 -0.016940
v -0.070221 0.217033 -0.018699
v -0.072096 0.222650 -0.019084
v -0.068249 0.210534 -0.019260
v -0.069694 0.214108 -0.020419
v -0.069086 0.211326 -0.021271
v -0.070862 0.209337 -0.022893
v -0.070711 0.211925 -0.022413
v -0.071268 0.217903 -0.020922
v -0.071198 0.214149 -0.022555
v -0.073003 0.206920 -0.023472
v -0.073527 0.208081 -0.023942
v -0.073238 0.210002 -0.023950
v -0.073136 0.212275 -0.023608
v -0.076231 0.213479 -0.025386
v -0.073165 0.213827 -0.023817
v -0.079190 0.215432 -0.028478
v -0.075742 0.214734 -0.025193
v -0.078625 0.216978 -0.028170
v -0.080172 0.218784 -0.031240
v -0.074768 0.215552 -0.025573
v -0.077170 0.218094 -0.028671
v -0.078949 0.219924 -0.031927
v -0.074788 0.217360 -0.030102
v -0.072818 0.214931 -0.024353
v -0.072940 0.215806 -0.026506
v -0.071478 0.215489 -0.023608
v -0.071190 0.217127 -0.022811
v -0.071343 0.215960 -0.024879
v -0.070138 0.214248 -0.028661
v -0.070970 0.216749 -0.024316
v -0.071113 0.214517 -0.031173
v -0.069917 0.216735 -0.025097
v -0.068448 0.214798 -0.026076
v -0.064799 0.215622 -0.029496
v -0.075189 0.216816 -0.035015
v -0.066854 0.218359 -0.035067
v -0.078013 0.219656 -0.032664
v -0.068323 0.220596 -0.037205
v -0.081271 0.219455 -0.033156
v -0.075852 0.217742 -0.037335
v -0.082002 0.221580 -0.037782
v -0.081800 0.219032 -0.033579
v -0.083498 0.221525 -0.036290
v -0.085481 0.219024 -0.037391
v -0.085497 0.223873 -0.038667
v -0.088618 0.222497 -0.038961
v -0.088966 0.221544 -0.042080
v -0.089633 0.226869 -0.040374
v -0.086451 0.227322 -0.040101
v -0.087243 0.231324 -0.040135
v -0.087647 0.236721 -0.039785
v -0.084685 0.231302 -0.040239
v -0.084229 0.235248 -0.038630
v -0.083610 0.239994 -0.036873
v -0.084154 0.227417 -0.040985
v -0.083200 0.224045 -0.040192
v -0.079996 0.228339 -0.042744
v -0.078902 0.224777 -0.041877
v -0.078119 0.220698 -0.040611
v -0.080969 0.231706 -0.041586
v -0.071260 0.224367 -0.038799
v -0.081282 0.234335 -0.039454
v -0.074948 0.233344 -0.041604
v -0.082664 0.237052 -0.037459
v -0.073539 0.228784 -0.039530
v -0.080318 0.236725 -0.037973
v -0.069655 0.228032 -0.035201
v -0.080568 0.238691 -0.036143
v -0.072185 0.230953 -0.036353
v -0.064263 0.225664 -0.032224
v -0.072204 0.232453 -0.032687
v -0.061702 0.222762 -0.030539
v -0.070315 0.230790 -0.030041
v -0.063966 0.226587 -0.025444
v -0.067062 0.229081 -0.026863
v -0.061950 0.219035 -0.027079
v -0.064380 0.221212 -0.023695
v -0.065996 0.225817 -0.023762
v -0.064227 0.218054 -0.024157
v -0.065104 0.216721 -0.024004
v -0.067908 0.221694 -0.024562
v -0.067706 0.216030 -0.024696
v -0.067786 0.218749 -0.024317
v -0.069554 0.219030 -0.025115
v -0.069125 0.224686 -0.025921
v -0.071634 0.218632 -0.024298
v -0.070854 0.221223 -0.026025
v -0.071920 0.222926 -0.026940
v -0.073096 0.221060 -0.025203
v -0.072347 0.219313 -0.022424
v -0.073950 0.221678 -0.023766
v -0.074656 0.223121 -0.025498
v -0.073132 0.222657 -0.021092
v -0.072905 0.226112 -0.027435
v -0.072713 0.229947 -0.019251
v -0.071280 0.228828 -0.027590
v -0.072444 0.236909 -0.019101
v -0.072512 0.231625 -0.028385
v -0.074210 0.228862 -0.027372
v -0.072800 0.233490 -0.030063
v -0.073858 0.232190 -0.027223
v -0.075230 0.226280 -0.026356
v -0.075379 0.227723 -0.025250
v -0.075124 0.223979 -0.024065
v -0.074648 0.224277 -0.022793
v -0.074135 0.229802 -0.022391
v -0.074989 0.228849 -0.024231
v -0.073533 0.233543 -0.025269
v -0.072959 0.235821 -0.022102
v -0.073546 0.235256 -0.027924
v -0.073191 0.239308 -0.021197
v -0.074607 0.239530 -0.024658
v -0.074133 0.243363 -0.021021
v -0.076183 0.243217 -0.023794
v -0.075260 0.247725 -0.021516
v -0.077309 0.246635 -0.023634
v -0.075844 0.252644 -0.022457
v -0.077098 0.250946 -0.023494
v -0.076646 0.255945 -0.025058
v -0.077980 0.253247 -0.024816
v -0.078033 0.257609 -0.029491
v -0.077498 0.255191 -0.025710
v -0.078711 0.257347 -0.029543
v -0.078774 0.255292 -0.026554
v -0.079488 0.256883 -0.028789
v -0.080215 0.258092 -0.031142
v -0.080749 0.258874 -0.033059
v -0.082171 0.259350 -0.032882
v -0.081599 0.258130 -0.030631
v -0.084266 0.259246 -0.032862
v -0.086650 0.258626 -0.034065
v -0.083413 0.257692 -0.030484
v -0.080869 0.256557 -0.028437
v -0.084992 0.256497 -0.030887
v -0.080092 0.254615 -0.026568
v -0.082428 0.255809 -0.028495
v -0.079343 0.250967 -0.024959
v -0.081466 0.253747 -0.026851
v -0.084864 0.254542 -0.030467
v -0.088068 0.256590 -0.034801
v -0.082712 0.252378 -0.028156
v -0.088253 0.254657 -0.035781
v -0.085145 0.253049 -0.032114
v -0.087207 0.253941 -0.036795
v -0.084305 0.252854 -0.033210
v -0.085333 0.255866 -0.038223
v -0.082576 0.254741 -0.034064
v -0.080498 0.252801 -0.035137
v -0.082425 0.251138 -0.031183
v -0.080562 0.253086 -0.031415
v -0.080767 0.248731 -0.037086
v -0.083102 0.251206 -0.030025
v -0.080780 0.249318 -0.029837
v -0.081368 0.249257 -0.028588
v -0.080899 0.249780 -0.026691
v -0.078837 0.246074 -0.025650
v -0.079475 0.246105 -0.027382
v -0.077569 0.243205 -0.025634
v -0.078345 0.243980 -0.027222
v -0.079054 0.246622 -0.028465
v -0.077965 0.244790 -0.028001
v -0.077265 0.247492 -0.028704
v -0.078416 0.250718 -0.029538
v -0.075688 0.245018 -0.027674
v -0.076606 0.251124 -0.032266
v -0.073747 0.248405 -0.028471
v -0.072108 0.244054 -0.029237
v -0.075907 0.245193 -0.032671
v -0.077292 0.246914 -0.034854
v -0.082169 0.243965 -0.037095
v -0.079938 0.242265 -0.034935
v -0.077571 0.242581 -0.033490
v -0.078713 0.239900 -0.034536
v -0.075633 0.242961 -0.031983
v -0.077217 0.240757 -0.033334
v -0.077825 0.238732 -0.036792
v -0.076648 0.239852 -0.034559
v -0.074880 0.241407 -0.032022
v -0.071784 0.242878 -0.029251
v -0.073009 0.240717 -0.033075
v -0.075856 0.242437 -0.028103
v -0.071650 0.241766 -0.030536
v -0.072923 0.240937 -0.028620
v -0.076663 0.240785 -0.027916
v -0.070677 0.240083 -0.030374
v -0.076110 0.239522 -0.026904
v -0.074287 0.238878 -0.029389
v -0.074482 0.236980 -0.029023
v -0.072965 0.235671 -0.031123
v -0.071565 0.237909 -0.030823
v -0.071857 0.235138 -0.033801
v -0.070309 0.237853 -0.033911
v -0.070375 0.240192 -0.033890
v -0.072454 0.234557 -0.037945
v -0.073417 0.239273 -0.037872
v -0.072357 0.237551 -0.038494
v -0.076370 0.236457 -0.040973
v -0.077401 0.237719 -0.038805
v -0.075011 0.239772 -0.035767
vn 0.8261 0.5207 0.2154
vn 0.8878 0.2076 0.4107
vn 0.8511 0.3256 0.4119
vn -0.7132 -0.0670 0.6977
vn -0.9109 -0.2877 0.2957
vn -0.9839 -0.1776 -0.0198
vn 0.9883 0.0037 0.1523
vn 0.4860 -0.8654 -0.1225
vn 0.5000 -0.8385 -0.2165
vn 0.4981 0.8667 0.0276
vn -0.0976 0.9887 0.1136
vn 0.2871 0.8222 -0.4914
vn 0.7825 0.3497 -0.5151
vn 0.7446 0.1143 -0.6576
vn 0.6889 0.4366 -0.5786
vn 0.7824 0.3502 -0.5150
vn 0.6887 0.4371 -0.5785
vn 0.6162 0.6712 -0.4121
vn 0.4826 0.7888 -0.3806
vn 0.6238 0.6869 -0.3727
vn 0.6475 0.4591 -0.6082
vn 0.3404 0.9115 -0.2308
vn 0.6839 0.6136 -0.3947
vn 0.3498 0.8371 -0.4205
vn 0.0668 0.9913 -0.1137
vn 0.4744 0.8269 -0.3019
vn 0.1060 0.9934 -0.0432
vn 0.0588 0.9839 -0.1688
vn 0.8205 0.3180 -0.4750
vn 0.7904 0.3657 -0.4915
vn 0.6241 0.6865 -0.3729
vn 0.6839 0.6135 -0.3949
vn 0.7825 0.3499 -0.5151
vn 0.8073 0.1142 -0.5789
vn 0.7446 0.1143 -0.6577
vn 0.8449 0.1139 -0.5227
vn 0.6888 0.4366 -0.5787
vn 0.7445 0.1142 -0.6578
vn 0.8086 0.0276 -0.5877
vn 0.7672 -0.0118 -0.6413
vn 0.8073 0.1139 -0.5790
vn 0.8139 0.0590 -0.5780
vn 0.8458 0.0511 -0.5311
vn 0.7811 0.0196 -0.6241
vn 0.7454 -0.0118 -0.6665
vn 0.7147 -0.0276 -0.6989
vn 0.6949 -0.0275 -0.7185
vn 0.7147 -0.0277 -0.6989
vn 0.6730 0.1299 -0.7281
vn 0.8685 0.0668 -0.4912
vn 0.8864 0.0433 -0.4609
vn 0.6010 0.4204 -0.6797
vn 0.9021 0.0433 -0.4294
vn 0.8847 0.0747 -0.4601
vn 0.3897 0.6021 -0.6968
vn 0.5918 0.1293 -0.7956
vn 0.6409 -0.0354 -0.7668
vn 0.6950 -0.0275 -0.7185
vn 0.6277 -0.0355 -0.7776
vn 0.5788 -0.0276 -0.8150
vn 0.6276 -0.0355 -0.7777
vn 0.5735 -0.0277 -0.8187
vn 0.4932 0.1539 -0.8562
vn 0.5075 0.0039 -0.8616
vn 0.5168 0.0118 -0.8560
vn 0.3821 0.2009 -0.9020
vn 0.4290 0.0590 -0.9014
vn 0.4447 0.0669 -0.8932
vn 0.3334 0.5923 -0.7335
vn 0.2636 0.2478 -0.9323
vn 0.3206 0.1306 -0.9382
vn 0.3439 0.1383 -0.9288
vn 0.2006 0.5783 -0.7908
vn 0.1936 0.2015 -0.9602
vn 0.2088 0.2009 -0.9571
vn 0.1542 0.2886 -0.9449
vn 0.1065 0.4929 -0.8636
vn 0.0354 0.8211 -0.5697
vn 0.0354 0.5072 -0.8611
vn 0.0356 0.3041 -0.9520
vn 0.0435 0.2414 -0.9695
vn 0.0435 0.2488 -0.9676
vn -0.1228 0.2416 -0.9626
vn -0.0119 0.4863 -0.8737
vn -0.1143 0.2326 -0.9658
vn -0.2656 0.1784 -0.9474
vn -0.0670 0.2798 -0.9577
vn -0.2492 0.1701 -0.9534
vn -0.3587 0.1143 -0.9264
vn -0.1774 0.2247 -0.9581
vn -0.3357 0.1066 -0.9359
vn -0.4387 0.0514 -0.8972
vn -0.1464 0.4153 -0.8978
vn -0.4229 0.0435 -0.9051
vn -0.5017 0.0039 -0.8650
vn -0.2798 0.1852 -0.9420
vn -0.4957 0.0040 -0.8685
vn -0.5592 -0.0119 -0.8289
vn -0.3988 0.1935 -0.8964
vn -0.2403 0.4135 -0.8782
vn -0.0118 0.8215 -0.5701
vn -0.2882 0.7616 -0.5804
vn -0.0433 0.9717 -0.2323
vn -0.3416 0.7418 -0.5771
vn -0.4778 0.1935 -0.8569
vn -0.5683 -0.0119 -0.8227
vn -0.6364 -0.0277 -0.7708
vn -0.5889 0.1858 -0.7866
vn -0.6536 -0.0198 -0.7566
vn -0.7223 -0.0355 -0.6907
vn -0.5570 0.4941 -0.6675
vn -0.7418 -0.0198 -0.6704
vn -0.7710 -0.0198 -0.6365
vn -0.6888 0.2007 -0.6966
vn -0.6538 0.5429 -0.5271
vn -0.3739 0.8620 -0.3424
vn -0.7772 0.1775 -0.6037
vn -0.6973 0.5554 -0.4531
vn -0.7956 -0.0120 -0.6057
vn -0.8024 0.0040 -0.5968
vn -0.8288 0.1626 -0.5354
vn -0.8288 0.0198 -0.5592
vn -0.8441 0.0357 -0.5350
vn -0.7528 0.4847 -0.4453
vn -0.8679 0.0357 -0.4954
vn -0.8896 0.0435 -0.4547
vn -0.8572 0.1462 -0.4938
vn -0.9056 0.0277 -0.4232
vn -0.9048 0.0514 -0.4228
vn -0.8899 0.0910 -0.4469
vn -0.8016 0.4067 -0.4383
vn -0.1925 0.9693 -0.1532
vn -0.5700 0.7507 -0.3341
vn -0.0983 0.9867 -0.1297
vn 0.0039 0.9959 -0.0905
vn -0.1059 0.9903 -0.0902
vn 0.0274 0.9979 0.0587
vn -0.5876 0.7291 -0.3509
vn -0.2318 0.9693 -0.0824
vn -0.8830 0.2020 -0.4237
vn -0.9244 0.1230 -0.3610
vn -0.9156 0.0357 -0.4004
vn -0.9181 0.2642 -0.2955
vn -0.9496 0.0355 -0.3113
vn -0.9200 0.0276 -0.3909
vn -0.9613 0.1464 -0.2334
vn -0.9141 0.0673 -0.3998
vn -0.9075 0.0991 -0.4082
vn -0.9316 0.0436 -0.3608
vn -0.9171 0.0674 -0.3930
vn -0.9170 0.0675 -0.3930
vn -0.9179 0.0516 -0.3934
vn -0.9192 0.0513 -0.3905
vn -0.9151 0.0516 -0.4000
vn -0.9125 0.0434 -0.4069
vn -0.9012 0.0278 -0.4326
vn -0.9211 0.0672 -0.3834
vn -0.9112 0.0671 -0.4065
vn -0.8884 0.0671 -0.4541
vn -0.9165 0.0754 -0.3929
vn -0.9230 -0.0198 -0.3843
vn -0.9325 0.0040 -0.3611
vn -0.9664 0.0197 -0.2564
vn -0.9628 0.0515 -0.2654
vn -0.9225 0.1386 -0.3603
vn -0.8608 0.1150 -0.4958
vn -0.9891 0.1456 -0.0199
vn -0.8256 0.1304 -0.5490
vn -0.8176 0.1461 -0.5569
vn -0.8616 0.5075 0.0039
vn -0.7803 0.1545 -0.6060
vn -0.8038 0.1227 -0.5822
vn -0.3029 0.9471 0.1062
vn -0.7147 0.0356 -0.6986
vn -0.8022 -0.0198 -0.5968
vn -0.7454 -0.0040 -0.6666
vn -0.7693 -0.1854 -0.6114
vn -0.7030 0.0199 -0.7109
vn -0.7334 -0.0515 -0.6779
vn -0.7007 -0.3206 -0.6373
vn -0.8417 -0.1779 -0.5098
vn -0.6926 -0.2018 -0.6926
vn -0.9378 -0.0437 -0.3443
vn -0.2097 -0.9366 -0.2807
vn -0.6944 -0.1150 -0.7103
vn -0.4172 -0.5123 -0.7507
vn -0.5989 -0.0753 -0.7972
vn -0.6389 -0.1707 -0.7501
vn -0.6296 -0.4079 -0.6612
vn -0.5246 -0.1380 -0.8401
vn -0.5752 -0.2420 -0.7814
vn -0.5498 -0.4787 -0.6845
vn -0.4708 -0.5262 -0.7082
vn -0.4705 -0.1700 -0.8659
vn -0.4877 -0.2974 -0.8208
vn -0.3674 -0.5650 -0.7388
vn -0.3775 -0.3377 -0.8622
vn -0.3599 -0.3837 -0.8504
vn -0.1308 -0.9234 -0.3610
vn -0.1540 -0.3987 -0.9041
vn -0.1625 -0.3685 -0.9153
vn -0.1389 -0.6468 -0.7499
vn -0.0594 -0.6693 -0.7406
vn -0.0040 -0.8821 -0.4710
vn 0.0118 -0.9914 -0.1306
vn 0.0277 -0.3280 -0.9443
vn 0.0437 -0.3375 -0.9403
vn 0.0674 -0.6854 -0.7250
vn 0.1708 -0.6475 -0.7427
vn 0.2177 -0.3207 -0.9218
vn 0.2171 -0.6198 -0.7541
vn 0.3763 -0.5348 -0.7566
vn 0.1709 -0.3775 -0.9101
vn 0.3761 -0.2811 -0.8829
vn 0.4552 -0.4948 -0.7402
vn 0.1383 -0.9287 -0.3441
vn 0.4700 -0.2409 -0.8491
vn 0.5477 -0.4374 -0.7132
vn 0.3434 -0.3276 -0.8802
vn 0.4544 -0.1304 -0.8812
vn 0.5560 -0.1932 -0.8084
vn 0.6176 -0.3658 -0.6963
vn 0.3838 -0.4950 -0.7796
vn 0.5169 -0.1144 -0.8484
vn 0.6211 -0.1385 -0.7714
vn 0.6520 -0.3280 -0.6836
vn 0.6099 -0.0512 -0.7908
vn 0.6917 -0.0988 -0.7154
vn 0.6583 -0.3351 -0.6741
vn 0.7104 -0.1531 -0.6869
vn 0.3839 -0.4947 -0.7797
vn 0.5083 -0.6581 -0.5555
vn 0.7115 -0.0983 -0.6958
vn 0.6971 -0.3191 -0.6421
vn 0.5083 -0.6581 -0.5554
vn 0.7536 -0.0908 -0.6510
vn 0.8084 -0.1932 -0.5560
vn 0.7677 -0.1693 -0.6181
vn 0.7919 0.0039 -0.6106
vn 0.8314 0.0039 -0.5556
vn 0.8665 0.0353 -0.4979
vn 0.8518 0.0432 -0.5221
vn 0.8702 0.0906 -0.4843
vn 0.9048 0.0744 -0.4192
vn 0.7985 -0.1927 -0.5703
vn 0.9212 0.0272 -0.3881
vn 0.6511 -0.5328 -0.5406
vn 0.6888 -0.6258 -0.3660
vn 0.2093 -0.9586 -0.1933
vn 0.7992 -0.5235 -0.2953
vn 0.0120 -0.9914 -0.1304
vn 0.9617 -0.0432 -0.2708
vn 0.7529 -0.6267 -0.2010
vn 0.2173 -0.9674 -0.1303
vn 0.0040 -0.9998 -0.0198
vn -0.1702 -0.9767 -0.1305
vn 0.2416 -0.9694 -0.0436
vn -0.1947 -0.9802 -0.0357
vn 0.0039 -0.9881 0.1535
vn 0.0038 -0.9998 -0.0197
vn -0.7583 -0.5915 -0.2739
vn -0.7354 -0.6556 -0.1710
vn -0.9672 -0.0513 -0.2487
vn -0.7412 -0.6699 -0.0436
vn -0.9983 0.0276 -0.0513
vn -0.9930 -0.1068 -0.0514
vn -0.9206 -0.1855 0.3437
vn -0.9555 -0.0039 0.2949
vn -0.2393 -0.2235 0.9448
vn -0.7527 -0.6189 0.2245
vn -0.9206 -0.1859 0.3435
vn -0.1547 -0.9782 0.1386
vn -0.2018 -0.8264 0.5256
vn -0.2016 -0.8265 0.5256
vn 0.0118 -0.8650 0.5016
vn -0.2017 -0.8263 0.5259
vn -0.9205 -0.1857 0.3439
vn -0.7528 -0.6187 0.2249
vn 0.0197 -0.2008 0.9794
vn 0.2324 -0.8146 0.5314
vn 0.2704 -0.1919 0.9434
vn 0.2020 -0.9696 0.1385
vn 0.7910 -0.6097 -0.0511
vn 0.7903 -0.5702 0.2241
vn 0.9945 -0.0983 -0.0354
vn 0.9336 -0.1680 0.3164
vn 0.9990 0.0274 -0.0353
vn 0.9584 -0.0039 0.2855
vn 0.3397 0.1210 0.9327
vn 0.4433 0.4273 0.7880
vn 0.0039 0.2160 0.9764
vn 0.9020 0.3788 0.2070
vn 0.2238 0.7968 0.5613
vn 0.9651 0.2618 0.0039
vn -0.3501 0.0983 0.9316
vn 0.3168 0.9417 0.1133
vn -0.4917 0.3973 0.7749
vn -0.9253 0.3113 0.2166
vn -0.2076 0.8023 0.5597
vn 0.0195 0.9252 0.3789
vn 0.3418 0.9384 0.0510
vn 0.4125 0.8993 -0.1454
vn 0.9300 0.3181 -0.1844
vn 0.9568 0.0433 -0.2875
vn 0.9042 0.2861 -0.3171
vn 0.9571 0.0355 -0.2875
vn 0.9449 0.0353 -0.3254
vn 0.9140 0.0353 -0.4041
vn 0.9215 0.0118 -0.3882
vn 0.9146 -0.0118 -0.4043
vn 0.9053 0.0666 -0.4196
vn 0.9073 0.0825 -0.4124
vn 0.9145 -0.0116 -0.4043
vn 0.8998 0.0825 -0.4284
vn 0.8847 0.0748 -0.4601
vn 0.8869 0.1223 -0.4454
vn 0.9015 0.0984 -0.4214
vn 0.8971 0.1137 -0.4270
vn 0.9095 0.0906 -0.4057
vn 0.9022 0.0906 -0.4216
vn 0.8953 0.0828 -0.4377
vn 0.8858 0.0590 -0.4604
vn 0.9029 0.0828 -0.4218
vn 0.8754 0.0903 -0.4748
vn 0.9145 -0.0116 -0.4044
vn 0.8753 0.0903 -0.4750
vn 0.8944 0.0433 -0.4452
vn 0.9178 0.0749 -0.3900
vn 0.8662 0.0980 -0.4900
vn 0.8372 0.2555 -0.4835
vn 0.7697 0.5194 -0.3712
vn 0.4999 -0.8386 -0.2164
vn 0.4860 -0.8653 -0.1225
vn 0.3978 -0.7840 -0.4766
vn 0.3590 -0.8325 -0.4219
vn 0.2797 -0.9109 -0.3035
vn 0.1383 -0.8914 -0.4317
vn 0.1385 -0.9869 -0.0832
vn 0.2259 -0.9081 -0.3527
vn 0.0746 -0.9971 -0.0118
vn 0.5018 -0.8497 0.1620
vn -0.0199 -0.8853 -0.4645
vn 0.0594 -0.8432 -0.5343
vn 0.0356 -0.7675 -0.6400
vn 0.0515 -0.8279 -0.5585
vn -0.0994 -0.8477 -0.5211
vn -0.1468 -0.8776 -0.4565
vn 0.0117 -0.8854 -0.4647
vn 0.0593 -0.9744 -0.2170
vn -0.2413 -0.9072 -0.3445
vn -0.1225 -0.9308 -0.3443
vn -0.3532 -0.8377 -0.4167
vn -0.4483 -0.8372 -0.3132
vn -0.3431 -0.9192 -0.1933
vn -0.4885 -0.8699 0.0675
vn 0.1306 -0.9767 0.1701
vn -0.7374 -0.4535 0.5005
vn 0.0909 -0.9699 0.2258
vn -0.5575 -0.7234 0.4073
vn -0.5676 0.4165 -0.7102
vn -0.9911 0.1145 -0.0674
vn -0.5957 -0.1301 0.7926
vn -0.9835 0.1066 0.1462
vn -0.5176 -0.2252 0.8255
vn -0.1138 -0.2159 0.9698
vn -0.3507 -0.8476 0.3982
vn -0.0826 -0.3506 0.9329
vn 0.3032 -0.6896 0.6577
vn 0.0907 -0.8560 0.5089
vn -0.1690 -0.7678 0.6179
vn 0.3589 -0.8324 0.4222
vn 0.3573 -0.3259 0.8753
vn 0.3659 -0.2006 0.9088
vn 0.7443 -0.6499 0.1536
vn -0.0594 -0.9897 0.1303
vn -0.2177 -0.9457 0.2414
vn 0.9942 0.0196 0.1058
vn 0.9505 -0.0351 0.3088
vn -0.0978 0.9887 0.1134
vn 0.4980 0.8668 0.0276
vn 0.7443 -0.6499 0.1534
vn -0.8657 -0.3120 0.3913
vn -0.8696 0.0986 0.4838
vn -0.9401 0.2163 0.2635
vn -0.9334 0.2246 0.2797
vn -0.9450 0.0672 0.3202
vn -0.6451 0.7482 -0.1547
vn 0.2871 0.8222 -0.4915
vn -0.4035 0.8892 0.2155
vn -0.8688 0.3422 0.3580
vn 0.5674 0.8176 -0.0981
vn 0.4978 0.8668 0.0276
vn 0.6791 0.7179 0.1531
vn 0.9918 0.1137 -0.0588
vn 0.9214 0.3880 0.0194
vn 0.1762 0.7558 0.6306
vn -0.4760 0.8775 0.0592
vn -0.9619 0.0675 0.2649
vn -0.9174 -0.0118 0.3977
vn -0.5096 0.8571 -0.0751
vn -0.9162 0.0513 0.3974
vn -0.1853 0.8312 -0.5241
vn -0.6107 0.5561 0.5637
vn 0.5907 0.7315 -0.3406
vn 0.9214 0.3881 0.0199
vn 0.9519 0.1449 0.2700
vn 0.7408 0.6542 0.1526
vn 0.4190 0.5675 0.7087
vn 0.5122 0.6377 0.5753
vn -0.9188 0.0594 0.3903
vn -0.9219 0.2493 0.2964
vn -0.9095 0.0906 0.4056
vn -0.0986 0.7851 -0.6115
vn 0.7263 0.5379 -0.4280
vn 0.8209 0.2632 -0.5068
vn -0.2629 0.9606 0.0899
vn 0.8154 0.5750 -0.0667
vn 0.7516 0.5079 -0.4209
vn -0.1293 0.8907 0.4359
vn -0.6955 0.2083 0.6877
vn 0.4885 0.2618 0.8324
vn -0.0907 0.5945 -0.7989
vn 0.8014 0.4808 -0.3557
vn 0.7126 0.5551 -0.4291
vn -0.8522 0.5228 -0.0197
vn 0.5221 0.7975 -0.3022
vn -0.8019 0.3120 0.5096
vn -0.8559 0.0197 0.5167
vn -0.7762 -0.1221 0.6186
vn -0.1991 0.5973 0.7769
vn -0.5944 -0.0905 0.7991
vn 0.8288 0.5461 0.1220
vn -0.3902 -0.1379 0.9104
vn 0.8202 0.1452 0.5533
vn -0.3562 0.1058 0.9284
vn -0.7507 0.2553 0.6093
vn 0.2564 0.5957 -0.7612
vn 0.7008 0.5598 -0.4422
vn 0.5009 0.5325 -0.6823
vn -0.4768 0.5555 -0.6812
vn 0.2390 0.9061 -0.3491
vn -0.9166 0.1613 0.3659
vn -0.8219 0.3659 0.4365
vn -0.5633 -0.0748 0.8229
vn -0.4188 0.0826 0.9043
vn 0.5746 0.7937 0.1997
vn 0.7085 0.6380 0.3017
vn -0.2944 -0.0353 0.9550
vn 0.8676 0.3101 0.3889
vn -0.2167 -0.1380 0.9664
vn -0.3194 -0.0984 0.9425
vn 0.1213 -0.1917 0.9739
vn -0.3031 -0.0905 0.9486
vn -0.4384 0.0673 0.8963
vn -0.9949 0.0674 0.0753
vn 0.2636 0.3818 -0.8858
vn 0.3105 0.5621 -0.7666
vn -0.4982 -0.0118 0.8670
vn -0.3020 -0.0275 0.9529
vn -0.5168 -0.0039 0.8561
vn -0.3019 -0.0274 0.9529
vn -0.2005 -0.0351 0.9791
vn -0.9737 0.2251 0.0353
vn -0.0116 -0.0983 0.9951
vn -0.3177 -0.0822 0.9446
vn -0.0272 -0.0905 0.9955
vn -0.1374 -0.0982 0.9856
vn -0.0826 -0.1376 0.9870
vn 0.5852 -0.2160 0.7816
vn 0.9325 -0.1600 0.3238
vn -0.2938 0.1920 0.9364
vn 0.9529 -0.0742 0.2940
vn -0.4281 0.2240 0.8755
vn -0.1215 0.1764 0.9768
vn -0.2703 0.8337 0.4815
vn -0.0118 0.8546 0.5191
vn 0.2465 0.8324 0.4963
vn 0.4649 0.8548 -0.2306
vn 0.3174 0.8506 -0.4193
vn 0.0591 0.9345 -0.3510
vn 0.2797 0.3037 -0.9108
vn 0.4767 0.2638 -0.8385
vn 0.6225 0.2777 -0.7317
vn -0.8108 0.2570 -0.5259
vn -0.7970 -0.0667 0.6003
vn -0.0043 0.6107 -0.7919
vn -0.0983 -0.0432 0.9942
vn -0.5945 0.3033 -0.7447
vn 0.0829 0.6430 -0.7614
vn -0.0749 0.7473 -0.6603
vn -0.0276 0.4612 -0.8869
vn 0.0590 0.4605 -0.8857
vn 0.8831 0.1923 -0.4279
vn 0.6090 0.2790 -0.7425
vn 0.0355 0.7259 -0.6869
vn 0.0821 0.0195 0.9964
vn 0.1937 0.6399 -0.7437
vn -0.9294 0.2650 -0.2571
vn 0.5300 -0.0824 0.8440
vn 0.1610 0.0116 0.9869
vn 0.0274 0.2471 0.9686
vn -0.0899 0.1453 0.9853
vn -0.0907 0.7198 -0.6882
vn -0.2153 0.0589 0.9748
vn 0.1374 -0.0982 0.9856
vn 0.2778 -0.1370 0.9508
vn 0.0978 -0.1056 0.9896
vn 0.3480 -0.0743 0.9345
vn -0.5079 -0.1141 0.8538
vn 0.2853 -0.0430 0.9575
vn 0.0825 -0.0665 0.9944
vn 0.3960 -0.0980 0.9130
vn 0.2397 -0.0037 0.9708
vn 0.1296 -0.0039 0.9916
vn 0.3811 -0.0589 0.9227
vn 0.9678 0.1526 -0.2001
vn 0.0981 0.0039 0.9952
vn 0.9400 0.1222 -0.3186
vn 0.3787 -0.0195 0.9253
vn 0.2691 0.5809 0.7682
vn 0.1692 0.9152 -0.3657
vn 0.0746 0.6482 0.7578
vn -0.0197 0.4297 -0.9028
vn -0.0276 0.8372 -0.5463
vn 0.2252 0.6356 -0.7384
vn -0.1861 0.4315 -0.8827
vn -0.3518 0.8575 -0.3754
vn -0.1535 0.7027 0.6947
vn -0.2481 -0.0905 0.9645
vn -0.8109 0.2571 -0.5257
vn -0.1540 0.6582 -0.7369
vn -0.0754 0.7473 -0.6602
vn -0.2160 0.7433 -0.6331
vn -0.3497 0.7665 -0.5387
vn -0.8412 -0.0908 0.5331
vn -0.9620 0.0908 -0.2575
vn 0.0193 0.0274 0.9994
vn -0.7318 0.3914 -0.5579
vn -0.2165 0.7432 -0.6331
vn -0.8875 -0.0828 0.4533
vn -0.1218 0.6098 -0.7832
vn -0.4674 0.6952 -0.5461
vn -0.3349 0.8078 -0.4850
vn -0.3819 0.2637 -0.8858
vn -0.8734 -0.0277 -0.4861
vn -0.3440 0.5255 -0.7781
vn -0.4743 0.8656 0.1606
vn -0.0510 0.2394 0.9696
vn -0.0430 0.9982 -0.0429
vn -0.1541 0.5418 -0.8262
vn -0.1143 0.4141 -0.9030
vn 0.0119 0.5412 -0.8408
vn 0.5384 0.2946 -0.7895
vn 0.1833 0.2305 0.9556
vn 0.2471 0.9604 -0.1289
vn 0.2570 0.3989 -0.8802
vn 0.4496 0.1913 0.8725
vn 0.2855 0.0117 0.9583
vn 0.6069 -0.0118 0.7947
vn 0.7702 -0.0352 0.6369
vn 0.7514 0.1849 -0.6334
vn 0.4108 0.0117 0.9117
vn 0.5151 -0.0826 0.8532
vn 0.6377 -0.1526 0.7550
vn -0.9360 0.3355 -0.1064
vn 0.7985 -0.0980 0.5940
vn 0.9058 -0.0588 0.4196
vn -0.6905 0.5876 -0.4220
vn -0.4678 0.6952 -0.5458
vn -0.5415 0.6363 -0.5494
vn -0.5722 0.6668 -0.4775
vn -0.6924 0.6057 -0.3920
vn -0.8219 0.5546 -0.1299
vn -0.6579 0.5083 -0.5557
vn -0.3504 0.5241 -0.7763
vn 0.9190 0.3872 -0.0744
vn -0.3741 0.7368 -0.5633
vn -0.8273 0.4314 -0.3599
vn -0.4690 0.8475 -0.2484
vn -0.7458 0.6116 -0.2641
vn -0.6088 0.0826 0.7890
vn -0.7453 -0.0197 0.6664
vn 0.0429 0.1688 0.9847
vn 0.2551 -0.0904 0.9627
vn 0.5269 0.1759 0.8316
vn 0.8489 0.3325 0.4108
vn 0.6626 -0.0039 0.7489
vn 0.6924 0.0900 0.7159
vn 0.4665 0.2704 0.8422
vn 0.5656 0.1677 0.8074
vn 0.1521 0.1212 0.9809
vn -0.9441 0.3278 -0.0352
vn -0.6928 0.6054 -0.3918
vn 0.7551 0.2073 0.6220
vn -0.1924 0.4436 0.8753
vn 0.4507 0.3726 0.8112
vn -0.8722 0.4617 -0.1615
vn -0.5876 0.7774 -0.2245
vn -0.6049 0.4784 -0.6366
vn -0.6423 0.4926 -0.5872
vn -0.8432 0.3761 0.3841
vn -0.1531 0.8530 -0.4989
vn 0.8079 0.5115 0.2927
vn 0.2021 0.4239 -0.8829
vn 0.8059 0.3422 -0.4832
vn 0.8351 0.2784 0.4744
vn 0.9333 0.0508 0.3554
vn 0.9417 0.0901 0.3243
vn 0.9865 0.0747 0.1454
vn 0.9442 0.1763 0.2782
vn 0.9821 0.1370 0.1292
vn 0.9931 0.1138 0.0275
vn 0.9617 -0.0432 0.2708
vn 0.9793 -0.1615 0.1218
vn 0.6752 0.7376 0.0036
vn -0.7373 -0.4535 0.5007
vn -0.3418 0.9391 -0.0351
vn 0.3332 0.8820 -0.3332
vn -0.3417 0.9391 -0.0350
vn 0.5182 0.8299 0.2065
vn -0.7135 0.6662 -0.2168
vn -0.9746 0.0986 -0.2012
vn 0.3322 0.7706 0.5438
vn -0.8219 0.5624 0.0908
vn -0.9202 0.2015 -0.3357
vn -0.4437 0.7107 0.5460
vn 0.7579 0.5459 0.3572
vn 0.6303 0.7480 -0.2078
vn -0.3434 0.8175 -0.4624
vn -0.4437 0.7108 0.5458
vn -0.9201 0.2014 -0.3359
vn 0.6236 0.7177 0.3098
vn -0.6891 0.6890 -0.2244
vn -0.9324 0.1071 -0.3452
vn -0.9684 0.2490 0.0116
vn -0.4195 0.5764 0.7013
vn 0.0276 0.4518 0.8917
vn 0.8255 0.3873 0.4104
vn 0.8974 0.2234 -0.3804
vn -0.2496 0.5507 -0.7965
vn 0.7935 0.5045 0.3402
vn -0.8259 0.5098 -0.2410
vn 0.5987 0.7320 -0.3251
vn -0.9920 -0.0672 -0.1067
vn -0.0039 0.9987 0.0509
vn 0.5040 0.4339 0.7468
vn -0.0355 0.9302 0.3653
vn -0.2627 0.1531 0.9527
vn -0.8433 0.3762 0.3838
vn -0.6955 0.6091 0.3811
vn -0.7150 -0.0197 0.6988
vn -0.8656 -0.3126 0.3913
vn -0.9118 -0.3433 0.2252
vn -0.8695 0.0980 0.4841
vn -0.9041 -0.3987 0.1539
vn 0.7444 -0.6498 0.1536
vn -0.2177 -0.9458 0.2411
vn -0.7095 -0.6776 0.1938
vn -0.9082 -0.4085 0.0912
vn -0.9129 -0.2964 0.2806
vn -0.5029 -0.8117 -0.2970
vn -0.6594 -0.7148 0.2330
vn 0.4865 -0.8273 -0.2810
vn -0.0594 -0.9897 0.1302
vn 0.5022 -0.8494 0.1620
vn 0.5002 -0.8627 -0.0749
vn 0.2877 -0.8394 0.4611
vn 0.2182 -0.9159 -0.3369
vn -0.1062 -0.6331 0.7668
vn -0.4090 -0.8379 0.3614
vn -0.8802 -0.4461 0.1618
vn -0.4553 -0.6374 -0.6216
vn -0.0750 -0.7397 -0.6687
vn 0.2181 -0.9159 -0.3369
vn -0.7253 -0.6859 0.0591
vn 0.3437 -0.9117 -0.2251
vn 0.5018 -0.8496 0.1623
vn 0.5782 -0.8147 0.0434
vn 0.4861 -0.8652 -0.1227
vn -0.9124 -0.3516 0.2094
vn -0.6365 -0.6447 0.4234
vn 0.0196 -0.7742 0.6327
vn -0.1065 -0.9649 0.2401
vn -0.8504 -0.4232 0.3125
vn -0.8791 -0.1695 0.4455
vn -0.8496 -0.0435 0.5256
vn -0.5050 -0.5609 -0.6561
vn -0.8685 -0.0668 0.4912
vn -0.7515 0.0590 0.6571
vn -0.0672 -0.5341 -0.8427
vn -0.6929 -0.6378 0.3364
vn 0.3125 -0.8424 -0.4390
vn 0.9883 0.0040 0.1524
vn 0.3036 -0.9107 0.2802
vn 0.4998 -0.8386 -0.2165
vn -0.1450 -0.6635 0.7340
vn -0.8671 -0.2970 0.3999
vn -0.9782 -0.1862 -0.0914
vn -0.8810 -0.1778 0.4385
vn -0.6152 -0.6312 -0.4724
vn -0.6298 -0.6458 0.4316
vn 0.0353 -0.6448 -0.7635
vn 0.0115 -0.9990 0.0434
vn 0.3587 -0.5405 -0.7611
vn 0.3976 -0.7841 -0.4766
vn 0.7429 -0.6410 -0.1927
vn 0.3587 -0.8326 -0.4220
vn 0.5475 -0.7132 0.4376
vn 0.7817 -0.4125 0.4678
vn 0.1384 -0.8912 -0.4319
vn -0.5143 -0.2947 0.8054
vn -0.8910 -0.1626 0.4238
vn -0.9895 -0.1380 0.0434
vn -0.7130 0.0748 0.6972
vn -0.4372 0.1930 0.8784
vn 0.3740 -0.5633 -0.7368
vn 0.2798 -0.9108 -0.3036
vn -0.8693 -0.0511 0.4917
vn 0.3989 -0.7779 -0.4856
vn -0.8630 -0.3115 0.3977
vn -0.4687 -0.4219 0.7761
vn 0.5494 -0.8181 -0.1699
vn -0.2799 -0.2172 0.9351
vn 0.6866 -0.6240 0.3731
vn 0.0749 -0.9971 -0.0121
vn -0.6353 -0.0671 0.7694
vn -0.4910 0.1374 0.8602
vn -0.8002 -0.0750 0.5950
vn -0.2161 0.1061 0.9706
vn 0.0668 0.0825 0.9943
vn -0.4765 -0.0433 0.8781
vn -0.4134 -0.0433 0.9095
vn -0.5251 -0.4857 -0.6988
vn 0.2258 -0.9080 -0.3529
vn -0.2971 -0.7567 -0.5824
vn 0.2014 -0.6436 -0.7384
vn -0.6673 -0.3752 0.6433
vn 0.1464 -0.9150 -0.3760
vn -0.3508 -0.3984 0.8475
vn -0.1214 -0.1217 0.9851
vn -0.0430 -0.3974 0.9166
vn 0.4212 -0.8462 -0.3264
vn 0.4868 -0.5894 -0.6447
vn 0.0593 -0.8430 -0.5346
vn 0.8927 -0.2399 0.3815
vn -0.8670 -0.2493 -0.4315
vn -0.1534 0.0511 0.9868
vn -0.5077 0.0275 0.8611
vn -0.9549 -0.2102 -0.2099
vn -0.8671 -0.2492 -0.4314
vn -0.4059 -0.2246 0.8859
vn -0.3301 -0.4892 -0.8073
vn 0.0596 -0.8432 -0.5343
vn 0.0358 -0.7672 -0.6404
vn -0.3532 -0.9240 0.1465
vn -0.2468 -0.3020 0.9208
vn 0.1068 -0.5268 -0.8433
vn -0.1141 -0.9641 0.2396
vn 0.2018 -0.4864 -0.8501
vn 0.0512 -0.8280 -0.5584
vn 0.1935 -0.4778 -0.8569
vn 0.9618 -0.2553 -0.0984
vn 0.9299 -0.1372 0.3414
vn 0.0512 -0.9410 0.3345
vn 0.8082 -0.5563 -0.1932
vn 0.6093 -0.3499 0.7116
vn 0.0513 -0.2803 0.9585
vn 0.3490 0.0352 0.9365
vn 0.0904 -0.0433 0.9950
vn -0.9840 -0.1779 -0.0042
vn 0.2471 -0.0039 0.9690
vn 0.4729 0.1290 0.8716
vn -0.2951 0.0275 0.9551
vn -0.1389 -0.4318 -0.8912
vn 0.1611 -0.0432 0.9860
vn -0.9292 -0.3679 -0.0357
vn -0.2629 -0.1531 0.9526
vn -0.1069 -0.6704 -0.7343
vn -0.1309 -0.5672 -0.8131
vn -0.0994 -0.8474 -0.5215
vn 0.2235 -0.2944 0.9292
vn -0.0276 -0.7637 -0.6450
vn 0.1776 -0.8474 -0.5004
vn 0.4242 -0.3843 -0.8200
vn 0.0119 -0.8855 -0.4646
vn 0.4574 -0.3323 0.8248
vn 0.4263 -0.0508 0.9032
vn 0.9942 -0.0904 -0.0587
vn 0.3810 0.0510 0.9232
vn -0.0511 -0.2948 0.9542
vn 0.3961 0.0902 0.9138
vn -0.7963 -0.5907 -0.1307
vn -0.1469 -0.8775 -0.4566
vn 0.4670 -0.3492 0.8124
vn -0.1065 -0.8183 -0.5649
vn 0.2729 -0.5653 -0.7784
vn 0.0591 -0.9743 -0.2172
vn 0.7632 -0.3091 0.5674
vn 0.5273 -0.2070 0.8241
vn 0.6387 0.0901 0.7641
vn 0.6987 0.1132 0.7064
vn 0.1838 -0.2154 0.9591
vn 0.8659 -0.0512 0.4976
vn -0.7809 -0.5986 0.1786
vn -0.2416 -0.9071 -0.3447
vn 0.8667 -0.0275 0.4981
vn -0.5047 -0.7275 -0.4649
vn -0.1228 -0.9308 -0.3442
vn 0.1135 -0.7181 0.6866
vn 0.6710 -0.1844 0.7181
vn 0.6792 -0.5457 0.4909
vn 0.6657 -0.7445 0.0511
vn 0.8937 -0.2147 0.3939
vn 0.4767 -0.3981 -0.7837
vn 0.8132 -0.4595 0.3573
vn 0.8558 -0.1915 0.4806
vn 0.2944 -0.5384 0.7896
vn -0.1226 -0.9309 -0.3441
vn -0.5103 -0.8501 0.1305
vn -0.3530 -0.8377 -0.4168
vn 0.6810 -0.6342 0.3661
vn -0.4333 -0.7671 -0.4730
vn -0.3436 -0.9190 -0.1933
vn 0.1149 -0.7409 -0.6617
vn 0.5953 -0.6346 0.4928
vn 0.8625 -0.4610 -0.2090
vn 0.8240 -0.5166 0.2326
vn 0.8714 -0.0979 0.4807
vn 0.6686 -0.5671 0.4810
vn 0.8891 -0.0825 0.4503
vn 0.9426 -0.1056 0.3168
vn -0.2476 -0.7269 0.6405
vn -0.3429 -0.9192 -0.1935
vn -0.6987 -0.7149 -0.0275
vn 0.7645 -0.5921 0.2548
vn -0.5802 -0.7385 -0.3435
vn -0.4483 -0.8370 -0.3137
vn -0.0119 -0.5827 -0.8126
vn 0.0593 -0.8722 0.4855
vn 0.3192 -0.6582 -0.6818
vn 0.7609 -0.5244 0.3821
vn 0.9501 -0.2463 0.1916
vn 0.6085 -0.6873 0.3968
vn -0.1302 -0.7927 0.5955
vn -0.4482 -0.8371 -0.3137
vn -0.6980 -0.7137 -0.0591
vn 0.6579 -0.7373 -0.1538
vn -0.6194 -0.7303 -0.2881
vn -0.4886 -0.8699 0.0673
vn 0.9177 -0.3663 0.1537
vn -0.5012 -0.6276 0.5957
vn 0.9715 -0.1927 0.1377
vn -0.3041 -0.8651 -0.3990
vn 0.9780 -0.2082 -0.0118
vn 0.1305 -0.9768 0.1700
vn 0.4355 -0.7102 0.5531
vn 0.6273 -0.7456 -0.2249
vn 0.8787 -0.4769 -0.0200
vn 0.9793 -0.1615 0.1220
vn -0.7372 -0.4537 0.5008
vn 0.9759 -0.2154 -0.0353
vn -0.0515 0.2336 -0.9710
vn 0.0039 0.2174 -0.9761
vn 0.0039 0.2321 -0.9727
vn -0.1538 0.2406 -0.9584
vn -0.2409 0.2248 -0.9441
vn -0.0432 0.9300 -0.3651
vn 0.0196 0.9453 -0.3258
vn 0.0039 0.9998 -0.0196
vn -0.3853 0.2582 -0.8859
vn -0.3843 0.1703 -0.9073
vn -0.0985 0.9400 -0.3266
vn -0.6060 0.1545 -0.7803
vn -0.0509 0.9986 -0.0118
vn 0.0195 0.9728 0.2306
vn -0.6446 0.2887 -0.7079
vn -0.5393 0.6890 -0.4842
vn -0.2862 0.9371 -0.2000
vn -0.8436 0.2258 -0.4872
vn -0.7228 0.1462 -0.6754
vn -0.9039 0.0671 -0.4225
vn -0.9319 0.0357 -0.3609
vn -0.7772 0.5168 -0.3590
vn -0.6014 0.7978 0.0432
vn -0.9319 0.0833 -0.3530
vn -0.9600 0.1857 -0.2094
vn -0.9325 -0.0119 -0.3611
vn -0.9251 -0.0437 -0.3772
vn -0.9760 0.0830 -0.2015
vn -0.9200 -0.0277 -0.3909
vn -0.8998 -0.1308 -0.4162
vn -0.5153 0.7749 0.3660
vn 0.0116 0.3256 0.9454
vn -0.9760 0.2015 0.0830
vn -0.2875 0.0435 0.9568
vn -0.8953 0.2406 0.3749
vn 0.0118 -0.4140 0.9102
vn -0.6749 -0.2801 0.6827
vn -0.9691 -0.0514 -0.2413
vn -0.5577 -0.7553 0.3443
vn -0.6788 -0.7340 -0.0199
vn -0.2011 -0.9661 0.1620
vn -0.7469 -0.6284 -0.2174
vn -0.2099 -0.9773 -0.0278
vn -0.9090 -0.1391 -0.3930
vn -0.5807 -0.7699 -0.2648
vn -0.9051 -0.0435 -0.4229
vn -0.8862 -0.0755 -0.4570
vn -0.8764 -0.2419 -0.4164
vn -0.8467 -0.0596 -0.5287
vn -0.8103 -0.1225 -0.5731
vn -0.7325 -0.4315 -0.5266
vn -0.6693 -0.1230 -0.7327
vn -0.6316 -0.5598 -0.5364
vn -0.5281 -0.6313 -0.5680
vn -0.3906 -0.6428 -0.6589
vn -0.6783 -0.0357 -0.7339
vn -0.4643 -0.1233 -0.8771
vn -0.2016 -0.7233 -0.6604
vn -0.7719 -0.3444 -0.5344
vn -0.4795 -0.2100 -0.8520
vn -0.4473 -0.8114 -0.3762
vn -0.2414 -0.1308 -0.9616
vn -0.0913 -0.7502 -0.6549
vn -0.3135 -0.1786 -0.9326
vn -0.0830 -0.1545 -0.9845
vn -0.0752 -0.1543 -0.9852
vn -0.1704 -0.8517 -0.4955
vn -0.0119 -0.1705 -0.9853
vn -0.0119 -0.7493 -0.6621
vn -0.2333 -0.9529 -0.1938
vn 0.0671 -0.1700 -0.9832
vn 0.0672 -0.7477 -0.6606
vn -0.0040 -0.2732 -0.9619
vn 0.2576 -0.1469 -0.9550
vn 0.2018 -0.7082 -0.6766
vn 0.0750 -0.1697 -0.9826
vn 0.3993 -0.6441 -0.6525
vn 0.0039 -0.8983 -0.4395
vn 0.0040 -0.9793 -0.2022
vn 0.1781 -0.8506 -0.4948
vn 0.0040 -1.0000 -0.0040
vn 0.2091 -0.9586 -0.1933
vn 0.3367 -0.1862 -0.9230
vn 0.4292 -0.8070 -0.4057
vn 0.4920 -0.1222 -0.8620
vn 0.5075 -0.2007 -0.8380
vn 0.7120 -0.0908 -0.6963
vn 0.6137 -0.5581 -0.5584
vn 0.7965 -0.4274 -0.4276
vn 0.7188 0.0039 -0.6952
vn 0.8408 -0.0279 -0.5406
vn 0.8769 -0.3027 -0.3735
vn 0.7835 -0.3346 -0.5236
vn 0.8489 -0.0592 -0.5252
vn 0.5261 -0.8106 -0.2571
vn 0.8755 0.0196 -0.4829
vn 0.8529 -0.1769 -0.4913
vn 0.8515 -0.0510 -0.5219
vn 0.8309 -0.0354 -0.5553
vn 0.7898 -0.1218 -0.6011
vn 0.8320 -0.3194 -0.4535
vn 0.8580 -0.0196 -0.5133
vn 0.9044 -0.1605 -0.3954
vn 0.7223 -0.6592 -0.2092
vn 0.8631 -0.0670 -0.5005
vn 0.7905 -0.1773 -0.5862
vn 0.9073 -0.0118 -0.4203
vn 0.9103 -0.0118 -0.4138
vn 0.9100 -0.0276 -0.4136
vn 0.8838 0.0196 -0.4674
vn 0.9645 -0.0906 -0.2480
vn 0.9691 0.0588 -0.2394
vn 0.8864 0.0432 -0.4609
vn 0.8655 0.0587 -0.4974
vn 0.9693 0.0824 -0.2316
vn 0.9857 0.1609 0.0508
vn 0.7824 0.2320 -0.5780
vn 0.7347 0.2003 -0.6482
vn 0.5534 0.2158 -0.8045
vn 0.8965 0.3171 -0.3093
vn 0.5722 0.3039 -0.7617
vn 0.4062 0.2482 -0.8794
vn 0.7738 0.4596 -0.4359
vn 0.3114 0.2719 -0.9105
vn 0.1781 0.2412 -0.9540
vn 0.2793 0.8845 -0.3736
vn 0.3341 0.9073 -0.2553
vn 0.5925 0.8039 0.0510
vn 0.0665 0.9974 -0.0276
vn 0.1140 0.9237 -0.3659
vn 0.1145 0.2251 -0.9676
vn 0.0983 0.2476 -0.9639
vn 0.0040 0.2321 -0.9727
vn 0.0040 0.2174 -0.9761
vn 0.0521 0.9466 -0.3183
vn 0.0196 0.9728 0.2307
vn 0.6841 0.6531 0.3246
vn 0.0120 0.3256 0.9454
vn 0.3181 0.0591 0.9462
vn 0.9342 0.1915 0.3012
vn 0.9934 -0.1060 0.0432
vn 0.7631 -0.2231 0.6066
vn 0.5941 -0.7278 0.3426
vn 0.6873 -0.7261 0.0196
vn 0.2084 -0.9633 0.1693
vn 0.2021 -0.9790 -0.0278
vn 0.0040 -0.9881 0.1537
vn -0.9911 0.1147 -0.0675
vn -0.9835 0.1067 0.1459
vn -0.2957 0.2879 -0.9109
vn -0.0435 0.2414 -0.9695
vn -0.0512 0.1379 -0.9891
vn 0.0748 0.5157 -0.8535
vn -0.5674 0.4166 -0.7103
vn 0.0591 0.1851 -0.9809
vn 0.2011 0.1617 -0.9661
vn 0.2499 0.0991 -0.9632
vn 0.9504 -0.0354 0.3091
vn 0.9942 0.0195 0.1061
vn 0.1699 0.4862 -0.8572
vn 0.7445 -0.6498 0.1535
vn 0.0513 0.5012 -0.8638
vn -0.6194 0.7848 -0.0195
vn -0.9244 -0.3370 0.1785
vn -0.0039 0.9815 -0.1917
vn -0.2003 0.9622 -0.1846
vn -0.9706 0.2260 0.0832
vn -0.2712 0.9462 0.1767
vn -0.7809 -0.5986 0.1784
vn -0.8453 -0.4722 0.2500
vn -0.9728 0.0827 0.2166
vn -0.7711 -0.5022 0.3915
vn -0.8721 -0.2014 0.4459
vn 0.0193 -0.4361 0.8997
vn 0.1219 -0.8673 0.4827
vn -0.4784 -0.8421 0.2491
vn 0.0433 -0.9611 0.2729
vn -0.9073 -0.1703 0.3844
vn -0.4457 -0.5794 0.6823
vn -0.0512 -0.2249 0.9730
vn -0.3023 0.8354 0.4590
vn -0.3491 0.6466 0.6783
vn -0.0430 0.7062 0.7067
vn -0.0352 0.8883 0.4579
vn -0.0274 0.9891 0.1446
vn 0.2857 0.6373 0.7158
vn 0.2627 0.8267 0.4976
vn 0.2470 0.9528 -0.1764
vn 0.2553 0.9459 0.2003
vn 0.8254 -0.1995 0.5281
vn 0.9099 0.2380 0.3397
vn 0.9668 0.2466 0.0665
vn 0.9959 -0.0746 0.0512
vn -0.7374 -0.4532 0.5009
vn 0.8690 -0.4679 0.1612
vn 0.8008 -0.5720 0.1775
vn 0.6102 -0.7598 0.2244
vn 0.3664 -0.7521 0.5477
vn 0.0437 -0.9610 0.2729
vn 0.1217 -0.8673 0.4827
vn 0.6619 -0.6462 0.3799
vn 0.0196 -0.4360 0.8998
vn 0.8366 -0.3417 0.4281
vn 0.0278 0.3975 -0.9172
vn 0.0513 0.4702 -0.8811
vn 0.0277 0.4391 -0.8980
vn 0.0277 0.5108 -0.8593
vn -0.0118 0.5556 -0.8314
vn 0.0275 0.5074 -0.8613
vn -0.0905 0.6255 -0.7750
vn -0.0593 0.6046 -0.7943
vn -0.1302 0.6351 -0.7614
vn -0.0512 0.5872 -0.8078
vn 0.0197 0.5555 -0.8313
vn -0.1689 0.6482 -0.7425
vn -0.0984 0.5235 -0.8463
vn 0.0115 0.4982 -0.8670
vn -0.2334 0.5815 -0.7793
vn -0.1624 0.3049 -0.9384
vn 0.0037 0.2971 -0.9548
vn -0.3285 0.3364 -0.8826
vn -0.2018 0.0672 -0.9771
vn -0.0042 0.0513 -0.9987
vn -0.0042 -0.0513 -0.9987
vn -0.3986 0.0987 -0.9118
vn -0.2413 -0.0436 -0.9695
vn -0.0121 -0.2173 -0.9760
vn -0.6055 0.1148 -0.7875
vn -0.2414 -0.2176 -0.9457
vn -0.0279 -0.4231 -0.9056
vn -0.4391 -0.0277 -0.8980
vn -0.2328 -0.4143 -0.8799
vn -0.0280 -0.4955 -0.8682
vn -0.4457 -0.2081 -0.8706
vn -0.2332 -0.4863 -0.8421
vn -0.0201 -0.3843 -0.9230
vn -0.4316 -0.3922 -0.8123
vn -0.6366 -0.0198 -0.7709
vn -0.6446 -0.1938 -0.7395
vn -0.2416 -0.3842 -0.8911
vn -0.0121 -0.1458 -0.9892
vn -0.4241 -0.4717 -0.7731
vn -0.2576 -0.1466 -0.9551
vn -0.0042 0.1547 -0.9880
vn -0.4641 -0.3690 -0.8053
vn -0.6228 -0.3610 -0.6941
vn -0.6320 -0.4253 -0.6479
vn -0.5019 -0.1621 -0.8496
vn -0.6776 -0.3368 -0.6538
vn -0.2579 0.1389 -0.9561
vn -0.2411 0.4544 -0.8575
vn -0.0118 0.4829 -0.8756
vn -0.5085 0.0985 -0.8554
vn -0.2244 0.6969 -0.6812
vn -0.0119 0.7149 -0.6991
vn -0.0199 0.8919 -0.4518
vn -0.4857 0.3988 -0.7779
vn -0.4380 0.6589 -0.6116
vn -0.2238 0.8756 -0.4280
vn -0.0199 0.9779 -0.2081
vn -0.2000 0.9608 -0.1921
vn -0.0196 0.9996 0.0196
vn -0.3907 0.8407 -0.3749
vn -0.6673 0.5647 -0.4857
vn -0.1764 0.9841 0.0196
vn -0.3496 0.9230 -0.1610
vn -0.5815 0.7635 -0.2809
vn -0.1691 0.9633 0.2084
vn -0.0039 0.9765 0.2157
vn -0.3253 0.9446 0.0431
vn -0.1687 0.9060 0.3883
vn 0.0039 0.9117 0.4109
vn -0.3252 0.9208 0.2155
vn -0.3242 0.8633 0.3867
vn -0.1844 0.8123 0.5533
vn 0.0117 0.8179 0.5753
vn -0.3423 0.7751 0.5311
vn -0.4676 0.7976 0.3811
vn -0.4597 0.7346 0.4990
vn -0.3173 0.7012 0.6385
vn -0.4669 0.8513 0.2393
vn -0.1607 0.7173 0.6780
vn -0.4504 0.6619 0.5992
vn -0.1371 0.5912 0.7948
vn 0.0118 0.7187 0.6952
vn 0.1845 0.7105 0.6791
vn -0.2862 0.6076 0.7409
vn 0.0195 0.5892 0.8077
vn -0.2230 0.4654 0.8565
vn 0.1986 0.8064 0.5571
vn 0.0040 0.9117 0.4109
vn -0.1055 0.4338 0.8948
vn 0.1686 0.9060 0.3883
vn 0.3331 0.6936 0.6388
vn 0.1528 0.9678 0.2000
vn -0.0195 0.9996 0.0196
vn 0.3408 0.7718 0.5368
vn 0.3081 0.8695 0.3860
vn 0.1524 0.9883 0.0117
vn -0.0194 0.9779 -0.2081
vn 0.2852 0.9340 0.2149
vn 0.4667 0.7255 0.5059
vn 0.1681 0.9654 -0.1993
vn 0.4327 0.8148 0.3859
vn 0.4649 0.6602 0.5899
vn 0.5752 0.6614 0.4814
vn 0.3019 0.5998 0.7410
vn 0.5899 0.5977 0.5430
vn 0.1610 0.5928 0.7891
vn 0.4495 0.5746 0.6840
vn 0.2550 0.4589 0.8511
vn 0.1218 0.4360 0.8917
vn 0.5991 0.5130 0.6148
vn 0.4334 0.4568 0.7769
vn 0.3794 0.2855 0.8801
vn 0.5967 0.4095 0.6902
vn 0.6614 0.4813 0.5752
vn 0.6632 0.3885 0.6397
vn 0.5660 0.2537 0.7844
vn 0.1989 0.2769 0.9401
vn 0.4889 0.1680 0.8560
vn 0.3090 0.1759 0.9347
vn 0.0904 0.2554 0.9626
vn 0.1523 0.1758 0.9726
vn 0.0117 0.4267 0.9043
vn 0.0118 0.2397 0.9708
vn -0.0664 0.2539 0.9650
vn -0.1687 0.2785 0.9455
vn -0.0354 0.1534 0.9875
vn -0.1218 0.1689 0.9781
vn 0.0117 0.1447 0.9894
vn 0.0588 0.1609 0.9852
vn 0.0043 0.1840 0.9829
vn 0.1138 0.2160 0.9697
vn 0.0196 0.1916 0.9813
vn 0.0039 0.1689 0.9856
vn 0.2616 0.2147 0.9410
vn 0.0821 0.2149 0.9732
vn 0.4335 0.1992 0.8789
vn 0.2465 0.2231 0.9431
vn 0.4042 0.2080 0.8907
vn 0.5498 0.1834 0.8149
vn 0.5182 0.2065 0.8299
vn 0.5913 0.1763 0.7869
vn 0.6322 0.2474 0.7343
vn 0.6917 0.2540 0.6760
vn 0.6398 0.1688 0.7497
vn 0.6277 0.1676 0.7602
vn 0.7172 0.3411 0.6076
vn 0.7531 0.1678 0.6361
vn 0.7038 0.4443 0.5544
vn 0.7782 0.2698 0.5670
vn 0.6769 0.5282 0.5126
vn 0.7789 0.3718 0.5050
vn 0.6693 0.5911 0.4501
vn 0.7769 0.4333 0.4568
vn 0.5498 0.7447 0.3782
vn 0.7888 0.4827 0.3806
vn 0.4115 0.8816 0.2312
vn 0.6592 0.6670 0.3472
vn 0.5272 0.8085 0.2616
vn 0.3972 0.9163 0.0511
vn 0.2783 0.9603 0.0196
vn 0.6439 0.7297 0.2302
vn 0.3019 0.9369 -0.1764
vn 0.7783 0.5593 0.2855
vn 0.5300 0.8440 0.0824
vn 0.7406 0.6544 0.1528
vn 0.6155 0.7879 -0.0196
vn 0.4419 0.8877 -0.1290
vn 0.8364 0.5458 0.0510
vn 0.7027 0.6948 -0.1531
vn 0.5154 0.7986 -0.3108
vn 0.8804 0.4265 0.2074
vn 0.9288 0.3645 -0.0666
vn 0.8921 0.3233 0.3156
vn 0.9613 0.2472 0.1216
vn 0.9583 0.1447 0.2464
vn 0.8422 0.3486 0.4113
vn 0.9127 0.1998 0.3565
vn 0.8448 0.2868 0.4518
vn 0.8818 0.2156 0.4194
vn 0.8347 0.1998 0.5132
vn 0.8748 0.1294 0.4668
vn 0.8101 0.1135 0.5753
vn 0.8507 0.0667 0.5214
vn 0.9058 0.0588 0.4196
vn 0.8807 0.0117 0.4736
vn 0.9249 0.1132 0.3629
vn 0.9370 -0.0118 0.3490
vn 0.9517 0.0587 0.3015
vn 0.9038 -0.0352 0.4265
vn 0.9825 -0.0274 0.1840
vn 0.9529 -0.0745 0.2941
vn 0.9965 0.0664 0.0508
vn 0.9682 -0.0745 0.2390
vn 0.9739 0.1604 -0.1604
vn 0.9261 -0.0664 0.3714
vn 0.9622 -0.1139 0.2474
vn 0.9481 -0.0668 0.3109
vn 0.9184 -0.0273 0.3947
vn 0.9679 -0.1293 0.2155
vn 0.8968 0.0039 0.4425
vn 0.9305 -0.0275 0.3652
vn 0.8629 0.0430 0.5036
vn 0.9210 0.0353 0.3880
vn 0.8264 0.0587 0.5601
vn 0.8931 0.0897 0.4407
vn 0.8578 0.1293 0.4975
vn 0.7712 0.0900 0.6302
vn 0.8095 0.1526 0.5670
vn 0.7090 0.1293 0.6933
vn 0.7439 0.1832 0.6427
vn 0.6706 0.2157 0.7098
vn 0.7870 0.1762 0.5912
vn 0.7261 0.2080 0.6554
vn 0.5913 0.2075 0.7793
vn 0.5692 0.1688 0.8047
vn 0.4887 0.1212 0.8640
vn 0.6434 0.2067 0.7371
vn 0.5429 0.0039 0.8398
vn 0.6241 0.0196 0.7811
vn 0.3872 0.0743 0.9190
vn 0.4603 -0.0671 0.8852
vn 0.2544 0.0274 0.9667
vn 0.3578 -0.2477 0.9003
vn 0.1916 -0.0117 0.9814
vn 0.2715 -0.4289 0.8616
vn 0.2787 -0.6712 0.6869
vn 0.2483 -0.7764 0.5793
vn 0.3582 -0.5314 0.7676
vn 0.1612 -0.8218 0.5465
vn 0.2404 -0.8316 0.5006
vn 0.1458 -0.9023 0.4058
vn 0.2405 -0.7058 0.6664
vn 0.2000 -0.5923 0.7805
vn 0.4599 -0.3733 0.8057
vn 0.3340 -0.6092 0.7192
vn 0.5526 -0.2939 0.7799
vn 0.0829 -0.8566 0.5092
vn 0.7108 0.0275 0.7029
vn 0.4431 -0.5373 0.7176
vn 0.7631 0.0274 0.6457
vn 0.6462 -0.2624 0.7167
vn 0.7978 -0.1061 0.5935
vn 0.6997 -0.2306 0.6762
vn 0.8414 0.1135 0.5283
vn 0.8665 -0.0353 0.4979
vn 0.6645 -0.3971 0.6330
vn 0.8937 -0.0820 0.4410
vn 0.7564 -0.3096 0.5761
vn 0.8040 -0.2706 0.5295
vn 0.5839 -0.4585 0.6700
vn 0.5047 -0.5986 0.6221
vn 0.5373 -0.4902 0.6863
vn 0.4293 -0.6656 0.6105
vn 0.3657 -0.6963 0.6176
vn 0.5684 -0.5370 0.6233
vn 0.2644 -0.7701 0.5805
vn 0.6543 -0.4506 0.6073
vn 0.3417 -0.6801 0.6486
vn 0.8267 -0.2625 0.4976
vn 0.5002 -0.5632 0.6577
vn 0.7112 -0.3890 0.5855
vn 0.9053 -0.1058 0.4115
vn 0.8409 -0.2151 0.4967
vn 0.9279 -0.0274 0.3719
vn 0.8986 -0.0981 0.4277
vn 0.9212 -0.0274 0.3881
vn 0.9116 -0.0117 0.4108
vn 0.8852 -0.0669 0.4603
vn 0.8439 -0.1531 0.5142
vn 0.7566 -0.2940 0.5841
vn 0.8021 -0.1604 0.5752
vn 0.5997 -0.4820 0.6388
vn 0.6618 -0.2859 0.6930
vn 0.4764 -0.4685 0.7440
vn 0.8615 -0.0197 0.5074
vn 0.7492 -0.0981 0.6551
vn 0.6314 -0.0667 0.7726
vn 0.3419 -0.5856 0.7349
vn 0.5425 -0.2303 0.8079
vn 0.7133 0.0662 0.6977
vn 0.4354 -0.3885 0.8121
vn 0.8324 0.0586 0.5511
vn 0.9032 0.0508 0.4262
vn 0.8113 0.1372 0.5683
vn 0.9406 0.0039 0.3396
vn 0.8917 0.1218 0.4360
vn 0.9447 0.0823 0.3175
vn 0.9649 -0.0195 0.2617
vn 0.9486 0.1142 0.2952
vn 0.9748 -0.0822 0.2075
vn 0.9718 0.0507 0.2302
vn 0.8779 0.1444 0.4565
vn 0.9778 0.0825 0.1924
vn 0.9604 0.0666 0.2705
vn 0.8074 0.1677 0.5656
vn 0.8884 0.0900 0.4501
vn 0.6918 0.2071 0.6918
vn 0.6314 0.1686 0.7569
vn 0.6769 0.2698 0.6848
vn 0.6226 0.2545 0.7400
vn 0.6049 0.0819 0.7921
vn 0.6276 0.1991 0.7527
vn 0.5546 -0.0590 0.8300
vn 0.6286 0.1601 0.7610
vn 0.6145 0.1996 0.7633
vn 0.6527 0.1681 0.7387
vn 0.6438 0.0819 0.7608
vn 0.7511 0.1219 0.6488
vn 0.5075 -0.3423 0.7907
vn 0.7708 0.1684 0.6145
vn 0.4121 -0.5063 0.7575
vn 0.5219 -0.4352 0.7336
vn 0.2403 -0.6582 0.7134
vn 0.5774 -0.5067 0.6402
vn 0.5786 -0.4369 0.6887
vn 0.2639 -0.7128 0.6498
vn 0.7011 -0.3015 0.6462
vn 0.2864 -0.7651 0.5767
vn 0.2085 -0.8309 0.5158
vn 0.6536 -0.4189 0.6303
vn 0.1699 -0.8573 0.4859
vn 0.3341 -0.7192 0.6092
vn 0.6475 -0.2315 0.7260
vn 0.6152 -0.3096 0.7250
vn 0.5363 -0.2075 0.8181
vn 0.5370 -0.2312 0.8113
vn 0.5062 -0.5219 0.6866
vn 0.1140 -0.8765 0.4677
vn 0.1931 -0.7055 0.6819
vn 0.2714 -0.7512 0.6017
vn 0.0356 -0.9054 0.4231
vn 0.1619 -0.8094 0.5646
vn -0.0198 -0.9334 0.3582
vn 0.0747 -0.7283 0.6811
vn 0.0433 -0.9095 0.4134
vn -0.0118 -0.9502 0.3115
vn 0.0592 -0.9509 0.3038
vn 0.1772 -0.9412 0.2875
vn 0.0197 -0.9523 0.3045
vn 0.2005 -0.8848 0.4207
vn 0.1228 -0.9626 0.2416
vn 0.2009 -0.9497 0.2404
vn -0.0432 -0.6407 0.7665
vn 0.1065 -0.9585 0.2643
vn 0.2539 -0.0664 0.9650
vn -0.1529 -0.5526 0.8193
vn -0.0509 -0.0041 0.9987
vn 0.4283 -0.1454 0.8919
vn 0.2459 -0.0976 0.9644
vn 0.4267 -0.1683 0.8886
vn 0.4273 -0.4825 0.7646
vn 0.2950 -0.5000 0.8143
vn -0.0431 -0.0352 0.9985
vn 0.1537 -0.5086 0.8472
vn -0.2471 0.0196 0.9688
vn -0.0354 -0.5316 0.8462
vn -0.2243 -0.0748 0.9716
vn -0.3418 -0.0354 0.9391
vn -0.3416 -0.0510 0.9385
vn -0.1455 -0.5390 0.8297
vn -0.2627 -0.3728 0.8900
vn -0.0277 -0.9850 0.1701
vn 0.0670 -0.9819 0.1773
vn -0.1067 -0.9684 0.2253
vn -0.0119 -0.9743 -0.2249
vn -0.0909 -0.9531 0.2887
vn -0.2571 -0.9378 -0.2334
vn 0.1462 -0.9759 -0.1621
vn -0.0038 -0.9362 0.3516
vn 0.1223 -0.9423 0.3115
vn -0.3357 -0.9202 -0.2014
vn 0.0672 -0.9039 0.4224
vn -0.3592 -0.9280 -0.0987
vn -0.2886 -0.8104 -0.5099
vn 0.4929 -0.6269 0.6033
vn -0.4095 -0.7752 -0.4810
vn 0.4750 -0.6641 0.5774
vn -0.0756 -0.8958 0.4380
vn 0.0747 -0.6646 0.7435
vn -0.0038 -0.9133 0.4073
vn 0.5267 0.4953 0.6909
vn -0.4004 -0.9161 0.0199
vn -0.3912 -0.9045 0.1698
vn -0.3351 -0.8712 0.3587
vn -0.6060 -0.7169 -0.3446
vn -0.6928 -0.6849 -0.2257
vn -0.3269 -0.5393 0.7760
vn -0.5100 -0.8184 0.2649
vn 0.2859 0.6695 0.6856
vn -0.3416 0.0508 0.9385
vn 0.4485 0.6202 0.6436
vn -0.6053 -0.7952 0.0356
vn -0.1466 -0.8273 0.5423
vn 0.2472 -0.1214 0.9613
vn -0.1933 -0.8242 0.5322
vn -0.1615 -0.9255 0.3424
vn 0.0745 -0.1060 0.9916
vn -0.1695 -0.9735 0.1537
vn 0.0039 -0.9882 0.1533
vn 0.0436 -0.8763 -0.4798
vn 0.1620 -0.9759 0.1460
vn 0.2018 -0.8588 -0.4709
vn 0.3042 -0.9519 -0.0356
vn 0.4318 -0.8122 -0.3922
vn 0.2485 -0.8794 0.4060
vn 0.0828 -0.8952 0.4380
vn 0.2957 -0.9502 0.0985
vn 0.4953 -0.8041 -0.3287
vn -0.3028 -0.3342 0.8925
vn 0.1692 -0.8145 0.5549
vn 0.1058 -0.8601 0.4990
vn 0.3343 -0.9242 0.1848
vn 0.5735 -0.8030 -0.1621
vn 0.3108 -0.8773 0.3658
vn 0.4070 -0.9052 0.1226
vn -0.1767 -0.5064 0.8440
vn 0.1538 -0.6582 0.7370
vn -0.3568 -0.0980 0.9290
vn -0.2552 -0.2631 0.9304
vn -0.3413 -0.0667 0.9376
vn -0.0587 -0.3484 0.9355
vn -0.2866 -0.0902 0.9538
vn -0.1139 -0.5700 0.8137
vn 0.5071 -0.6173 0.6015
vn -0.1535 -0.6023 0.7833
vn -0.0824 -0.4284 0.8998
vn 0.2009 -0.9339 0.2957
vn 0.1934 -0.9511 0.2407
vn 0.2795 -0.8702 0.4057
vn 0.2554 -0.9156 0.3105
vn 0.2414 -0.9379 0.2493
vn 0.2335 -0.9063 0.3522
vn 0.3574 -0.8836 0.3024
vn 0.1698 -0.7463 0.6436
vn 0.3842 -0.8911 0.2415
vn 0.3589 -0.8243 0.4378
vn 0.1138 -0.2786 0.9536
vn 0.1845 -0.6791 0.7105
vn 0.0039 0.0821 0.9966
vn 0.0588 -0.4822 0.8741
vn -0.0039 -0.1765 0.9843
vn 0.0118 -0.3977 0.9174
vn -0.0276 -0.1535 0.9878
vn -0.0197 0.2006 0.9795
vn -0.0432 0.1060 0.9934
vn -0.0117 0.1840 0.9829
vn 0.0354 0.2005 0.9791
vn -0.0196 0.1216 0.9924
vn -0.0354 -0.0905 0.9953
vn 0.0118 -0.2877 0.9577
vn -0.0039 -0.0274 0.9996
vn 0.0274 -0.2156 0.9761
vn 0.1142 -0.3818 0.9172
vn 0.1219 -0.5072 0.8532
vn 0.0587 -0.3015 0.9517
vn 0.4766 -0.5554 0.6814
vn 0.3508 -0.3982 0.8476
vn 0.2474 -0.2946 0.9230
vn 0.6480 -0.6245 0.4360
vn 0.5753 -0.1135 0.8101
vn 0.6970 -0.6341 0.3348
vn 0.7618 -0.2305 0.6055
vn 0.8702 -0.2796 0.4056
vn 0.6791 -0.5849 0.4436
vn 0.8847 -0.2163 0.4129
vn 0.8983 0.1529 0.4119
vn 0.9190 0.1525 0.3637
vn 0.7389 0.2776 0.6139
vn 0.8790 0.3633 0.3087
vn 0.7652 0.4513 0.4591
vn 0.4659 0.4190 0.7793
vn 0.4875 0.5816 0.6513
vn 0.3650 -0.0353 0.9303
vn 0.0898 0.4962 0.8636
vn 0.0821 0.0117 0.9966
vn 0.0745 -0.2391 0.9681
vn 0.0743 0.6527 0.7540
vn -0.2157 0.0039 0.9765
vn -0.3171 0.4659 0.8261
vn -0.1301 -0.2562 0.9578
vn -0.0591 -0.3109 0.9486
vn -0.0118 -0.2157 0.9764
vn -0.1061 -0.3888 0.9152
vn 0.0118 -0.0427 0.9990
vn -0.0039 -0.2783 0.9605
vn 0.0507 -0.0662 0.9965
vn 0.0509 0.1215 0.9913
vn 0.0590 -0.0748 0.9955
vn 0.0510 0.1137 0.9922
vn -0.0118 -0.3489 0.9371
vn -0.0196 -0.1764 0.9841
vn -0.0352 0.2230 0.9742
vn -0.1061 0.0275 0.9940
vn -0.0744 0.2076 0.9754
vn -0.1998 0.2312 0.9522
vn -0.2322 0.2164 0.9483
vn -0.2858 0.1683 0.9434
vn -0.3802 0.2234 0.8975
vn -0.3497 0.2868 0.8919
vn -0.4113 0.1998 0.8893
vn -0.4673 0.1689 0.8678
vn -0.4035 0.4661 0.7874
vn -0.4436 0.5849 0.6791
vn -0.5793 0.4217 0.6975
vn -0.5844 0.5374 0.6080
vn -0.5451 0.2628 0.7961
vn -0.6568 0.3972 0.6410
vn -0.5719 0.5956 0.5640
vn -0.6499 0.4923 0.5790
vn -0.6262 0.2560 0.7364
vn -0.5951 0.6582 0.4611
vn -0.5773 0.1767 0.7972
vn -0.6811 0.2480 0.6889
vn -0.5380 0.1924 0.8207
vn -0.6390 0.1764 0.7487
vn -0.7130 0.3584 0.6027
vn -0.7644 0.2156 0.6076
vn -0.6181 0.1693 0.7677
vn -0.5125 0.2073 0.8333
vn -0.7205 0.1300 0.6811
vn -0.6036 0.2091 0.7694
vn -0.6964 0.1377 0.7043
vn -0.4827 0.1217 0.8673
vn -0.5713 0.1458 0.8077
vn -0.6717 0.2082 0.7110
vn -0.3570 0.0902 0.9297
vn -0.5314 -0.0354 0.8464
vn -0.2077 0.0666 0.9759
vn -0.4451 -0.0512 0.8940
vn -0.3327 -0.2075 0.9199
vn -0.2171 -0.3039 0.9276
vn -0.1140 -0.4364 0.8925
vn -0.2491 -0.7157 0.6525
vn -0.0748 -0.5631 0.8230
vn -0.2249 -0.7456 0.6273
vn -0.1377 -0.5154 0.8458
vn -0.2008 -0.8229 0.5315
vn -0.2720 -0.3114 0.9105
vn -0.2714 -0.6806 0.6805
vn -0.3977 -0.4213 0.8151
vn -0.4671 -0.0432 0.8832
vn -0.6015 -0.5072 0.6172
vn -0.7025 -0.1138 0.7025
vn -0.6401 0.3731 0.6716
vn -0.4302 -0.8248 0.3670
vn -0.8582 -0.1859 0.4785
vn -0.7575 -0.5275 0.3847
vn -0.8575 0.2411 0.4545
vn -0.3570 0.6159 0.7023
vn -0.6823 0.5009 0.5324
vn 0.0819 0.6048 0.7921
vn -0.3876 0.5600 0.7322
vn 0.5350 0.5273 0.6601
vn 0.0902 0.4902 0.8669
vn 0.7879 0.4194 0.4508
vn 0.5525 0.4114 0.7249
vn 0.8659 0.3801 0.3252
vn 0.7940 0.3012 0.5281
vn 0.8800 0.2386 0.4107
vn 0.8426 0.4036 0.3566
vn 0.8943 0.1601 0.4179
vn 0.8586 0.3960 0.3254
vn 0.7954 0.2312 0.5603
vn 0.9028 0.1290 0.4103
vn 0.8975 0.2234 0.3802
vn 0.5525 0.3331 0.7641
vn 0.8094 0.3010 0.5043
vn 0.0976 0.4024 0.9103
vn -0.3948 0.4495 0.8013
vn 0.1054 0.4803 0.8708
vn -0.7108 0.4521 0.5389
vn -0.4040 0.3726 0.8355
vn -0.7135 0.3429 0.6110
vn -0.8527 0.3733 0.3654
vn -0.8610 0.2477 0.4442
vn -0.7134 0.2799 0.6424
vn -0.8570 0.3910 0.3357
vn -0.8635 0.1853 0.4692
vn -0.9266 0.1853 0.3272
vn -0.8665 0.3759 0.3284
vn -0.9114 -0.1697 0.3748
vn -0.8776 0.3896 0.2794
vn -0.8963 0.2487 0.3672
vn -0.7923 -0.4691 0.3902
vn -0.8062 0.4523 0.3815
vn -0.4926 -0.8157 0.3034
vn -0.8256 0.3910 0.4069
vn -0.2970 -0.9149 0.2733
vn -0.8673 0.1923 0.4592
vn -0.2095 -0.9367 0.2806
vn -0.8922 0.2004 0.4048
vn -0.1617 -0.7928 0.5877
vn -0.2010 -0.9261 0.3192
vn -0.2326 -0.9424 0.2405
vn -0.1775 -0.9033 0.3905
vn -0.1700 -0.9611 0.2175
vn -0.0987 -0.9593 0.2645
vn -0.1614 -0.8462 0.5078
vn -0.0513 -0.9349 0.3511
vn -0.0671 -0.9663 0.2486
vn -0.2871 -0.6410 0.7118
vn -0.2020 -0.7566 0.6219
vn -0.3360 -0.5414 0.7707
vn -0.0593 -0.8889 0.4543
vn -0.2567 -0.6834 0.6834
vn -0.4133 -0.4369 0.7990
vn -0.6101 -0.0433 0.7911
vn -0.3503 -0.6259 0.6968
vn -0.6491 0.1613 0.7434
vn -0.5080 -0.3741 0.7758
vn -0.7030 -0.0196 0.7109
vn -0.6172 -0.3184 0.7195
vn -0.7361 0.1614 0.6573
vn -0.7516 0.1849 0.6332
vn -0.7672 -0.0118 0.6413
vn -0.7819 0.0904 0.6169
vn -0.7947 0.1463 0.5891
vn -0.8176 0.1461 0.5569
vn -0.8206 0.1060 0.5615
vn -0.8296 0.0669 0.5544
vn -0.8566 0.1223 0.5013
vn -0.8349 0.0198 0.5500
vn -0.8605 0.0511 0.5069
vn -0.8542 0.0669 0.5157
vn -0.8927 0.0747 0.4444
vn -0.8449 0.1926 0.4990
vn -0.8755 0.0196 0.4829
vn -0.7898 0.2790 0.5462
vn -0.8781 0.1299 0.4606
vn -0.7195 0.4285 0.5465
vn -0.7927 0.3588 0.4929
vn -0.6455 0.5517 0.5282
vn -0.7126 0.5000 0.4921
vn -0.8555 0.2641 0.4455
vn -0.7905 0.4130 0.4523
vn -0.7055 0.5636 0.4296
vn -0.5959 0.7143 0.3670
vn -0.8137 0.4520 0.3656
vn -0.7154 0.6126 0.3360
vn -0.5956 0.7613 0.2564
vn -0.8596 0.3022 0.4121
vn -0.8282 0.4906 0.2709
vn -0.8949 0.1853 0.4060
vn -0.9088 0.2950 0.2951
vn -0.9006 0.2085 0.3815
vn -0.9074 0.0594 0.4161
vn -0.9246 0.1062 0.3659
vn -0.9333 0.1300 0.3347
vn -0.9024 -0.0355 0.4295
vn -0.9332 -0.0276 0.3583
vn -0.9548 -0.0039 0.2971
vn -0.9682 0.0909 0.2332
vn -0.9114 0.3590 0.2012
vn -0.9776 -0.0594 0.2019
vn -0.8104 0.5653 0.1542
vn -0.9764 0.1779 0.1225
vn -0.7209 0.6500 0.2403
vn -0.8860 0.4608 0.0512
vn -0.6105 0.7838 0.1142
vn -0.7032 0.7110 0.0039
vn -0.4695 0.8797 0.0750
vn -0.5139 0.8513 -0.1059
vn -0.7754 0.6180 -0.1299
vn -0.8558 0.4299 -0.2879
vn -0.9586 0.2801 -0.0513
vn -0.9971 0.0118 0.0749
vn -0.9857 0.1069 -0.1306
vn -0.9006 0.2023 -0.3848
vn -0.7303 0.3039 -0.6118
vn -0.9011 -0.0278 -0.4327
vn -0.7416 0.0278 -0.6702
vn -0.7267 -0.1787 -0.6633
vn -0.9845 -0.0672 -0.1621
vn -0.8773 -0.1707 -0.4486
vn -0.9930 -0.0910 0.0752
vn -0.8227 -0.2902 -0.4889
vn -0.9689 -0.1542 -0.1937
vn -0.7663 -0.3772 -0.5201
vn -0.9071 -0.2416 -0.3446
vn -0.7575 -0.3370 -0.5592
vn -0.8495 -0.3358 -0.4070
vn -0.7730 -0.1863 -0.6065
vn -0.8499 -0.3439 -0.3992
vn -0.9700 -0.1940 -0.1465
vn -0.9831 -0.1777 -0.0434
vn -0.9240 -0.2498 -0.2895
vn -0.9220 -0.0514 -0.3838
vn -0.9863 -0.1624 -0.0279
vn -0.8932 -0.3930 -0.2183
vn -0.8217 -0.5041 -0.2659
vn -0.9292 -0.3678 -0.0356
vn -0.8259 -0.2569 -0.5019
vn -0.7490 -0.6381 -0.1784
vn -0.0755 -0.5430 -0.8363
vn -0.1864 -0.0751 -0.9796
vn -0.1383 -0.2726 -0.9521
vn 0.0673 -0.6935 -0.7173
vn -0.2095 0.2251 -0.9516
vn 0.3450 -0.5433 -0.7654
vn -0.1311 0.0991 -0.9864
vn 0.6174 0.0748 -0.7831
vn 0.6262 0.0748 -0.7761
vn 0.4932 -0.1539 -0.8562
vn 0.7216 -0.0513 -0.6904
vn 0.3370 -0.3449 -0.8761
vn 0.3827 -0.1933 -0.9034
vn 0.0434 -0.2172 -0.9752
vn 0.2498 -0.2895 -0.9240
vn 0.2568 -0.4464 -0.8572
vn 0.2645 -0.3356 -0.9041
vn 0.2330 -0.5728 -0.7859
vn -0.5037 -0.7019 -0.5036
vn -0.4460 -0.7933 -0.4144
vn -0.5817 -0.5342 -0.6134
vn -0.6473 -0.3614 -0.6711
vn -0.9205 -0.1857 0.3437
vn -0.9374 -0.0909 0.3362
vn -0.7197 -0.2028 -0.6640
vn -0.8882 -0.2960 0.3514
vn -0.9074 -0.0118 0.4202
vn -0.8012 -0.0592 -0.5955
vn -0.8249 0.0276 0.5647
vn -0.6096 0.1690 0.7745
vn -0.2967 -0.0514 -0.9536
vn -0.6476 0.1373 0.7495
vn 0.6822 0.0434 -0.7299
vn 0.6187 0.0510 -0.7840
vn 0.5246 0.1775 -0.8326
vn 0.2804 0.1777 -0.9433
vn 0.6391 0.1371 -0.7568
vn -0.9839 -0.1778 -0.0200
vn 0.6341 0.3348 -0.6971
vn 0.5337 0.4385 -0.7231
vn 0.4072 0.3521 -0.8427
vn -0.3838 0.1781 -0.9061
vn -0.8620 0.0516 -0.5042
vn -0.5009 0.5008 -0.7059
vn -0.7588 -0.0590 0.6487
vn -0.9706 0.1703 -0.1703
vn -0.7057 -0.1616 0.6899
vn 0.0274 -0.0431 0.9987
vn -0.0588 0.1059 0.9926
vn 0.3558 -0.5047 0.7866
vn -0.4278 0.1924 0.8831
vn -0.5014 0.0118 0.8651
vn -0.7656 0.2081 0.6088
vn -0.9571 -0.0355 0.2875
vn -0.9510 0.1461 0.2725
vn -0.9500 0.2247 0.2168
vn -0.9559 0.0905 0.2795
vn -0.9045 0.1699 0.3911
vn -0.8216 -0.0118 0.5700
vn -0.8640 0.2485 0.4379
vn -0.1763 -0.3649 0.9142
vn -0.8371 0.1847 0.5149
vn -0.7479 -0.2338 0.6213
vn -0.8278 0.0039 0.5610
vn 0.0987 -0.7458 0.6588
vn 0.2639 -0.8556 0.4454
vn 0.1775 -0.9835 0.0356
vn -0.7167 -0.5348 0.4475
vn -0.7766 -0.4376 0.4533
vn -0.7377 -0.3826 0.5562
vn 0.1927 -0.9806 -0.0354
vn -0.9433 0.3194 -0.0906
vn -0.7687 -0.3982 0.5006
vn -0.4775 0.6668 -0.5721
vn -0.8959 0.4222 0.1382
vn 0.3656 0.5155 -0.7750
vn -0.4840 0.8458 -0.2243
vn -0.7787 -0.4151 0.4704
vn 0.5929 0.5615 -0.5772
vn 0.2478 0.8151 -0.5236
vn 0.5299 0.7655 -0.3650
vn 0.2152 0.9362 -0.2778
vn -0.5312 0.8302 0.1692
vn -0.8371 0.3498 0.4205
vn -0.1223 0.9477 0.2949
vn 0.4108 0.9117 -0.0117
vn 0.5511 0.7620 -0.3400
vn -0.8777 0.3505 -0.3269
vn 0.3321 0.9414 0.0587
vn -0.9966 -0.0748 0.0355
vn -0.3267 0.9408 0.0905
vn -0.9893 -0.1143 0.0907
vn -0.9796 0.0120 0.2007
vn -0.9726 -0.1300 0.1929
vn -0.9687 -0.0593 0.2412
vn -0.9633 -0.0826 0.2555
vn -0.9711 -0.1387 0.1942
vn -0.9667 -0.1223 0.2250
vn -0.9444 -0.0751 0.3201
vn -0.9718 -0.1071 0.2102
vn -0.9188 -0.0591 0.3904
vn -0.9573 -0.0985 0.2718
vn -0.9349 -0.0513 0.3511
vn -0.9173 -0.0197 0.3976
vn -0.9240 -0.0276 0.3814
vn -0.9478 -0.0118 0.3186
vn -0.8983 0.0119 0.4392
vn -0.9130 0.0276 0.4071
vn -0.9220 -0.0514 0.3838
vn -0.8635 -0.1380 0.4850
vn -0.8729 -0.1778 0.4543
vn -0.9142 -0.0673 0.3997
vn -0.8521 -0.0980 0.5142
vn -0.8622 -0.1929 0.4685
vn -0.7451 -0.2484 0.6190
vn -0.7134 -0.3823 0.5873
vn -0.6827 -0.2802 0.6748
vn -0.5700 -0.4835 0.6643
vn -0.6193 -0.4616 0.6351
vn -0.7355 -0.3658 0.5703
vn -0.4761 -0.5469 0.6886
vn -0.4531 -0.6264 0.6343
vn -0.4227 -0.6754 0.6043
vn -0.3742 -0.7049 0.6025
vn -0.1939 -0.7956 0.5739
vn -0.3033 -0.7445 0.5948
vn -0.1221 -0.8706 0.4766
vn -0.0991 -0.8441 0.5270
vn 0.0199 -0.9201 0.3912
vn 0.0278 -0.9384 0.3445
vn -0.0512 -0.9092 0.4133
vn -0.1215 -0.6939 0.7097
vn -0.0039 -0.9555 0.2949
vn -0.0039 -0.6748 0.7380
vn 0.1066 -0.6992 0.7069
vn -0.1065 -0.8886 0.4462
vn -0.1931 -0.7681 0.6105
vn -0.2489 -0.7865 0.5652
vn -0.3427 -0.7208 0.6026
vn -0.6116 -0.2643 0.7457
vn -0.4932 -0.2249 0.8403
vn -0.1384 -0.8342 0.5338
vn -0.3332 -0.1058 0.9369
vn -0.1850 -0.7442 0.6418
vn -0.0587 -0.0196 0.9981
vn -0.4122 -0.6243 0.6636
vn -0.7120 -0.2478 0.6570
vn -0.3832 -0.5649 0.7308
vn -0.6892 -0.3505 0.6341
vn -0.6177 -0.2321 0.7514
vn -0.3042 -0.5493 0.7783
vn -0.6470 -0.4038 0.6468
vn -0.5156 -0.4762 0.7123
vn -0.5893 -0.5261 0.6131
vn -0.2713 -0.6647 0.6961
vn -0.4774 -0.3038 0.8245
vn -0.4980 -0.5686 0.6548
vn -0.4055 -0.3979 0.8230
vn -0.3808 -0.6008 0.7029
vn -0.7600 -0.3505 0.5474
vn -0.5462 -0.5304 0.6483
vn -0.7627 -0.3281 0.5573
vn -0.4774 -0.5010 0.7219
vn -0.5765 -0.4667 0.6707
vn -0.7567 -0.2971 0.5823
vn -0.8360 -0.1783 0.5190
vn -0.6422 -0.3349 0.6895
vn -0.8879 -0.0750 0.4538
vn -0.7644 -0.1703 0.6218
vn -0.9203 -0.0118 0.3910
vn -0.8499 -0.0356 0.5258
vn -0.7071 0.0118 0.7071
vn -0.9095 0.0433 0.4134
vn -0.6186 -0.1221 0.7762
vn -0.8056 0.0904 0.5855
vn -0.5325 -0.1541 0.8323
vn -0.5400 -0.0591 0.8396
vn -0.6001 0.0744 0.7964
vn -0.6197 0.1539 0.7696
vn -0.6242 0.0118 0.7812
vn -0.6267 0.2011 0.7529
vn -0.5874 -0.3667 0.7215
vn -0.7274 0.0904 0.6802
vn -0.7840 0.0512 0.6186
vn -0.6663 -0.0199 0.7454
vn -0.6267 0.1695 0.7606
vn -0.7448 -0.0433 0.6659
vn -0.6871 -0.0196 0.7263
vn -0.5852 0.2160 0.7816
vn -0.6901 0.2172 0.6903
vn -0.5789 0.1142 0.8073
vn -0.6415 -0.1535 0.7516
vn -0.6080 0.2628 0.7492
vn -0.6011 0.1219 0.7898
vn -0.6646 0.2006 0.7197
vn -0.7611 0.1932 0.6192
vn -0.6580 0.2640 0.7053
vn -0.5614 0.2944 0.7734
vn -0.7773 0.1775 0.6036
vn -0.5224 0.2003 0.8288
vn -0.6498 0.2166 0.7286
vn -0.4928 0.2799 0.8239
vn -0.4976 0.0509 0.8659
vn -0.5854 0.1454 0.7976
vn -0.4261 0.1759 0.8874
vn -0.3896 0.2243 0.8933
vn -0.7914 0.0354 0.6103
vn -0.4501 0.0900 0.8884
vn -0.6790 -0.0196 0.7339
vn -0.9124 -0.0434 0.4069
vn -0.2795 0.0827 0.9566
vn -0.9009 0.1062 0.4209
vn -0.2625 0.1605 0.9515
vn -0.8925 0.1140 0.4364
vn -0.9487 0.0600 0.3105
vn -0.9543 0.0753 0.2891
vn -0.9455 0.1147 0.3046
vn -0.9777 0.0119 0.2098
vn -0.9814 -0.0512 0.1852
vn -0.9819 0.0670 0.1774
vn -0.9892 -0.0118 0.1458
vn -0.9744 -0.0828 0.2091
vn -0.9765 -0.0751 0.2019
vn -0.9951 0.0040 0.0991
vn -0.9880 0.0512 0.1456
vn -0.9874 -0.0597 0.1469
vn -0.9971 -0.0119 0.0749
vn -0.9913 -0.0197 0.1303
vn -0.9568 -0.0433 0.2875
vn -0.9495 -0.1694 0.2640
vn -0.9848 -0.1305 0.1147
vn -0.9034 -0.1933 0.3827
vn -0.9441 -0.2331 0.2331
vn -0.8371 -0.2240 0.4991
vn -0.8970 -0.2569 0.3596
vn -0.8413 -0.2804 0.4621
vn -0.7286 -0.2166 0.6498
vn -0.7885 -0.2892 0.5428
vn -0.8506 -0.2176 0.4787
vn -0.7993 -0.2481 0.5473
vn -0.9114 -0.2012 0.3591
vn -0.8040 -0.2258 0.5501
vn -0.8569 -0.1935 0.4778
vn -0.7443 -0.2323 0.6261
vn -0.6707 -0.2393 0.7021
vn -0.7838 -0.2245 0.5790
vn -0.5788 -0.1615 0.7993
vn -0.5308 -0.0590 0.8454
vn -0.4677 -0.1140 0.8765
vn -0.3653 -0.0039 0.9309
vn -0.5707 -0.1536 0.8067
vn -0.3490 0.0039 0.9371
vn -0.2700 0.0900 0.9586
vn -0.2009 0.1142 0.9729
vn -0.4039 -0.0432 0.9138
vn -0.3026 0.1061 0.9472
vn -0.3184 0.0354 0.9473
vn -0.2544 0.1761 0.9509
vn -0.2872 0.0590 0.9561
vn -0.3336 0.1531 0.9302
vn -0.1921 0.1607 0.9681
vn -0.3171 0.2310 0.9198
vn -0.1919 0.1135 0.9748
vn -0.2400 0.2085 0.9481
vn -0.3115 0.1222 0.9424
vn -0.1606 0.0901 0.9829
vn -0.2391 0.0745 0.9681
vn -0.3882 -0.0196 0.9214
vn -0.2944 -0.0589 0.9539
vn -0.1840 0.0352 0.9823
vn -0.2076 -0.0744 0.9754
vn -0.1604 0.0978 0.9822
vn -0.1370 0.0117 0.9905
vn -0.1291 -0.0587 0.9899
vn -0.1060 0.0432 0.9934
vn -0.2000 -0.2862 0.9371
vn -0.3255 -0.2706 0.9060
vn -0.4624 -0.2253 0.8576
vn -0.2000 -0.3332 0.9214
vn -0.5999 -0.1373 0.7882
vn -0.3488 -0.2940 0.8899
vn -0.4904 -0.2471 0.8357
vn -0.4610 0.0436 0.8863
vn -0.3421 0.0042 0.9397
vn -0.2081 -0.0428 0.9772
vn -0.3175 0.6546 0.6861
vn -0.2315 0.6392 0.7333
vn -0.1925 0.6324 0.7503
vn -0.2868 0.7192 0.6328
vn 0.0274 0.9279 0.3719
vn -0.3327 0.3561 0.8732
vn 0.0274 0.9184 0.3947
vn -0.4471 -0.6927 0.5659
vn -0.0116 0.9254 0.3788
vn -0.5153 -0.5942 0.6176
vn -0.0119 -0.9174 0.3977
vn -0.5241 -0.4534 0.7210
vn -0.0121 -0.8789 0.4769
vn -0.0354 -0.9098 0.4135
vn 0.4449 -0.8861 0.1300
vn 0.3815 -0.9243 0.0118
vn -0.0593 -0.8756 0.4794
vn -0.4532 -0.3587 0.8160
vn -0.5302 -0.1375 0.8366
vn -0.3581 -0.0511 0.9323
vn -0.2870 -0.3267 0.9005
vn -0.0826 0.0276 0.9962
vn -0.0039 -0.8651 0.5016
vn 0.2157 -0.0040 0.9765
vn -0.0589 -0.3182 0.9462
vn 0.2077 0.0666 0.9759
vn 0.1614 -0.6572 0.7363
vn 0.3326 -0.0039 0.9431
vn -0.1694 -0.9577 0.2325
vn 0.0433 -0.7736 0.6322
vn -0.2733 -0.9149 0.2970
vn -0.2957 -0.9030 0.3116
vn -0.1847 -0.7895 0.5853
vn -0.4537 -0.7931 0.4064
vn -0.3053 -0.8444 0.4403
vn -0.7327 -0.4000 0.5505
vn -0.4059 -0.7131 0.5716
vn -0.2315 -0.6475 0.7261
vn -0.1300 -0.2874 0.9489
vn -0.6275 -0.3433 0.6988
vn -0.2323 0.0118 0.9726
vn -0.7846 0.0355 0.6190
vn -0.6785 0.1138 0.7258
vn -0.8830 -0.0752 0.4633
vn -0.7010 0.3015 0.6463
vn -0.8221 0.2871 0.4917
vn -0.7257 0.4746 0.4982
vn -0.6195 0.4143 0.6668
vn -0.5854 0.2868 0.7583
vn -0.4522 0.2006 0.8691
vn -0.4343 0.3012 0.8489
vn -0.0980 0.0823 0.9918
vn -0.4743 0.2548 0.8427
vn 0.0430 -0.0665 0.9969
vn -0.5238 0.0984 0.8462
vn -0.2559 -0.0669 0.9644
vn 0.1453 -0.1531 0.9775
vn -0.4828 0.3964 0.7809
vn 0.0197 -0.1061 0.9942
vn -0.6953 -0.0197 0.7184
vn -0.5313 -0.4054 0.7439
vn -0.4258 0.5742 0.6993
vn -0.1769 0.2711 0.9462
vn -0.0354 0.4675 0.8833
vn -0.2309 0.2387 0.9432
vn 0.0197 0.1612 0.9867
vn -0.5079 0.4056 0.7599
vn -0.3179 0.3024 0.8986
vn -0.6618 0.4895 0.5678
vn -0.7375 0.4615 0.4930
vn -0.5624 0.4208 0.7118
vn -0.7999 0.3428 0.4925
vn -0.6716 0.3731 0.6402
vn -0.1682 0.1525 0.9739
vn -0.3812 0.2947 0.8763
vn -0.0509 0.1215 0.9913
vn 0.1293 -0.0039 0.9916
vn -0.2322 0.1771 0.9564
vn -0.0117 0.0353 0.9993
vn -0.0509 -0.0274 0.9983
vn 0.1060 -0.1296 0.9859
vn -0.0822 -0.2702 0.9593
vn 0.0196 -0.2082 0.9779
vn -0.0512 -0.3346 0.9410
vn 0.0907 -0.2720 0.9580
vn -0.0586 -0.0584 0.9966
vn 0.2001 -0.1452 0.9690
vn 0.0983 -0.0037 0.9952
vn -0.1522 0.6545 0.7406
vn -0.0898 0.6600 0.7459
vn -0.0586 0.9266 0.3715
vn -0.0901 0.9359 0.3407
vn -0.0195 0.6912 0.7224
vn 0.1999 0.1530 0.9678
vn 0.2318 0.0668 0.9705
vn 0.0196 0.7561 0.6542
vn 0.1373 0.3414 0.9298
vn 0.2393 0.3493 0.9060
vn 0.1833 0.6127 0.7688
vn 0.0509 0.7179 0.6942
vn 0.1682 0.8886 0.4267
vn 0.0824 0.9144 0.3964
vn -0.3885 0.7422 0.5460
vn -0.8314 -0.0197 0.5554
vn -0.2940 0.8428 0.4508
vn -0.6905 -0.6037 0.3985
vn -0.8804 0.1066 0.4620
vn -0.7347 -0.6474 0.2026
vn -0.2320 -0.4679 0.8528
vn -0.3749 -0.7534 0.5402
vn 0.1927 -0.1377 0.9715
vn 0.0588 -0.4036 0.9130
vn -0.0668 -0.6976 0.7134
vn 0.2950 -0.2713 0.9162
vn 0.3480 -0.0743 0.9346
vn 0.2306 -0.2075 0.9507
vn 0.3401 -0.1056 0.9344
vn 0.3882 -0.0196 0.9214
vn 0.3418 0.0354 0.9391
vn 0.3653 -0.2082 0.9073
vn 0.1767 -0.2712 0.9462
vn 0.2950 -0.2403 0.9248
vn 0.0198 -0.8902 0.4551
vn -0.0118 -0.9060 0.4232
vn 0.0986 -0.7602 0.6421
vn 0.1451 -0.6468 0.7487
vn 0.0037 -0.8704 0.4923
vn -0.1617 -0.9508 0.2643
vn -0.1070 -0.9941 -0.0199
vn -0.1944 -0.9796 0.0516
vn 0.0826 -0.9966 0.0039
vn -0.2184 -0.8784 -0.4252
vn -0.3284 -0.8666 -0.3758
vn 0.2172 -0.9757 0.0276
vn 0.1467 -0.8607 -0.4876
vn 0.3043 -0.9525 0.0118
vn 0.3123 -0.8342 -0.4546
vn 0.4996 -0.8144 -0.2951
vn 0.5004 -0.8625 -0.0749
vn 0.2800 -0.9184 0.2797
vn 0.0121 -0.9060 0.4231
vn 0.2242 -0.9636 0.1455
vn -0.1615 -0.1618 0.9735
vn -0.0595 -0.9792 0.1941
vn -0.3041 -0.8885 0.3436
vn -0.4147 -0.8730 -0.2566
vn -0.2649 -0.8419 0.4700
vn -0.1300 -0.8860 0.4450
vn -0.4635 -0.8835 -0.0671
vn -0.2171 -0.8643 0.4538
vn -0.4224 -0.8645 0.2724
vn -0.4144 -0.9038 0.1065
vn -0.3265 -0.9006 0.2870
vn -0.4158 -0.8988 0.1386
vn -0.4486 -0.8533 0.2659
vn 0.0985 -0.7307 0.6756
vn 0.0197 -0.5928 0.8051
vn 0.2628 -0.4824 0.8356
vn -0.1378 -0.5630 0.8149
vn 0.1524 -0.2461 0.9572
vn 0.0353 0.1369 0.9900
vn 0.3182 0.0511 0.9467
vn 0.2153 0.0742 0.9737
vn -0.4299 -0.2643 0.8634
vn 0.3013 0.6380 0.7087
vn -0.4218 -0.0828 0.9029
vn 0.2456 0.4872 0.8380
vn 0.0194 0.7633 0.6458
vn -0.1457 0.9884 -0.0433
vn -0.3329 0.2388 0.9122
vn -0.2243 0.6653 0.7121
vn -0.2076 0.9754 -0.0744
vn -0.2780 0.6306 0.7246
vn -0.0667 0.9604 0.2706
vn -0.3728 0.3494 0.8596
vn -0.2706 0.7334 0.6236
vn -0.4974 0.4113 0.7638
vn -0.0826 0.9870 -0.1376
vn 0.0430 0.9885 0.1447
vn -0.2555 0.8372 0.4835
vn 0.1139 0.9697 0.2159
vn 0.0903 0.9626 0.2554
vn -0.2483 0.9342 -0.2562
vn 0.0587 0.8420 0.5363
vn -0.0586 0.9731 0.2228
vn -0.2474 0.9463 -0.2079
vn 0.0903 0.8280 0.5534
vn -0.7976 0.2555 0.5463
vn -0.7681 -0.5553 0.3188
vn -0.6183 -0.2009 0.7598
vn -0.4002 -0.8124 0.4242
vn -0.1375 0.9549 0.2633
vn -0.1136 0.9441 0.3095
vn -0.1769 0.9710 -0.1611
vn -0.0431 0.6786 0.7332
vn -0.0590 0.9942 -0.0903
vn 0.0431 0.9981 -0.0430
vn -0.1928 0.7356 0.6494
vn -0.2079 0.4044 0.8907
vn -0.0352 0.9425 0.3324
vn 0.1293 0.9910 -0.0353
vn -0.3251 0.3802 0.8659
vn 0.0039 0.9117 0.4108
vn 0.2398 0.9708 -0.0039
vn 0.1138 0.9698 0.2159
vn 0.3244 0.9416 0.0899
vn 0.0510 0.8987 0.4356
vn 0.3490 0.9218 0.1687
vn -0.0743 0.7169 0.6932
vn -0.0038 0.8756 0.4830
vn 0.3326 0.8882 0.3170
vn 0.0744 0.5684 0.8194
vn 0.0821 0.7464 0.6604
vn 0.4038 -0.8354 0.3729
vn 0.2931 0.4963 0.8172
vn -0.2708 -0.0197 0.9624
vn 0.5543 -0.7037 0.4445
vn 0.6579 -0.7523 0.0354
vn -0.1065 -0.6584 0.7451
vn 0.1541 -0.4466 -0.8814
vn 0.0909 -0.8559 0.5090
vn 0.8616 -0.2716 -0.4288
vn 0.3033 -0.6893 0.6580
vn -0.0747 -0.9005 0.4284
vn 0.0820 0.1366 0.9872
vn -0.2946 0.1297 0.9468
vn -0.1696 -0.7677 0.6180
vn -0.7317 -0.3284 -0.5973
vn 0.1545 -0.4465 -0.8814
vn 0.0909 -0.8560 0.5090
vn 0.8106 0.4973 -0.3093
vn 0.6197 0.6039 -0.5013
vn 0.8748 0.2550 -0.4119
vn 0.3496 0.8524 -0.3889
vn 0.1848 0.8767 -0.4442
vn -0.0194 0.8919 -0.4518
vn 0.4056 0.6733 -0.6182
vn 0.2007 0.6966 -0.6888
vn 0.2237 0.4592 -0.8597
vn -0.0038 0.1547 -0.9880
vn 0.4613 0.4140 -0.7847
vn 0.2409 0.1461 -0.9595
vn 0.6971 0.3347 -0.6341
vn 0.4840 0.0984 -0.8695
vn 0.2483 -0.1458 -0.9577
vn -0.0116 -0.1458 -0.9892
vn 0.4866 -0.1622 -0.8584
vn 0.7258 0.0431 -0.6866
vn 0.2325 -0.3822 -0.8944
vn -0.0196 -0.3842 -0.9230
vn 0.7115 -0.1769 -0.6801
vn 0.8840 -0.0039 -0.4675
vn 0.6582 -0.3508 -0.6661
vn 0.9756 -0.0431 -0.2155
vn 0.8616 -0.1534 -0.4839
vn 0.9974 -0.0665 0.0274
vn 0.9594 -0.1370 -0.2466
vn 0.9777 -0.1139 0.1767
vn 0.9922 -0.1216 0.0275
vn 0.9744 -0.1291 0.1840
vn 0.9695 -0.1295 0.2080
vn 0.9836 -0.0823 0.1607
vn 0.9643 -0.0976 0.2460
vn 0.9772 -0.0903 0.1923
vn 0.9841 -0.0196 0.1764
vn 0.9650 -0.0899 0.2463
vn 0.9915 0.0196 0.1290
vn 0.9856 -0.0511 0.1610
vn 0.9741 -0.0900 0.2075
vn 0.9929 -0.0353 0.1138
vn 0.9957 0.0197 0.0905
vn 0.9847 0.0432 0.1687
vn 0.9957 -0.0197 0.0905
vn 0.9974 -0.0274 0.0665
vn 0.9852 -0.0589 0.1609
vn 0.9644 -0.0742 0.2538
vn 0.9889 -0.1368 0.0586
vn 0.8919 -0.0196 0.4518
vn 0.9709 -0.1769 0.1612
vn 0.9376 -0.2079 0.2786
vn 0.9898 -0.0744 0.1213
vn 0.9768 -0.2079 0.0510
vn 0.9726 -0.1930 0.1299
vn 0.9727 0.0274 0.2305
vn 0.9377 -0.1846 0.2945
vn 0.9638 -0.2478 0.0983
vn 0.9238 -0.3106 0.2241
vn 0.9636 -0.2242 0.1455
vn 0.9351 -0.2387 0.2621
vn 0.9860 -0.1611 0.0432
vn 0.9528 -0.1765 0.2470
vn 0.9810 -0.1446 0.1290
vn 0.9235 -0.2632 0.2792
vn 0.9869 -0.1613 0.0041
vn 0.8427 -0.1842 0.5059
vn 0.9905 -0.1370 0.0117
vn 0.9001 -0.2241 0.3736
vn 0.9876 -0.1456 0.0590
vn 0.9826 -0.1762 -0.0585
vn 0.9779 -0.1846 -0.0982
vn 0.8401 -0.1993 0.5045
vn 0.3554 -0.0508 0.9333
vn 0.4580 -0.2623 0.8494
vn 0.3882 0.0039 0.9216
vn 0.3168 -0.1058 0.9426
vn 0.4889 0.0196 0.8721
vn 0.3421 -0.0118 0.9396
vn 0.6239 -0.0197 0.7812
vn 0.4267 0.1683 0.8886
vn 0.6998 0.0980 0.7075
vn 0.5130 0.1214 0.8498
vn 0.6154 -0.0274 0.7878
vn 0.9887 -0.1376 -0.0591
vn 0.4265 0.8952 0.1292
vn -0.1682 0.9835 0.0667
vn -0.1215 0.9065 -0.4043
vn 0.8621 -0.4685 -0.1931
vn 0.5728 -0.1699 -0.8019
vn 0.9021 -0.4294 0.0433
vn 0.2799 -0.2798 -0.9183
vn 0.9678 -0.1528 0.1998
vn 0.5503 -0.4156 -0.7241
vn -0.1623 0.4866 -0.8584
vn 0.0672 -0.2965 -0.9527
vn 0.0430 0.9886 0.1444
vn -0.0040 0.0991 -0.9951
vn 0.2393 0.9146 -0.3260
vn -0.2014 -0.0908 -0.9753
vn 0.5825 0.4263 -0.6921
vn 0.7949 0.5757 0.1918
vn 0.6616 -0.3207 -0.6777
vn -0.0908 -0.2014 -0.9753
vn 0.8993 -0.0901 0.4280
vn 0.4467 -0.2569 -0.8570
vn 0.2812 -0.4559 -0.8444
vn 0.9811 0.1446 0.1287
vn 0.4151 -0.1936 -0.8890
vn 0.7320 -0.6772 0.0744
vn 0.6997 -0.6125 -0.3677
vn 0.7725 -0.1213 -0.6234
vn 0.9622 0.2003 0.1844
vn 0.9410 -0.3344 -0.0512
vn 0.9869 -0.0118 0.1612
vn 0.9085 -0.3107 0.2793
vn 0.8314 -0.2928 0.4723
vn 0.7065 -0.1132 0.6986
vn 0.7194 -0.3970 0.5700
vn 0.8338 -0.0039 0.5520
vn 0.7858 0.3091 0.5357
vn 0.5921 0.1686 0.7881
vn 0.7094 -0.1920 0.6781
vn 0.4417 0.4969 0.7470
vn 0.6367 0.0508 0.7694
vn 0.8301 -0.4209 0.3658
vn 0.8264 -0.4896 0.2781
vn 0.8299 -0.4522 -0.3268
vn 0.8993 -0.4359 -0.0354
vn 0.7847 -0.3036 -0.5405
vn 0.6655 0.1221 -0.7363
vn 0.9401 -0.3343 -0.0669
vn 0.8125 0.3023 -0.4985
vn 0.8704 -0.4923 -0.0039
vn 0.9751 -0.1606 0.1527
vn 0.6766 -0.5436 0.4967
vn 0.8117 -0.4902 0.3176
vn 0.4437 0.2237 0.8678
vn 0.7321 -0.2388 0.6380
vn 0.3950 0.6298 0.6688
vn 0.4513 0.0586 0.8905
vn -0.0669 0.8356 0.5452
vn -0.1603 0.9667 0.1996
vn -0.0508 0.6984 0.7139
vn -0.3332 0.9369 0.1061
vn -0.4994 0.8616 0.0907
vn 0.1532 0.5617 0.8130
vn -0.5085 0.8554 0.0988
vn 0.1292 0.7167 0.6853
vn 0.6125 -0.0973 0.7844
vn 0.3241 0.7459 0.5819
vn 0.7581 -0.1216 0.6406
vn 0.7726 -0.0665 0.6314
vn -0.4187 0.8978 0.1363
vn 0.8648 -0.1133 0.4892
vn 0.5851 0.5615 0.5851
vn -0.4035 0.8741 0.2705
vn -0.0354 0.4980 0.8665
vn 0.4015 0.5107 0.7602
vn 0.4508 0.1372 0.8820
vn -0.3649 0.7181 0.5926
vn -0.0509 0.2780 0.9592
vn 0.3090 -0.0352 0.9504
vn 0.8334 0.0352 0.5516
vn 0.7933 0.1134 0.5982
vn -0.2322 -0.0276 0.9723
vn 0.9638 0.2536 0.0818
vn -0.0983 -0.3892 0.9159
vn 0.9509 0.2544 0.1761
vn 0.5369 -0.1216 0.8348
vn 0.6507 0.5168 -0.5563
vn -0.2312 -0.5918 0.7722
vn 0.2716 0.3743 -0.8866
vn -0.1376 -0.4602 0.8771
vn -0.0513 0.0591 -0.9969
vn 0.9187 0.0115 -0.3948
vn -0.1540 -0.2013 -0.9674
vn 0.8374 -0.0118 -0.5465
vn 0.6603 -0.2017 -0.7234
vn 0.9991 -0.0433 0.0041
vn 0.6854 -0.3642 0.6305
vn 0.5357 -0.6528 0.5357
vn 0.2791 -0.8055 0.5227
vn 0.2012 -0.7456 0.6353
vn 0.8658 -0.1606 0.4740
vn 0.6202 -0.1131 0.7762
vn 0.1534 -0.7657 0.6246
vn -0.1699 -0.7389 0.6520
vn 0.5278 0.1212 0.8407
vn 0.0200 -0.6909 0.7227
vn 0.1997 -0.3954 0.8965
vn -0.1297 -0.5158 0.8468
vn 0.5061 0.0745 0.8592
vn 0.6219 -0.0824 0.7787
vn 0.7408 0.0431 0.6703
vn 0.4667 0.0588 0.8825
vn 0.9578 0.1994 0.2072
vn 0.8235 0.2615 0.5035
vn 0.9182 0.3165 0.2383
vn 0.8267 0.2469 0.5055
vn 0.9309 0.3103 0.1925
vn 0.9142 0.2865 0.2867
vn 0.8994 0.1453 0.4124
vn 0.5593 0.2386 0.7939
vn 0.6173 0.0826 0.7824
vn 0.6541 0.0274 0.7559
vn 0.7016 -0.2626 0.6624
vn 0.8266 -0.5291 0.1917
vn 0.7009 -0.1684 0.6931
vn 0.0277 -0.4137 -0.9100
vn 0.6313 -0.7177 0.2939
vn -0.1942 -0.4084 -0.8919
vn -0.0831 -0.5897 -0.8033
vn 0.7094 -0.5213 0.4743
vn -0.0199 -0.8934 -0.4487
vn -0.0592 -0.5818 -0.8111
vn -0.0991 -0.3854 -0.9174
vn 0.7531 -0.5876 -0.2958
vn 0.7811 -0.6242 -0.0120
vn 0.8134 -0.2554 0.5226
vn 0.6076 0.2156 0.7644
vn 0.7954 -0.0901 0.5994
vn 0.7429 -0.6567 0.1295
vn -0.1465 -0.7564 -0.6375
vn 0.5202 0.4890 0.7002
vn 0.8047 -0.0353 0.5927
vn 0.6875 -0.6799 0.2553
vn 0.1541 -0.9760 -0.1541
vn -0.2019 -0.8752 -0.4396
vn 0.1221 -0.9891 -0.0827
vn 0.5999 -0.7409 0.3019
vn -0.1935 -0.9377 -0.2887
vn 0.7881 -0.3725 0.4901
vn 0.8241 -0.0117 0.5663
vn 0.8445 -0.0746 0.5303
vn -0.0831 -0.9959 0.0358
vn 0.6401 -0.4362 0.6324
vn 0.8433 0.0118 0.5374
vn 0.7637 -0.1373 0.6308
vn -0.1857 -0.4939 0.8495
vn 0.1299 -0.2247 0.9657
vn 0.3089 -0.0430 0.9501
vn -0.4558 -0.8443 0.2817
vn -0.1696 -0.6436 0.7463
vn -0.1222 -0.9281 0.3517
vn -0.1619 -0.9850 -0.0593
vn 0.6252 -0.6719 0.3970
vn 0.8740 -0.2704 0.4037
vn 0.9272 -0.1372 0.3484
vn 0.8477 0.3163 0.4258
vn 0.8974 -0.1372 0.4193
vn 0.8809 0.4424 0.1684
vn -0.1928 -0.3665 0.9102
vn 0.8563 0.4497 -0.2541
vn -0.1369 -0.1291 0.9821
vn 0.8213 -0.0983 0.5620
vn -0.0587 -0.0039 0.9983
vn 0.8367 0.3417 -0.4281
vn 0.8591 0.1920 -0.4744
vn 0.7843 0.0039 0.6204
vn 0.8609 0.0983 -0.4992
vn 0.1854 0.3036 -0.9346
vn 0.2009 0.1693 -0.9649
vn 0.2475 0.5146 -0.8210
vn -0.4637 0.1783 -0.8679
vn 0.2800 0.7059 -0.6507
vn -0.3113 0.3980 -0.8630
vn 0.4890 0.8412 -0.2308
vn -0.1768 0.6638 -0.7267
vn 0.6229 0.7639 0.1685
vn -0.0750 0.8480 -0.5246
vn 0.6785 0.6236 0.3883
vn 0.1298 0.9796 -0.1535
vn -0.5817 0.4630 -0.6688
vn -0.4129 0.7511 -0.5151
vn -0.6582 0.2404 -0.7134
vn -0.6787 0.4247 -0.5992
vn -0.7007 0.1702 -0.6928
vn -0.7637 0.0277 -0.6450
vn -0.4068 0.8256 -0.3911
vn -0.5641 0.7613 -0.3196
vn -0.1840 0.9827 -0.0196
vn 0.2850 0.9408 0.1835
vn -0.1448 0.9750 0.1684
vn 0.3800 0.8033 0.4585
vn 0.7007 0.3876 0.5990
vn 0.6064 0.5049 0.6143
vn -0.0981 0.9159 0.3893
vn -0.1295 0.9056 0.4039
vn -0.3743 0.9259 0.0512
vn -0.0982 0.9457 0.3100
vn -0.4598 0.8686 -0.1847
vn 0.8909 0.4277 0.1529
vn -0.5484 0.5249 -0.6510
vn 0.8934 0.3977 -0.2087
vn 0.9867 -0.1612 0.0197
vn 0.9125 0.0668 -0.4036
vn 0.9842 -0.1765 -0.0118
vn 0.1543 0.0910 -0.9838
vn 0.9841 -0.1294 -0.1216
vn 0.9820 -0.1839 -0.0430
vn -0.7173 -0.0674 -0.6935
vn 0.9768 -0.0510 -0.2079
vn 0.6898 0.0591 -0.7215
vn -0.8220 -0.0436 -0.5678
vn -0.6227 0.0357 -0.7816
vn 0.5543 0.1298 -0.8221
vn -0.5405 0.0434 -0.8402
vn -0.6055 -0.0039 -0.7958
vn -0.7313 -0.0909 -0.6760
vn 0.1697 -0.0750 -0.9826
vn 0.8466 -0.0276 -0.5314
vn 0.0827 -0.1222 -0.9891
vn 0.8394 0.0273 0.5428
vn 0.7797 -0.1528 -0.6072
vn 0.6566 -0.2713 -0.7038
vn 0.9307 -0.0196 0.3653
vn 0.0430 0.0665 0.9969
vn -0.0513 -0.2487 -0.9672
vn 0.9816 -0.0900 0.1682
vn 0.5954 -0.3982 -0.6978
vn -0.2498 -0.2895 -0.9240
vn -0.6667 -0.1065 -0.7377
vn 0.5878 -0.5641 -0.5799
vn -0.2582 -0.0517 -0.9647
vn -0.5452 -0.1552 -0.8238
vn 0.4541 -0.0671 -0.8884
vn -0.2256 -0.2335 -0.9458
vn -0.1866 -0.4089 -0.8933
vn -0.3135 -0.4167 -0.8533
vn -0.4317 -0.3762 -0.8198
vn 0.3763 -0.4159 -0.8279
vn 0.9565 -0.0512 -0.2873
vn 0.9208 -0.2469 -0.3018
vn 0.9674 -0.2076 -0.1449
vn 0.9391 -0.2790 -0.2004
vn 0.8759 -0.2631 -0.4044
vn 0.8452 -0.3577 -0.3970
vn 0.7862 -0.3121 -0.5334
vn 0.7462 -0.3988 -0.5330
vn 0.6125 -0.4228 -0.6679
vn 0.4535 -0.3747 -0.8087
vn 0.4231 -0.4627 -0.7790
vn 0.6093 -0.3656 -0.7036
vn 0.2092 -0.4856 -0.8488
vn -0.0275 -0.4955 -0.8682
vn 0.4056 -0.3977 -0.8230
vn 0.2095 -0.4230 -0.8816
vn -0.0275 -0.4232 -0.9056
vn 0.7453 -0.3430 -0.5718
vn 0.6036 -0.2091 -0.7694
vn 0.4056 -0.2245 -0.8860
vn 0.2168 -0.2247 -0.9500
vn -0.0117 -0.2173 -0.9760
vn -0.0037 -0.0513 -0.9987
vn 0.4067 -0.0513 -0.9121
vn 0.2246 -0.0512 -0.9731
vn 0.2095 0.0514 -0.9765
vn -0.0037 0.0513 -0.9987
vn 0.0042 0.2971 -0.9548
vn 0.3737 0.0747 -0.9245
vn 0.1773 0.3112 -0.9337
vn 0.0120 0.4982 -0.8670
vn 0.5470 0.1062 -0.8304
vn 0.1222 0.5164 -0.8476
vn 0.3112 0.3427 -0.8864
vn 0.0667 0.5777 -0.8135
vn 0.2091 0.5721 -0.7931
vn 0.0197 0.5409 -0.8409
vn 0.1455 0.6252 -0.7668
vn 0.4752 0.3888 -0.7893
vn 0.0275 0.3976 -0.9172
vn -0.0277 0.4549 -0.8901
vn 0.1220 0.6099 -0.7830
vn 0.0983 0.5939 -0.7985
vn 0.0751 0.5811 -0.8104
vn 0.3032 0.6971 -0.6497
vn 0.2394 0.7212 -0.6500
vn 0.2079 0.7335 -0.6472
vn 0.2873 0.6967 -0.6573
vn 0.3186 0.7905 -0.5231
vn 0.2628 0.8117 -0.5216
vn 0.3801 0.7641 -0.5212
vn 0.4364 0.7588 -0.4836
vn 0.3414 0.8594 -0.3806
vn 0.2947 0.8763 -0.3812
vn 0.4286 0.8296 -0.3578
vn 0.3487 0.9362 -0.0431
vn 0.3177 0.9453 -0.0745
vn 0.4358 0.8990 -0.0432
vn 0.3008 0.9024 0.3086
vn 0.2536 0.9169 0.3082
vn 0.1836 0.8245 0.5353
vn 0.3940 0.8542 0.3393
vn 0.2154 0.8107 0.5444
vn 0.2312 0.7406 0.6309
vn 0.4643 0.8856 0.0117
vn 0.1918 0.7713 0.6069
vn 0.2781 0.6306 0.7246
vn 0.3162 0.7613 0.5661
vn 0.4574 0.8249 0.3323
vn 0.5981 0.8013 0.0120
vn 0.4255 0.7300 0.5348
vn 0.6681 0.6994 0.2540
vn 0.6644 0.6645 -0.3421
vn 0.8021 0.5830 -0.1291
vn 0.5204 0.6770 -0.5204
vn 0.3574 0.6323 -0.6873
vn 0.6481 0.4124 -0.6402
vn 0.6985 0.1144 -0.7064
vn 0.7963 0.3648 -0.4825
vn 0.5872 -0.0512 -0.8078
vn 0.7065 -0.0434 -0.7064
vn 0.8114 0.0980 -0.5762
vn 0.7346 -0.2003 -0.6482
vn 0.8303 -0.0512 -0.5549
vn 0.9026 0.2798 -0.3272
vn 0.9009 0.0669 -0.4288
vn 0.8540 -0.1693 -0.4919
vn 0.8905 0.4511 0.0588
vn 0.8426 -0.3566 -0.4036
vn 0.9155 -0.0668 -0.3968
vn 0.9033 -0.3905 -0.1775
vn 0.8648 -0.4779 -0.1540
vn 0.9603 -0.2783 -0.0196
vn 0.2653 -0.6535 -0.7089
vn 0.8048 -0.5932 -0.0197
vn 0.9590 -0.2328 -0.1618
vn -0.4304 -0.5409 -0.7226
vn -0.0749 -0.8001 -0.5952
vn 0.3676 -0.6997 -0.6126
vn -0.4335 -0.4971 -0.7516
vn 0.9464 -0.3102 0.0903
vn 0.9825 -0.1840 -0.0274
vn 0.5337 -0.4862 -0.6920
vn 0.9761 -0.2156 -0.0275
vn -0.3599 -0.3045 -0.8819
vn 0.4305 -0.3043 -0.8497
vn 0.9696 -0.1689 -0.1769
vn -0.3521 -0.5183 -0.7794
vn -0.2806 -0.2964 -0.9129
vn -0.4066 -0.5488 -0.7304
vn -0.2185 -0.4569 -0.8623
vn 0.0592 -0.7698 -0.6356
vn 0.1386 -0.7237 -0.6760
vn 0.1070 -0.7882 -0.6060
vn -0.2181 -0.7020 -0.6780
vn 0.6884 -0.4761 -0.5471
vn 0.1622 -0.9850 -0.0593
vn 0.2726 -0.9603 -0.0591
vn 0.9553 -0.2243 -0.1927
vn 0.4298 -0.8634 0.2642
vn 0.1925 -0.8449 0.4991
vn 0.4761 -0.8774 -0.0590
vn 0.6345 -0.7524 -0.1770
vn 0.6769 -0.5126 0.5282
vn 0.6482 -0.7425 -0.1689
vn 0.8440 -0.0824 0.5300
vn 0.4976 -0.3801 0.7797
vn 0.0356 -0.7952 -0.6053
vn -0.0198 -0.6451 -0.7638
vn 0.6125 -0.7623 -0.2093
vn 0.6110 -0.7135 -0.3429
vn 0.8927 -0.1612 0.4208
vn 0.8954 -0.2776 0.3480
vn 0.9345 -0.2776 0.2229
vn 0.8943 -0.3085 0.3241
vn 0.6747 0.3471 0.6513
vn 0.6991 0.2929 0.6523
vn 0.6356 0.2535 0.7292
vn 0.6529 0.2700 0.7077
vn 0.6306 0.3642 0.6854
vn 0.5826 0.2072 0.7859
vn 0.6059 0.3479 0.7154
vn 0.7375 0.0119 0.6753
vn 0.9739 -0.1681 0.1527
vn 0.5523 0.1919 0.8113
vn 0.8319 -0.0662 0.5509
vn 0.4592 0.1923 0.8673
vn 0.9116 0.0039 0.4110
vn 0.3024 0.1612 0.9394
vn 0.8901 0.1059 0.4433
vn 0.0198 0.1293 0.9914
vn 0.8115 0.2471 0.5295
vn 0.3484 0.0587 0.9355
vn 0.9522 0.0823 0.2940
vn 0.9341 -0.0273 0.3559
vn 0.2075 0.1918 0.9592
vn 0.8993 -0.2003 0.3888
vn 0.2070 0.2929 0.9335
vn -0.3012 0.4186 0.8568
vn 0.3171 0.3879 0.8654
vn 0.7767 -0.2225 0.5893
vn 0.7623 -0.1133 0.6372
vn 0.8949 -0.1055 0.4337
vn 0.7657 0.2081 0.6086
vn 0.8108 0.0431 0.5837
vn 0.5832 0.2779 0.7633
vn 0.6377 0.1523 0.7550
vn 0.5288 0.1057 0.8421
vn 0.4129 -0.4915 0.7668
vn 0.1768 -0.5304 0.8291
vn 0.5488 -0.6438 0.5332
vn 0.9538 -0.2630 -0.1452
vn 0.9798 -0.1692 -0.1063
vn 0.9759 -0.2155 -0.0352
vn 0.9806 -0.1694 -0.0984
vn 0.9690 -0.2471 -0.0039
vn 0.9299 -0.1373 -0.3413
vn 0.9847 -0.0667 -0.1609
vn 0.9894 -0.0665 0.1291
vn 0.9744 0.0274 -0.2231
vn 0.9960 -0.0039 0.0898
vn 0.9633 0.2084 -0.1691
vn 0.9929 0.0981 0.0667
vn 0.9382 0.3023 0.1688
vn 0.9318 -0.1219 0.3420
vn 0.9270 -0.0509 0.3716
vn 0.9307 0.0196 0.3652
vn 0.7243 0.5755 0.3797
vn 0.9060 0.1687 0.3883
vn 0.4422 0.6144 0.6535
vn 0.7641 0.3801 0.5212
vn 0.7700 -0.0352 0.6371
vn 0.7722 0.0745 0.6310
vn 0.6853 0.2232 0.6932
vn 0.2535 0.7292 0.6356
vn 0.4032 0.5595 0.7241
vn 0.2157 0.7098 0.6706
vn 0.1926 0.4991 0.8449
vn 0.1992 0.7382 0.6445
vn 0.1751 0.5876 0.7900
vn 0.0430 0.4577 0.8881
vn 0.1523 0.6989 0.6989
vn 0.0274 0.5131 0.8579
vn 0.0118 0.4830 0.8755
vn 0.0118 0.4519 0.8920
vn 0.0118 0.6155 0.7880
vn -0.0274 0.5039 0.8633
vn -0.0431 0.4577 0.8881
vn 0.0195 0.5428 0.8396
vn 0.0039 0.5931 0.8051
vn -0.2079 0.5776 0.7894
vn -0.2321 0.5074 0.8299
vn -0.1759 0.6843 0.7077
vn -0.2627 0.6862 0.6783
vn -0.2871 0.6410 0.7118
vn -0.2472 0.7415 0.6238
vn -0.1922 0.7884 0.5844
vn -0.2008 0.7600 0.6182
vn -0.4185 0.6060 0.6765
vn -0.1686 0.8507 0.4979
vn -0.1452 0.8593 0.4905
vn -0.2847 0.7683 0.5733
vn -0.2322 0.9012 0.3660
vn -0.2075 0.9199 0.3327
vn -0.2946 0.7896 0.5382
vn -0.3348 0.8467 0.4135
vn -0.2859 0.9515 0.1136
vn -0.2708 0.9613 0.0510
vn -0.3802 0.9134 0.1451
vn -0.3187 0.9246 -0.2085
vn -0.2626 0.9368 -0.2312
vn -0.2161 0.8528 -0.4755
vn -0.4197 0.8903 0.1765
vn -0.2806 0.8496 -0.4466
vn -0.1694 0.7607 -0.6266
vn -0.4124 0.8993 -0.1453
vn -0.2159 0.7574 -0.6162
vn -0.3670 0.8405 -0.3986
vn -0.2786 0.7496 -0.6004
vn -0.4980 0.8038 -0.3254
vn -0.3589 0.7376 -0.5719
vn -0.5935 0.7978 -0.1061
vn -0.4444 0.6490 -0.6175
vn -0.6343 0.6580 -0.4058
vn -0.5524 0.3775 -0.7432
vn -0.7376 0.3589 -0.5719
vn -0.7693 0.6037 -0.2091
vn -0.6240 0.7574 0.1923
vn -0.7565 0.1076 -0.6450
vn -0.8635 0.2878 -0.4141
vn -0.7780 -0.0197 -0.6279
vn -0.8600 0.0832 -0.5034
vn -0.8784 0.4766 -0.0354
vn -0.9454 0.1780 -0.2730
vn -0.8732 -0.0356 -0.4860
vn -0.9381 0.0356 -0.3444
vn -0.8753 -0.1624 -0.4555
vn -0.9459 -0.0515 -0.3205
vn -0.9531 -0.2650 -0.1463
vn -0.9561 -0.1389 -0.2579
vn -0.9958 0.0040 -0.0913
vn -0.9977 -0.0670 -0.0118
vn -0.9854 -0.1702 0.0039
vn -0.9740 -0.2248 0.0276
vn -0.9183 -0.3935 -0.0437
vn -0.9725 -0.2024 -0.1151
vn -0.1702 -0.6603 -0.7314
vn -0.9839 -0.1541 -0.0909
vn -0.6687 -0.4630 -0.5819
vn -0.7182 -0.4961 -0.4879
vn 0.2574 -0.3923 -0.8831
vn 0.3049 -0.5108 -0.8038
vn 0.2410 -0.4230 -0.8735
vn -0.1939 -0.8121 -0.5503
vn 0.0750 -0.7012 -0.7090
vn 0.0197 -0.9913 -0.1301
vn 0.0907 -0.7536 -0.6510
vn -0.0755 -0.7170 -0.6929
vn -0.4970 -0.7992 -0.3380
vn -0.5037 -0.8051 -0.3132
vn -0.6074 -0.7900 -0.0833
vn -0.8923 -0.2816 0.3529
vn -0.8765 -0.3847 0.2894
vn -0.9005 -0.3848 0.2023
vn -0.7186 0.2317 0.6557
vn -0.7772 0.2248 0.5878
vn -0.7203 0.2637 0.6416
vn -0.6351 0.2015 0.7457
vn -0.6482 0.3731 0.6638
vn -0.6878 0.2321 0.6878
vn -0.7699 -0.1144 0.6279
vn -0.6240 0.3728 0.6868
vn -0.8343 0.0435 0.5496
vn -0.6159 0.3570 0.7023
vn -0.7849 -0.0199 0.6193
vn -0.8152 -0.0197 0.5789
vn -0.8971 -0.0988 0.4307
vn -0.7284 -0.0748 0.6811
vn -0.6405 0.2476 0.7270
vn -0.5689 0.3021 0.7649
vn -0.7172 -0.1607 0.6780
vn -0.4972 0.1762 0.8496
vn -0.5252 -0.7146 0.4620
vn -0.4606 -0.0590 0.8857
vn -0.2498 -0.9559 -0.1547
vn -0.3744 -0.6109 0.6976
vn 0.2408 -0.7779 -0.5804
vn -0.2731 -0.8983 0.3443
vn -0.2558 -0.2243 0.9403
vn -0.2481 -0.4847 0.8388
vn -0.1775 -0.5722 0.8007
vn -0.3343 0.0669 0.9401
vn -0.8882 -0.4382 0.1382
vn -0.4695 -0.3354 0.8168
vn -0.3016 -0.2155 0.9288
vn -0.2941 -0.0745 0.9529
vn -0.8047 -0.3101 0.5063
vn -0.8472 -0.1537 0.5086
vn -0.9727 -0.2166 0.0829
vn -0.9879 -0.1547 0.0119
vn -0.7273 -0.0904 0.6804
vn -0.9889 -0.1457 -0.0275
vn -0.9651 -0.2266 -0.1311
vn -0.9865 -0.1624 -0.0198
vn -0.9466 -0.2575 -0.1941
vn -0.9640 -0.2658 -0.0119
vn -0.9895 -0.1380 0.0433
vn -0.9709 -0.0991 0.2180
vn -0.8972 -0.4387 -0.0514
vn -0.9839 -0.0198 0.1778
vn -0.9177 -0.2009 0.3427
vn -0.8927 -0.0747 0.4444
vn -0.9928 0.0356 0.1147
vn -0.9875 0.0991 -0.1229
vn -0.9454 0.3204 0.0593
vn -0.9719 0.1849 0.1456
vn -0.7285 0.6103 0.3111
vn -0.8074 0.4687 0.3584
vn -0.9125 0.0908 0.3989
vn -0.4445 0.7907 0.4209
vn -0.4607 0.7048 0.5394
vn -0.8221 0.2872 0.4916
vn -0.4762 0.6411 0.6019
vn -0.7248 0.1606 0.6700
vn -0.7707 0.0356 0.6363
vn -0.9029 -0.0118 0.4297
vn -0.7521 -0.0433 0.6576
vn -0.7676 -0.1378 0.6259
vn -0.8348 -0.1859 0.5183
vn -0.8502 -0.3915 0.3519
vn -0.7687 -0.3983 0.5005
vn -0.6342 -0.2088 0.7445
vn -0.6656 -0.4293 0.6104
vn -0.7325 -0.6612 0.1623
vn -0.5999 -0.0823 0.7958
vn -0.7004 -0.6846 0.2018
vn -0.5790 -0.0197 0.8151
vn -0.5147 -0.2711 0.8134
vn -0.5489 0.0671 0.8332
vn -0.4372 -0.1536 0.8862
vn -0.3652 -0.1217 0.9229
vn -0.3092 0.5674 0.7632
vn -0.3184 -0.0275 0.9476
vn -0.1057 0.5045 0.8569
vn 0.0352 0.4576 0.8884
vn 0.0274 -0.2231 0.9744
vn 0.1214 0.5129 0.8498
vn 0.0354 -0.1457 0.9887
vn 0.3185 -0.0196 0.9477
vn 0.3005 0.5425 0.7845
vn 0.5205 0.0901 0.8491
vn 0.3735 -0.1455 0.9161
vn 0.5752 -0.0196 0.8178
vn -0.0039 -0.2471 0.9690
vn 0.4342 -0.1917 0.8802
vn 0.6077 -0.0980 0.7881
vn -0.0354 -0.2948 0.9549
vn 0.4896 -0.2781 0.8264
vn 0.6399 -0.2002 0.7419
vn -0.4479 -0.7334 0.5114
vn 0.4217 -0.6976 0.5793
vn -0.0040 -0.7226 0.6913
vn -0.5669 -0.7651 0.3053
vn -0.0119 -0.9703 0.2416
vn -0.6469 -0.7580 0.0833
vn -0.5176 -0.8416 0.1541
vn -0.3211 -0.9316 0.1704
vn -0.4329 -0.9014 0.0040
vn -0.2416 -0.9704 -0.0040
vn 0.2888 -0.9376 0.1938
vn -0.0039 -0.9999 -0.0119
vn 0.2173 -0.9761 0.0039
vn -0.1855 -0.9826 0.0039
vn 0.4229 -0.9051 0.0435
vn 0.1855 -0.9826 -0.0118
vn 0.0039 -1.0000 -0.0038
vn 0.5223 -0.8207 0.2317
vn 0.4297 -0.9028 -0.0197
vn 0.6263 -0.6657 0.4057
vn 0.6898 -0.6977 0.1932
vn 0.6599 -0.3866 0.6443
vn 0.7422 -0.5459 0.3888
vn 0.5964 -0.8019 0.0355
vn 0.7130 -0.3584 0.6027
vn 0.7971 -0.1139 0.5930
vn 0.8123 -0.3964 0.4278
vn 0.8832 -0.1925 0.4277
vn 0.7096 -0.6860 0.1608
vn 0.9305 -0.3652 -0.0275
vn 0.8276 -0.5609 0.0196
vn 0.9426 -0.3168 -0.1056
vn 0.8839 -0.4675 -0.0118
vn 0.7668 -0.6409 0.0354
vn 0.9624 -0.2632 0.0668
vn 0.8356 -0.5453 0.0666
vn 0.9771 -0.1687 0.1295
vn 0.9326 -0.3188 0.1692
vn 0.9578 -0.1994 0.2072
vn 0.9625 -0.1532 0.2239
vn 0.8919 -0.3497 0.2868
vn 0.9085 -0.2399 0.3422
vn 0.9035 -0.1839 0.3872
vn 0.8131 -0.5617 0.1532
vn 0.8617 -0.3345 0.3816
vn 0.7098 -0.7020 0.0588
vn 0.8131 -0.5305 0.2397
vn 0.7031 -0.7031 0.1061
vn 0.6651 -0.7438 0.0669
vn 0.6654 -0.7442 0.0591
vn 0.7379 -0.6511 0.1776
vn 0.6238 -0.7808 0.0353
vn 0.7205 -0.6812 0.1299
vn 0.8145 -0.4683 0.3424
vn 0.7977 -0.4912 0.3497
vn 0.8117 -0.3804 0.4431
vn 0.8314 -0.2927 0.4723
vn 0.8528 -0.2476 0.4598
vn 0.8151 -0.2638 0.5158
vn 0.8408 -0.2151 0.4967
vn 0.8173 -0.2307 0.5280
vn 0.8977 -0.1764 0.4038
vn 0.8107 -0.2154 0.5444
vn 0.8865 -0.2540 0.3867
vn 0.8436 -0.2001 0.4983
vn 0.8066 -0.2243 0.5469
vn 0.8820 -0.2783 0.3802
vn 0.8405 -0.2776 0.4652
vn 0.7968 -0.2237 0.5613
vn 0.7946 -0.2153 0.5676
vn 0.7649 -0.2707 0.5845
vn 0.7550 -0.2073 0.6220
vn 0.8325 -0.3010 0.4651
vn 0.7262 -0.2708 0.6319
vn 0.7257 -0.1138 0.6786
vn 0.6703 0.0435 0.7408
vn 0.6319 0.2708 0.7262
vn 0.5514 0.2307 0.8017
vn 0.5820 0.2851 0.7616
vn 0.5205 0.2700 0.8101
vn 0.5684 0.1764 0.8036
vn 0.4261 0.1759 0.8874
vn 0.7415 0.0039 0.6709
vn 0.4947 0.0273 0.8686
vn 0.7558 0.1060 0.6462
vn 0.5620 -0.0982 0.8213
vn 0.6708 -0.0115 0.7415
vn 0.6076 -0.2156 0.7644
vn 0.6698 -0.1214 0.7325
vn 0.3956 0.5837 0.7091
vn 0.5842 -0.0040 0.8116
vn 0.5442 -0.0898 0.8341
vn 0.4822 0.1294 0.8664
vn 0.5434 -0.2229 0.8093
vn 0.4806 -0.0977 0.8715
vn 0.4179 0.2304 0.8788
vn 0.3874 0.0665 0.9195
vn 0.4038 -0.2940 0.8663
vn 0.3644 -0.1841 0.9129
vn 0.3098 0.1608 0.9371
vn 0.4262 -0.1288 0.8954
vn 0.2709 0.1295 0.9539
vn 0.3244 0.5274 0.7853
vn 0.2942 0.0667 0.9534
vn 0.0508 0.8625 0.5035
vn 0.3558 -0.0039 0.9346
vn 0.2784 0.5136 0.8116
vn 0.4277 -0.0981 0.8986
vn 0.2858 -0.1132 0.9516
vn 0.4896 -0.1057 0.8655
vn 0.2626 -0.3332 0.9055
vn 0.6636 -0.2081 0.7186
vn 0.2470 -0.2470 0.9370
vn 0.6240 -0.1138 0.7731
vn 0.3021 0.0039 0.9533
vn 0.7257 -0.1530 0.6708
vn 0.5034 -0.0507 0.8626
vn 0.7947 -0.1683 0.5833
vn 0.5888 -0.0429 0.8071
vn 0.8182 -0.2077 0.5361
vn 0.6857 -0.0666 0.7249
vn 0.7647 -0.1294 0.6313
vn 0.4796 -0.0039 0.8775
vn 0.5979 0.0273 0.8011
vn 0.5208 0.0823 0.8497
vn 0.6668 -0.0273 0.7448
vn 0.3583 0.0430 0.9326
vn 0.5979 0.0271 0.8011
vn 0.3653 0.0118 0.9308
vn 0.4439 0.1454 0.8842
vn 0.3720 0.0039 0.9282
vn 0.5664 0.1133 0.8163
vn 0.3253 0.0431 0.9446
vn 0.2710 0.0275 0.9622
vn 0.2696 0.1055 0.9572
vn 0.3247 0.0743 0.9429
vn 0.3179 0.1374 0.9381
vn 0.2234 0.1137 0.9681
vn 0.2705 0.1843 0.9449
vn 0.2068 0.1132 0.9718
vn 0.1996 0.1605 0.9666
vn 0.2461 0.0898 0.9651
vn 0.1682 0.0900 0.9816
vn 0.1915 0.0352 0.9809
vn 0.2229 -0.0430 0.9739
vn 0.1843 0.1137 0.9763
vn 0.1216 0.0117 0.9925
vn 0.1213 -0.0742 0.9898
vn 0.2848 0.2224 0.9324
vn 0.2853 0.2149 0.9340
vn 0.3563 0.2624 0.8968
vn 0.4405 0.3002 0.8461
vn 0.5067 0.2867 0.8130
vn 0.3788 0.2070 0.9021
vn 0.5345 0.2224 0.8154
vn 0.3570 0.0902 0.9297
vn 0.5359 0.0743 0.8410
vn 0.3558 -0.0039 0.9345
vn 0.5982 -0.0038 0.8013
vn 0.7537 0.0820 0.6521
vn 0.8089 0.0821 0.5822
vn 0.7235 0.1995 0.6609
vn 0.8507 0.1686 0.4979
vn 0.6874 0.2946 0.6639
vn 0.8355 0.1138 0.5375
vn 0.8207 0.1924 0.5380
vn 0.6240 0.3728 0.6868
vn 0.7814 0.3416 0.5222
vn 0.8664 0.1294 0.4822
vn 0.4811 0.3716 0.7940
vn 0.8509 0.2078 0.4825
vn 0.7151 0.4494 0.5354
vn 0.8071 0.4016 0.4328
vn 0.8797 0.1759 0.4418
vn 0.7711 0.4580 0.4423
vn 0.9027 0.2306 0.3634
vn 0.8462 0.4173 0.3315
vn 0.8510 0.3258 0.4119
vn 0.8006 0.5039 0.3242
vn 0.8879 0.2073 0.4107
vn 0.7817 0.5617 0.2710
vn 0.8261 0.5207 0.2156
vn 0.8761 0.4597 0.1453
vn 0.8045 0.0432 0.5923
vn 0.9633 0.2634 -0.0511
vn 0.8407 0.5122 0.1759
vn 0.9486 0.3162 -0.0120
vn 0.8850 0.4172 0.2066
vn 0.9516 0.3016 0.0587
vn 0.8074 0.5031 0.3081
vn 0.9522 0.1685 0.2547
vn 0.9907 0.1136 0.0744
vn 0.9907 0.0430 -0.1292
vn 0.9905 0.0117 -0.1370
vn 0.9821 -0.1761 0.0665
vn 0.8498 -0.0824 0.5206
vn 0.9458 -0.2943 -0.1374
vn 0.9400 -0.3186 -0.1219
vn 0.3949 0.0115 0.9187
vn 0.7855 -0.0821 0.6133
vn 0.8532 -0.5072 -0.1219
vn 0.7138 0.0584 0.6980
vn 0.3571 0.2551 0.8986
vn 0.2557 0.0747 0.9639
vn 0.3708 0.2225 0.9017
vn 0.4353 0.3725 0.8196
vn 0.4639 0.3083 0.8305
vn 0.5344 0.1913 0.8233
vn 0.4961 0.3867 0.7774
vn 0.5260 0.2922 0.7987
vn 0.5822 0.2618 0.7697
vn 0.7313 -0.6760 -0.0909
vn 0.6285 0.2459 0.7379
vn 0.8673 -0.4827 -0.1217
vn 0.6275 -0.7774 0.0434
vn 0.7107 -0.7029 -0.0275
vn 0.8908 -0.4356 0.1295
vn 0.4825 -0.8355 0.2628
vn 0.9357 -0.1371 0.3250
vn 0.5719 -0.7376 0.3589
vn 0.7474 -0.4814 0.4579
vn 0.8881 -0.0430 0.4577
vn 0.7638 -0.4113 0.4975
vn 0.3022 -0.7973 0.5224
vn 0.8700 0.3160 0.3784
vn 0.8203 0.4121 0.3965
vn 0.8651 0.0666 0.4971
vn 0.8399 0.4102 0.3555
vn 0.8545 0.3863 0.3473
vn 0.8797 0.0978 0.4653
vn 0.8404 0.3713 0.3948
vn 0.7427 0.4283 0.5147
vn 0.8278 -0.2864 0.4825
vn 0.8732 0.0744 0.4816
vn 0.8612 -0.2320 0.4522
vn 0.7089 0.3721 0.5992
vn 0.8511 -0.2549 0.4589
vn 0.7020 0.0588 0.7098
vn 0.4119 0.3806 0.8279
vn 0.7876 -0.5133 0.3409
vn 0.6623 -0.3018 0.6858
vn 0.6580 -0.6664 0.3506
vn 0.3716 0.0508 0.9270
vn 0.4197 -0.7965 0.4354
vn -0.2422 -0.9643 0.1071
vn -0.3673 -0.8326 0.4145
vn 0.1297 -0.7504 0.6482
vn -0.7613 -0.1305 0.6352
vn 0.2232 -0.6931 0.6854
vn -0.8261 -0.5573 0.0830
vn -0.4364 0.1612 0.8852
vn -0.8431 -0.3919 0.3681
vn 0.4128 -0.8533 0.3185
vn 0.6291 0.1055 0.7701
vn 0.7029 -0.3259 0.6322
vn 0.7236 0.1992 0.6609
vn 0.6120 0.3862 0.6901
vn 0.5808 0.3625 0.7289
vn 0.1445 -0.0039 0.9895
vn 0.5520 0.3171 0.7712
vn -0.0827 -0.8707 0.4849
vn 0.7813 0.0983 0.6164
vn -0.7879 -0.6137 0.0514
vn 0.7613 0.3162 0.5661
vn -0.6699 -0.7097 -0.2180
vn -0.6449 -0.7556 -0.1148
vn -0.0276 -0.9875 0.1549
vn -0.5359 -0.7739 -0.3375
vn -0.4962 -0.7741 -0.3931
vn 0.8807 -0.0038 0.4737
vn 0.3514 -0.9355 -0.0354
vn -0.4712 -0.7246 -0.5029
vn 0.0910 -0.9936 -0.0673
vn -0.2581 -0.8141 -0.5202
vn 0.3822 -0.9179 -0.1064
vn 0.2649 -0.8417 -0.4704
vn 0.5804 -0.8093 -0.0908
vn 0.9979 -0.0587 0.0272
vn -0.2165 -0.6580 -0.7212
vn 0.0674 -0.7622 -0.6439
vn 0.8156 -0.0909 -0.5714
vn 0.5640 -0.0435 -0.8246
vn 0.8296 -0.4285 -0.3580
vn 0.9326 0.3266 -0.1537
vn 0.9074 0.3339 0.2553
vn 0.9959 -0.0354 -0.0827
vn 0.8569 0.2778 0.4343
vn 0.9687 -0.0902 0.2314
vn 0.7840 0.0271 0.6202
vn 0.8719 -0.1527 0.4653
vn 0.6912 -0.0197 0.7224
vn 0.6392 -0.2314 0.7334
vn 0.6425 0.2609 0.7205
vn 0.5598 0.0665 0.8260
vn 0.5071 0.1690 0.8452
vn 0.4115 -0.1060 0.9052
vn 0.2949 0.0197 0.9553
vn 0.4653 0.1916 0.8642
vn 0.5531 -0.5610 0.6159
vn 0.2236 0.1059 0.9689
vn 0.6582 -0.7134 0.2405
vn 0.1772 -0.3583 0.9167
vn 0.6964 -0.7043 0.1377
vn 0.3118 -0.8168 0.4854
vn 0.3258 -0.9146 0.2395
vn 0.6782 -0.7331 0.0509
vn 0.2646 -0.9520 0.1540
vn -0.0118 -0.8616 0.5075
vn 0.5566 -0.8249 0.0987
vn 0.0040 -0.9666 0.2564
vn 0.2006 -0.9636 0.1770
vn 0.0040 -0.9826 0.1855
vn 0.7103 -0.6946 0.1138
vn 0.0040 -0.9761 0.2173
vn 0.7893 -0.4752 0.3888
vn 0.5151 -0.7825 0.3499
vn 0.5770 -0.5535 0.6006
vn 0.1697 -0.9349 0.3116
vn 0.1859 -0.8348 0.5183
vn 0.3098 -0.3334 0.8904
vn 0.2481 -0.6104 0.7522
vn 0.0118 -0.8410 0.5409
vn 0.0353 0.0274 0.9990
vn 0.0039 -0.9387 0.3446
vn 0.0196 -0.6155 0.7879
vn -0.1853 -0.9346 0.3036
vn 0.0274 -0.3255 0.9451
vn -0.1852 -0.8313 0.5240
vn -0.2091 -0.6037 0.7693
vn -0.2326 -0.3194 0.9186
vn -0.5553 -0.5474 0.6261
vn -0.4869 -0.7639 0.4235
vn -0.2634 0.0511 0.9633
vn -0.5889 -0.2885 0.7549
vn -0.8316 -0.2404 0.5006
vn -0.6090 0.0746 0.7897
vn -0.2775 0.3869 0.8794
vn -0.5939 0.3894 0.7040
vn -0.8317 0.0906 0.5478
vn -0.7863 -0.4781 0.3912
vn -0.8658 -0.2253 0.4468
vn -0.7993 0.3662 0.4764
vn -0.8818 0.0910 0.4627
vn -0.6250 0.4677 0.6250
vn -0.8480 0.3826 0.3668
vn -0.3018 0.5134 0.8034
vn -0.8098 0.4069 0.4227
vn 0.0509 0.3877 0.9204
vn 0.4677 0.4912 0.7349
vn 0.0744 0.5211 0.8502
vn 0.5592 0.4184 0.7157
vn -0.3734 0.4598 0.8057
vn -0.8676 0.2395 0.4358
vn -0.9085 0.1298 0.3972
vn -0.9093 0.2244 0.3504
vn -0.8869 0.1222 0.4455
vn -0.8933 0.1771 0.4132
vn -0.8411 0.4304 0.3277
vn -0.8313 0.1852 0.5240
vn -0.8418 0.1225 0.5257
vn -0.7298 0.2722 0.6272
vn -0.7616 0.1618 0.6275
vn -0.5307 0.3263 0.7823
vn -0.5770 0.2630 0.7733
vn -0.3641 0.2780 0.8889
vn -0.4204 0.2632 0.8683
vn -0.6007 0.1688 0.7814
vn -0.4132 0.1771 0.8933
vn -0.7901 0.0668 0.6093
vn -0.6104 0.0276 0.7916
vn -0.3651 0.0353 0.9303
vn -0.8561 0.1775 0.4853
vn -0.8440 0.0824 0.5299
vn -0.6830 0.0039 0.7304
vn -0.2781 -0.0431 0.9596
vn -0.2231 0.0195 0.9746
vn -0.3092 0.0351 0.9504
vn -0.3091 0.0196 0.9508
vn -0.2548 0.1137 0.9603
vn -0.4296 -0.0276 0.9026
vn -0.3498 0.0983 0.9316
vn -0.5539 -0.0746 0.8292
vn -0.4513 0.0510 0.8909
vn -0.3717 0.2700 0.8882
vn -0.7038 -0.1769 0.6880
vn -0.4578 0.2074 0.8645
vn -0.7829 -0.1849 0.5941
vn -0.6749 -0.1066 0.7302
vn -0.5465 0.0118 0.8374
vn -0.5154 0.1377 0.8458
vn -0.8004 -0.2247 0.5558
vn -0.7576 -0.1295 0.6398
vn -0.8105 -0.2412 0.5338
vn -0.8170 -0.2012 0.5405
vn -0.8150 -0.2480 0.5237
vn -0.8642 -0.2330 0.4459
vn -0.8132 -0.2396 0.5303
vn -0.8327 -0.2802 0.4775
vn -0.8072 -0.1772 0.5631
vn -0.8058 -0.3184 0.4992
vn -0.7995 -0.2639 0.5397
vn -0.7279 -0.0826 0.6807
vn -0.8194 -0.3681 0.4394
vn -0.6497 -0.0197 0.7599
vn -0.7535 -0.1696 0.6352
vn -0.5631 0.0748 0.8230
vn -0.6242 0.0039 0.7812
vn -0.6551 -0.0980 0.7492
vn -0.5540 0.1375 0.8211
vn -0.5639 0.0512 0.8242
vn -0.5687 -0.0667 0.8198
vn -0.5232 0.2242 0.8222
vn -0.5643 0.0355 0.8248
vn -0.4523 0.3265 0.8299
vn -0.5623 0.1455 0.8140
vn -0.5154 0.3108 0.7986
vn -0.5466 -0.1140 0.8296
vn -0.5543 0.2083 0.8058
vn -0.4286 -0.3185 0.8455
vn -0.5930 0.0196 0.8050
vn -0.5710 -0.0985 0.8150
vn -0.5147 -0.3339 0.7897
vn -0.5224 -0.2003 0.8288
vn -0.2562 -0.6347 0.7290
vn -0.6198 -0.2172 0.7541
vn -0.2079 -0.4201 0.8833
vn -0.4441 -0.2477 0.8610
vn -0.7208 -0.2797 0.6342
vn -0.6054 -0.2493 0.7559
vn -0.7067 -0.2566 0.6593
vn -0.7786 -0.2885 0.5573
vn -0.6399 -0.2002 0.7419
vn -0.7361 -0.1614 0.6574
vn -0.5062 -0.1373 0.8514
vn -0.2005 -0.1220 0.9721
vn -0.5799 -0.0986 0.8087
vn 0.1139 -0.6153 0.7800
vn -0.4380 0.0750 0.8958
vn -0.0822 0.1683 0.9823
vn -0.5372 0.0274 0.8430
vn -0.5000 0.2165 0.8385
vn -0.2463 0.4814 0.8412
vn -0.6005 0.2786 0.7495
vn -0.5877 0.0276 0.8086
vn -0.4382 -0.1382 0.8882
vn -0.4690 -0.1458 0.8711
vn -0.5149 -0.1847 0.8371
vn -0.6164 -0.0981 0.7813
vn -0.3580 -0.1298 0.9247
vn -0.3270 -0.2246 0.9179
vn -0.4438 0.0903 0.8916
vn -0.3642 -0.3016 0.8811
vn -0.5233 -0.1928 0.8301
vn -0.7626 -0.1541 0.6283
vn -0.5867 -0.2323 0.7757
vn -0.8009 -0.2406 0.5483
vn -0.6580 0.0276 0.7525
vn -0.8041 -0.4397 0.4001
vn -0.6592 0.2092 0.7223
vn -0.7950 -0.5102 0.3283
vn -0.6173 0.3814 0.6881
vn -0.6155 0.0118 0.7880
vn -0.6017 0.4052 0.6883
vn -0.4441 0.6097 0.6566
vn -0.5694 0.3181 0.7580
vn -0.5676 0.5205 0.6379
vn -0.5751 0.5124 0.6377
vn -0.5379 -0.1060 0.8363
vn -0.5538 0.4203 0.7188
vn -0.4929 -0.4219 0.7610
vn -0.5083 0.2246 0.8314
vn -0.4291 -0.3897 0.8149
vn -0.4215 -0.2246 0.8786
vn -0.2962 -0.5648 0.7702
vn -0.3658 -0.5703 0.7355
vn -0.2551 -0.4277 0.8672
vn -0.1528 -0.6544 0.7406
vn -0.2560 -0.3033 0.9179
vn -0.1855 -0.6748 0.7143
vn -0.4198 0.1295 0.8983
vn -0.2702 0.0822 0.9593
vn -0.0903 -0.3337 0.9383
vn -0.5064 0.3651 0.7812
vn -0.4043 0.3336 0.8516
vn -0.5309 0.5545 0.6409
vn -0.4531 0.5554 0.6973
vn -0.5509 0.6056 0.5743
vn -0.2317 0.9699 0.0746
vn -0.5632 0.6260 0.5394
vn -0.1689 0.9854 -0.0197
vn -0.4428 0.8664 0.2310
vn -0.2387 0.8647 0.4420
vn -0.3484 0.9294 0.1214
vn -0.4056 0.7600 0.5079
vn -0.1214 0.9831 0.1371
vn -0.2402 -0.7210 0.6500
vn -0.2005 -0.7601 0.6181
vn 0.0664 -0.7582 0.6486
vn -0.1535 -0.8700 0.4685
vn -0.2085 -0.9246 0.3187
vn -0.4613 -0.6034 0.6505
vn -0.3201 -0.8179 0.4781
vn -0.0279 -0.9774 0.2097
vn -0.5775 -0.3027 0.7582
vn -0.4075 -0.6766 0.6133
vn -0.6148 -0.1214 0.7793
vn -0.4689 -0.5317 0.7052
vn -0.2320 -0.8613 0.4520
vn -0.3034 -0.7684 0.5635
vn -0.1698 -0.9267 0.3352
vn -0.0591 -0.9809 0.1851
vn -0.0673 -0.9771 0.2017
vn 0.0991 -0.9865 0.1307
vn 0.0040 -0.9731 0.2305
vn 0.0276 -0.9900 0.1381
vn -0.1224 -0.9790 0.1631
vn -0.0276 -0.9889 0.1458
vn 0.3122 -0.9500 -0.0037
vn 0.1067 -0.9908 0.0829
vn 0.1469 0.9784 -0.1456
vn 0.6208 -0.7554 -0.2097
vn 0.7830 0.6008 -0.1610
vn 0.9567 0.1849 -0.2246
vn 0.0898 0.9816 -0.1682
vn 0.9215 0.3177 -0.2235
vn 0.4199 0.7734 -0.4748
vn 0.7173 0.5840 -0.3800
vn 0.3808 0.7029 -0.6008
vn 0.6083 0.5534 -0.5690
vn 0.7440 0.4605 -0.4841
vn 0.4690 0.3744 -0.7999
vn 0.2638 0.7128 -0.6498
vn 0.9060 0.2706 -0.3255
vn 0.1931 0.7920 -0.5792
vn 0.9535 0.1607 -0.2551
vn 0.7410 0.3019 -0.5998
vn 0.9232 0.0510 -0.3810
vn 0.9302 0.1531 -0.3337
vn 0.8847 0.1140 -0.4521
vn 0.5533 0.2160 -0.8045
vn 0.7347 0.2004 -0.6481
vn 0.4060 0.2487 -0.8794
vn 0.8655 0.0588 -0.4974
vn 0.3276 0.4461 -0.8329
vn 0.1781 0.2417 -0.9539
vn 0.1617 0.4773 -0.8637
vn 0.0983 0.2481 -0.9637
vn 0.8936 0.0590 -0.4449
vn 0.8838 0.0197 -0.4674
vn 0.8857 0.0590 -0.4605
vn 0.9073 -0.0120 -0.4203
vn 0.8317 -0.2562 -0.4926
vn 0.7907 -0.1772 -0.5861
vn 0.7591 -0.4758 -0.4444
vn 0.7620 -0.3673 -0.5334
vn 0.7897 -0.1221 -0.6012
vn 0.6589 -0.5877 -0.4695
vn 0.4716 -0.8434 -0.2575
vn 0.7736 -0.3808 -0.5065
vn 0.8529 -0.1770 -0.4912
vn 0.6910 -0.5806 -0.4306
vn 0.7749 -0.5313 -0.3424
vn 0.8768 -0.3029 -0.3734
vn 0.4768 -0.8222 -0.3110
vn 0.6961 -0.6959 -0.1769
vn 0.7964 -0.4278 -0.4274
vn 0.6034 -0.7695 -0.2092
vn 0.2561 -0.9643 -0.0671
vn 0.3911 -0.9204 -0.0040
vn 0.0908 -0.9910 0.0987
vn 0.5794 -0.8081 -0.1064
vn 0.2484 -0.9668 0.0592
vn 0.0117 -0.9881 0.1535
vn 0.4772 -0.8638 -0.1617
vn 0.6137 -0.5585 -0.5581
vn 0.1852 -0.9814 0.0512
vn -0.0118 -0.9793 0.2022
vn 0.3667 -0.9188 -0.1459
vn 0.1457 -0.9876 0.0590
vn -0.0514 -0.9536 0.2968
vn 0.3684 -0.8754 -0.3129
vn 0.3992 -0.6446 -0.6521
vn 0.1068 -0.9930 0.0514
vn -0.0986 -0.9187 0.3825
vn 0.2564 -0.8876 -0.3826
vn 0.2020 -0.8752 -0.4396
vn 0.2018 -0.7083 -0.6764
vn 0.0355 -0.9976 0.0592
vn 0.1309 -0.8998 -0.4162
vn -0.0118 -0.9977 0.0670
vn -0.1377 -0.8929 0.4287
vn -0.3027 -0.7195 0.6251
vn -0.1780 -0.8507 0.4946
vn -0.4908 -0.4436 0.7499
vn -0.2872 -0.7043 0.6492
vn -0.6328 0.0039 0.7743
vn -0.4537 -0.4220 0.7849
vn -0.6023 0.1063 0.7912
vn -0.5856 0.0904 0.8056
vn -0.5728 0.1699 0.8019
vn -0.2642 -0.6740 0.6899
vn -0.3739 -0.4130 0.8304
vn -0.5125 0.1291 0.8489
vn -0.5602 0.2312 0.7954
vn -0.5232 0.1927 0.8301
vn -0.3182 -0.3810 0.8681
vn -0.5533 0.3100 0.7731
vn -0.2565 -0.6511 0.7143
vn -0.3902 0.1379 0.9104
vn -0.1936 -0.8335 0.5175
vn -0.5379 0.2238 0.8128
vn -0.0357 -0.9952 0.0912
vn -0.0754 -0.9954 0.0595
vn 0.0671 -0.8963 -0.4383
vn -0.2087 -0.8309 0.5158
vn -0.0670 -0.9974 0.0276
vn -0.0119 -0.8855 -0.4645
vn -0.2488 -0.6358 0.7306
vn -0.1381 -0.8720 0.4696
vn -0.2403 -0.3583 0.9021
vn -0.1778 -0.6758 0.7153
vn -0.1689 -0.4202 0.8916
vn 0.0118 -0.8952 0.4455
vn 0.0040 -1.0000 0.0040
vn -0.0039 -0.8738 -0.4863
vn 0.0198 -0.7070 0.7070
vn 0.0040 -0.8789 -0.4769
vn -0.0913 -0.7503 -0.6547
vn 0.0197 -0.4767 0.8789
vn 0.2242 -0.6569 0.7198
vn 0.1618 -0.8722 0.4617
vn 0.0749 -0.9971 -0.0118
vn 0.2789 -0.6090 0.7425
vn 0.2165 -0.8385 0.5000
vn 0.0748 -0.9971 0.0118
vn -0.0673 -0.8994 -0.4319
vn -0.2016 -0.7237 -0.6600
vn 0.2006 -0.8380 0.5075
vn 0.0355 -0.9984 0.0434
vn -0.1229 -0.9080 -0.4005
vn -0.2341 -0.8928 -0.3849
vn -0.3905 -0.6432 -0.6587
vn -0.0275 -0.9955 0.0907
vn -0.3137 -0.8934 -0.3216
vn -0.5280 -0.6316 -0.5677
vn -0.1065 -0.9902 0.0900
vn -0.3604 -0.9070 -0.2178
vn -0.1544 -0.9857 0.0673
vn -0.3768 -0.9003 -0.2181
vn -0.6314 -0.5604 -0.5360
vn -0.2023 -0.9793 -0.0039
vn -0.4475 -0.8435 -0.2970
vn -0.7324 -0.4319 -0.5265
vn -0.2662 -0.9570 -0.1152
vn -0.0040 -0.9761 0.2173
vn -0.6223 -0.7335 -0.2735
vn 0.0668 -0.9315 0.3576
vn -0.0670 -0.9964 0.0512
vn 0.1300 -0.8780 0.4607
vn 0.2943 -0.8202 0.4905
vn 0.1615 -0.8551 0.4926
vn 0.3505 -0.6892 0.6341
vn 0.3571 -0.6245 0.6947
vn 0.3337 -0.6008 0.7264
vn 0.2950 -0.6098 0.7356
vn 0.5349 -0.2928 0.7926
vn 0.4825 -0.2626 0.8356
vn 0.3896 -0.3030 0.8697
vn 0.5313 -0.4054 0.7439
vn 0.6142 0.0665 0.7863
vn 0.4903 -0.5923 0.6394
vn 0.5918 -0.2783 0.7565
vn 0.5730 0.1442 0.8068
vn 0.6055 0.0664 0.7931
vn 0.5906 0.1447 0.7939
vn 0.4653 0.1525 0.8719
vn 0.5918 -0.0666 0.8034
vn 0.5587 0.1837 0.8088
vn 0.5613 0.2237 0.7968
vn 0.5673 0.0978 0.8177
vn 0.2003 0.1846 0.9622
vn 0.2234 0.1685 0.9601
vn 0.3019 -0.3410 0.8903
vn -0.0667 0.0117 0.9977
vn 0.2230 -0.4184 0.8804
vn -0.0351 0.2154 0.9759
vn -0.0039 0.2304 0.9731
vn -0.0822 0.2075 0.9748
vn -0.0196 0.2544 0.9669
vn 0.0507 0.2225 0.9736
vn -0.0196 0.0118 0.9997
vn 0.1059 0.2236 0.9689
vn -0.1059 0.1844 0.9771
vn 0.0743 0.0196 0.9970
vn -0.3966 0.1845 0.8993
vn -0.0664 0.1836 0.9808
vn -0.5629 0.2637 0.7833
vn -0.0746 0.0825 0.9938
vn -0.4523 0.1613 0.8772
vn -0.1916 -0.0117 0.9814
vn -0.5805 0.3594 0.7306
vn -0.5323 0.1065 0.8398
vn -0.4976 0.3957 0.7719
vn -0.6892 0.2242 0.6890
vn -0.4197 0.3726 0.8277
vn -0.6501 0.2401 0.7210
vn -0.3490 0.2703 0.8973
vn -0.7522 0.0431 0.6575
vn -0.6721 0.0904 0.7349
vn -0.7407 -0.3209 0.5902
vn -0.5785 -0.7123 0.3975
vn -0.6210 -0.1780 0.7634
vn -0.6513 -0.7461 0.1382
vn -0.7307 -0.0988 0.6755
vn -0.6005 -0.2554 0.7577
vn -0.3665 -0.7843 0.5005
vn -0.3744 0.2954 0.8789
vn 0.1685 -0.0512 0.9844
vn -0.5031 -0.8199 0.2733
vn -0.1461 -0.7775 0.6117
vn -0.7557 -0.6529 0.0514
vn -0.7867 -0.6128 -0.0751
vn -0.5972 -0.7000 0.3915
vn -0.8822 -0.4708 -0.0119
vn -0.8753 -0.4634 -0.1386
vn -0.8949 -0.1853 0.4060
vn -0.9515 -0.2566 -0.1698
vn -0.9322 -0.1377 0.3346
vn -0.9744 -0.2091 -0.0828
vn -0.9898 0.0355 -0.1380
vn -0.9712 -0.0754 0.2262
vn -0.9584 0.1538 0.2406
vn -0.9022 0.2718 0.3348
vn -0.9682 0.2411 -0.0672
vn -0.9923 0.0751 -0.0988
vn -0.8454 0.3893 0.3657
vn -0.8539 0.4997 0.1456
vn -0.9375 0.3441 0.0514
vn -0.9826 0.1460 0.1144
vn -0.9718 -0.1706 0.1626
vn -0.9341 0.2404 0.2641
vn -0.8692 0.4366 0.2321
vn -0.8418 -0.4704 0.2648
vn -0.9238 -0.1140 0.3656
vn -0.7618 -0.4698 0.4460
vn -0.4213 -0.7762 0.4689
vn -0.7865 -0.3597 0.5020
vn -0.8452 0.3577 0.3971
vn -0.8788 0.0197 0.4769
vn -0.7989 0.5549 0.2322
vn -0.7771 0.5326 0.3353
vn -0.8495 0.4070 0.3358
vn -0.8148 0.4842 0.3189
vn -0.8227 0.4212 0.3818
vn -0.8702 0.0906 0.4843
vn -0.8389 -0.2481 0.4844
vn -0.7751 -0.5629 0.2871
vn -0.6617 -0.6699 0.3368
vn -0.5093 -0.7542 0.4145
vn -0.5501 -0.8192 -0.1622
vn 0.1545 -0.9867 0.0515
vn -0.2564 -0.9360 -0.2411
vn -0.0593 -0.9925 -0.1068
vn -0.7142 -0.6906 0.1141
vn -0.0042 -0.6704 -0.7420
vn -0.5889 -0.8021 0.0986
vn -0.8370 -0.2896 -0.4644
vn -0.2324 -0.9577 0.1695
vn -0.7563 -0.6532 0.0355
vn -0.2958 -0.9428 0.1538
vn -0.9999 0.0040 -0.0120
vn -0.3433 -0.9035 0.2565
vn -0.7501 -0.6389 0.1707
vn -0.7059 0.0591 -0.7058
vn -0.3189 -0.8148 0.4842
vn -0.6611 -0.1229 -0.7402
vn -0.6594 -0.6910 0.2962
vn -0.9537 0.2889 -0.0831
vn -0.9464 -0.1069 0.3049
vn -0.8927 0.3107 0.3264
vn -0.9957 0.0198 0.0910
vn 0.0039 -0.5737 -0.8190
vn 0.3666 -0.7215 -0.5874
vn -0.8122 -0.5111 -0.2815
vn 0.5102 -0.7396 -0.4390
vn 0.3118 -0.7064 -0.6354
vn -0.6783 -0.7339 0.0355
vn 0.4877 -0.7493 -0.4480
vn -0.8699 0.0357 0.4920
vn -0.4316 -0.8518 0.2970
vn 0.6196 -0.7301 -0.2881
vn 0.6647 -0.6961 -0.2714
vn -0.2161 -0.7983 0.5622
vn 0.8205 -0.5693 -0.0510
vn 0.7527 -0.6582 0.0119
vn 0.1303 -0.9113 0.3906
vn 0.6941 -0.4511 0.5610
vn 0.6486 -0.3420 0.6800
vn -0.5550 -0.0430 0.8308
vn -0.8016 -0.0431 0.5963
vn -0.7734 0.2943 0.5614
vn -0.8529 0.2319 0.4677
vn -0.8356 -0.2022 0.5108
vn -0.5244 -0.5401 0.6583
vn -0.3584 -0.1221 0.9255
vn -0.1763 -0.3717 0.9114
vn -0.0354 -0.1611 0.9863
vn -0.0197 -0.4925 0.8701
vn -0.0196 -0.2082 0.9779
vn 0.0433 -0.1534 0.9872
vn 0.5610 0.0039 0.8278
vn 0.5360 -0.2387 0.8098
vn 0.5302 -0.1375 0.8366
vn 0.4893 -0.4974 0.7164
vn 0.3818 -0.4212 0.8227
vn 0.6131 -0.0898 0.7849
vn 0.4055 -0.7600 0.5079
vn 0.1606 -0.7248 0.6700
vn 0.4343 -0.2778 0.8569
vn 0.1451 -0.5149 0.8449
vn 0.1453 -0.8919 0.4283
vn 0.1853 -0.9346 0.3037
vn -0.2170 -0.7211 0.6580
vn 0.0749 -0.9677 0.2409
vn -0.2566 -0.8876 0.3826
vn -0.0753 -0.9954 0.0595
vn -0.2021 -0.9793 -0.0119
vn -0.0913 -0.9909 0.0987
vn -0.4805 -0.8617 -0.1629
vn -0.3283 -0.9394 0.0991
vn -0.4806 -0.8769 0.0119
vn -0.7237 -0.6761 -0.1384
vn -0.7725 -0.6295 -0.0832
vn -0.9515 -0.3044 -0.0438
vn -0.9783 0.1463 -0.1466
vn -0.8747 -0.4155 -0.2494
vn -0.8046 -0.5350 -0.2577
vn -0.8764 -0.2422 -0.4162
vn -0.8998 -0.1311 -0.4161
vn -0.8606 -0.2816 -0.4243
vn -0.9331 -0.0674 -0.3533
vn -0.9005 -0.0439 -0.4326
vn -0.9090 0.0119 -0.4167
vn -0.9039 0.0670 -0.4225
vn -0.8768 0.0278 -0.4801
vn -0.7228 0.1461 -0.6754
vn -0.9199 0.1381 -0.3671
vn -0.9116 0.2486 -0.3275
vn -0.8534 0.2025 -0.4803
vn -0.6919 0.1779 -0.6997
vn -0.9017 0.3424 -0.2639
vn -0.8030 0.3757 -0.4627
vn -0.6921 0.6210 -0.3678
vn -0.7082 0.3046 -0.6369
vn -0.6374 0.4553 -0.6216
vn -0.5720 0.3589 -0.7376
vn -0.5125 0.2185 -0.8304
vn -0.3844 0.1704 -0.9073
vn -0.3902 0.6818 -0.6188
vn -0.4008 0.2897 -0.8691
vn -0.2409 0.2254 -0.9440
vn -0.4153 0.5182 -0.7477
vn -0.3898 0.5315 -0.7520
vn 0.0744 0.9663 -0.2465
vn -0.3168 0.8028 -0.5051
vn 0.2771 0.9487 0.1522
vn 0.0668 0.9978 -0.0039
vn 0.5200 0.7311 0.4418
vn 0.5202 0.6454 0.5593
vn 0.0827 0.9544 0.2869
vn 0.0666 0.8703 0.4880
vn 0.5443 0.5052 0.6697
vn -0.2341 -0.9396 0.2498
vn 0.2787 0.6632 0.6946
vn 0.1209 0.6704 0.7321
vn -0.1294 0.3811 0.9154
vn 0.3325 0.4967 0.8017
vn -0.2001 0.0902 0.9756
vn 0.2786 0.3178 0.9063
vn 0.0037 -0.1765 0.9843
vn 0.5770 0.3415 0.7419
vn 0.2941 -0.2787 0.9142
vn 0.2245 0.0749 0.9716
vn 0.5597 -0.2074 0.8023
vn 0.3496 -0.1060 0.9309
vn 0.5213 -0.2391 0.8192
vn 0.7012 -0.1292 0.7012
vn 0.6707 -0.2393 0.7021
vn 0.7846 -0.2147 0.5816
vn 0.6566 -0.2713 0.7038
vn 0.7548 -0.2855 0.5906
vn 0.8023 -0.2622 0.5362
vn 0.5833 -0.1683 0.7947
vn 0.6774 -0.2232 0.7009
vn 0.7421 -0.2631 0.6165
vn 0.7934 -0.3166 0.5198
vn 0.7805 -0.2000 0.5923
vn 0.8205 -0.3180 0.4750
vn 0.8344 -0.4270 0.3486
vn 0.8099 -0.1995 0.5516
vn 0.6786 -0.1138 0.7257
vn 0.7065 -0.0429 0.7064
vn 0.6940 -0.7018 0.1608
vn 0.7521 -0.4292 0.5001
vn 0.5148 -0.8449 0.1454
vn 0.5855 -0.6326 0.5069
vn 0.7096 -0.1607 0.6861
vn 0.3206 -0.9382 0.1306
vn 0.3891 -0.7585 0.5227
vn 0.0984 -0.9876 0.1220
vn 0.1300 -0.8467 0.5159
vn 0.0040 -0.9904 0.1381
vn -0.0830 -0.9845 0.1542
vn 0.0118 -0.8468 0.5318
vn 0.3893 -0.3657 0.8454
vn 0.1295 -0.4513 0.8829
vn -0.0905 -0.8219 0.5624
vn 0.0197 -0.4768 0.8788
vn 0.1057 -0.1527 0.9826
vn 0.5547 -0.3029 0.7750
vn 0.3424 -0.1141 0.9326
vn 0.6155 0.0117 0.7880
vn 0.4978 -0.0431 0.8662
vn 0.5668 0.1056 0.8170
vn 0.4570 0.2148 0.8632
vn 0.5116 0.0820 0.8553
vn 0.2934 0.1995 0.9349
vn 0.4035 0.2155 0.8893
vn 0.4034 -0.1371 0.9047
vn 0.1058 0.1450 0.9838
vn 0.2542 0.3011 0.9191
vn 0.3255 -0.0275 0.9451
vn 0.1213 0.3092 0.9432
vn 0.5593 -0.2386 0.7939
vn 0.2165 0.0905 0.9721
vn 0.6369 -0.1602 0.7541
vn 0.4424 -0.1683 0.8809
vn 0.3484 -0.2153 0.9123
vn 0.4677 -0.1140 0.8765
vn 0.5609 0.0196 0.8276
vn 0.2714 -0.2399 0.9321
vn 0.3721 -0.2390 0.8969
vn 0.5132 0.0196 0.8580
vn 0.5120 0.1368 0.8480
vn 0.5741 0.0664 0.8161
vn 0.5434 0.2229 0.8093
vn 0.5231 -0.1062 0.8456
vn 0.6240 0.1138 0.7731
vn 0.5930 -0.1139 0.7971
vn 0.6521 0.2303 0.7223
vn 0.6143 0.4185 0.6689
vn 0.6357 0.0741 0.7684
vn 0.5668 0.5667 0.5980
vn 0.6075 0.3411 0.7173
vn 0.5750 -0.0352 0.8174
vn 0.5203 -0.2934 0.8020
vn 0.4416 -0.2931 0.8480
vn 0.4740 -0.1606 0.8657
vn 0.2791 -0.3735 0.8846
vn 0.4120 -0.4826 0.7729
vn 0.3411 -0.4744 0.8116
vn 0.1688 -0.2474 0.9541
vn 0.1689 -0.4673 0.8678
vn 0.1137 0.1843 0.9763
vn 0.0826 -0.1849 0.9793
vn 0.2079 -0.6000 0.7725
vn 0.2560 -0.6262 0.7365
vn 0.0826 -0.6807 0.7279
vn 0.0591 -0.5008 0.8635
vn 0.3165 -0.2384 0.9181
vn 0.1061 -0.6952 0.7109
vn 0.1370 -0.3015 0.9436
vn 0.3100 0.0981 0.9457
vn 0.1134 0.0900 0.9895
vn 0.0039 -0.7265 0.6872
vn 0.0040 -0.7032 0.7110
vn -0.0831 -0.7242 0.6846
vn 0.0118 -0.5075 0.8616
vn -0.0591 -0.6819 0.7291
vn -0.0276 -0.5166 0.8558
vn 0.0118 -0.1612 0.9869
vn -0.0432 -0.2080 0.9772
vn -0.1298 -0.4915 0.8611
vn -0.1296 -0.2396 0.9622
vn 0.0353 0.1138 0.9929
vn -0.0745 0.1058 0.9916
vn 0.0274 0.3719 0.9279
vn -0.2382 0.3397 0.9099
vn -0.0510 0.3648 0.9297
vn -0.3179 0.6004 0.7338
vn -0.1690 0.6482 0.7425
vn -0.0274 0.6624 0.7486
vn -0.2387 0.9432 0.2309
vn 0.0824 0.8675 -0.4906
vn -0.1688 0.9382 0.3023
vn -0.0898 0.9566 0.2772
vn 0.0354 0.8834 -0.4673
vn 0.0827 0.4848 -0.8707
vn 0.0197 0.9500 -0.3115
vn -0.0039 0.9455 0.3256
vn -0.0040 0.5017 -0.8650
vn 0.0039 0.2325 -0.9726
vn 0.0117 0.9345 0.3558
vn 0.0196 0.6625 0.7488
vn -0.0040 0.9309 -0.3653
vn 0.0117 0.9454 0.3256
vn 0.0587 0.6532 0.7549
vn -0.0354 0.9238 -0.3813
vn -0.0674 0.4478 -0.8916
vn -0.0515 0.2341 -0.9709
vn -0.2178 0.4158 -0.8830
vn -0.0745 0.8896 -0.4507
vn -0.2564 0.7220 -0.6427
vn -0.1852 0.8158 -0.5478
vn 0.0825 0.9545 0.2867
vn 0.1763 0.9442 0.2782
vn 0.2703 0.9365 0.2234
vn 0.2617 0.9649 0.0196
vn 0.5603 0.6308 0.5368
vn 0.4882 0.6132 0.6210
vn 0.5915 0.4819 0.6464
vn 0.5373 0.4431 0.7176
vn 0.5670 0.2463 0.7860
vn 0.4660 0.1446 0.8729
vn 0.4264 0.4186 0.8019
vn 0.2613 0.4018 0.8777
vn 0.3469 0.6354 0.6899
vn 0.1993 0.6527 0.7309
vn 0.0901 0.3800 0.9206
vn 0.1212 0.0821 0.9892
vn 0.2156 0.2156 0.9524
vn 0.0117 -0.0509 0.9986
vn 0.6211 0.4570 0.6367
vn -0.0275 0.0274 0.9992
vn 0.4113 0.3486 0.8422
vn 0.0823 0.1607 0.9836
vn 0.7007 0.4424 0.5598
vn 0.5638 0.3616 0.7426
vn 0.3161 0.2457 0.9164
vn 0.8613 0.2533 0.4404
vn 0.7782 0.2698 0.5671
vn 0.8288 -0.1532 0.5382
vn 0.6610 0.2699 0.7002
vn 0.5272 0.2617 0.8084
vn 0.7181 -0.0430 0.6946
vn 0.5929 -0.4987 0.6322
vn 0.5840 0.0119 0.8116
vn 0.3348 -0.8388 0.4293
vn 0.4915 -0.3972 0.7751
vn 0.3174 -0.7407 0.5921
vn -0.0352 -0.2543 0.9665
vn 0.1061 -0.0353 0.9937
vn -0.1608 -0.0667 0.9847
vn 0.3092 0.1213 0.9432
vn 0.2560 -0.2796 0.9254
vn 0.0665 0.0196 0.9976
vn 0.4576 -0.0508 0.8877
vn 0.4418 0.2697 0.8556
vn 0.7190 -0.2710 0.6401
vn 0.4799 0.3783 0.7916
vn 0.0977 0.3008 0.9487
vn -0.1138 0.1295 0.9850
vn -0.0195 0.5842 0.8114
vn -0.1529 -0.0902 0.9841
vn -0.1996 0.3954 0.8965
vn 0.5042 0.5745 0.6448
vn -0.0749 0.8198 0.5678
vn -0.2003 0.0589 0.9780
vn 0.8840 -0.2708 0.3811
vn -0.1844 0.7257 0.6629
vn 0.4401 0.7594 0.4793
vn -0.0820 0.9340 0.3478
vn 0.2776 0.8406 0.4652
vn 0.6086 -0.7657 0.2081
vn 0.8925 -0.1138 0.4365
vn 0.6406 -0.7270 0.2473
vn 0.5683 -0.8194 0.0746
vn 0.5528 0.2705 0.7882
vn 0.5444 -0.3799 0.7478
vn 0.5374 -0.8356 0.1138
vn 0.5857 -0.7193 0.3737
vn 0.4736 0.0040 0.8807
vn 0.6543 -0.2154 0.7249
vn 0.3571 -0.5772 0.7343
vn 0.3873 0.4107 0.8254
vn 0.4407 0.4641 0.7683
vn 0.2238 0.7735 0.5929
vn 0.2621 0.7631 0.5907
vn -0.0743 0.9663 0.2465
vn 0.0353 0.9988 0.0353
vn -0.0667 0.9376 0.3413
vn 0.0589 0.9942 0.0904
vn 0.1060 0.9934 0.0434
vn 0.2931 0.8171 0.4964
vn 0.2714 0.9321 -0.2399
vn 0.1926 0.9553 -0.2241
vn 0.2231 0.8727 0.4344
vn 0.2707 0.5057 0.8191
vn 0.3491 0.9061 0.2390
vn 0.5840 -0.3488 0.7330
vn 0.1215 0.4266 0.8963
vn 0.3014 0.9356 -0.1840
vn -0.0978 0.4806 0.8715
vn -0.0747 -0.0665 0.9950
vn -0.0121 -0.6497 0.7601
vn -0.1839 0.5206 0.8338
vn -0.1530 0.6946 0.7029
vn 0.3023 0.8837 -0.3573
vn 0.2392 0.9687 -0.0667
vn 0.1844 0.9378 -0.2943
vn 0.0041 0.5041 0.8636
vn 0.1137 0.9464 0.3025
vn 0.1914 0.9802 -0.0508
vn 0.0433 0.9803 -0.1929
vn -0.1294 0.4824 0.8664
vn 0.1208 0.9240 0.3627
vn 0.0900 0.9903 0.1059
vn 0.0903 0.5677 0.8183
vn -0.0824 0.9932 -0.0824
vn -0.0354 0.2473 0.9683
vn 0.1210 0.7926 0.5977
vn -0.0825 -0.1453 0.9859
vn 0.0905 0.0278 0.9955
vn -0.0669 -0.2244 0.9722
vn 0.0747 -0.2869 0.9550
vn 0.0822 -0.2702 0.9593
vn 0.1999 0.5923 0.7805
vn 0.0509 0.9269 0.3718
vn 0.0664 0.8651 0.4972
vn -0.2002 0.9769 -0.0745
vn -0.3113 0.9493 -0.0433
vn 0.2143 0.6040 0.7677
vn 0.2386 0.5908 0.7707
vn -0.3490 0.9292 0.1215
vn 0.2220 0.6115 0.7594
vn 0.2702 0.4039 0.8740
vn -0.3103 0.9086 0.2795
vn 0.2699 0.2310 0.9348
vn 0.1212 0.8553 0.5038
vn 0.0744 0.8593 0.5061
vn -0.2396 -0.2475 0.9388
vn -0.2783 -0.0196 0.9603
vn -0.1683 0.0822 0.9823
vn -0.3404 0.2308 0.9115
vn -0.2080 0.3022 0.9303
vn -0.0747 0.1764 0.9815
vn -0.0823 0.3175 0.9447
vn 0.0117 0.2231 0.9747
vn 0.0194 0.3091 0.9508
vn -0.2308 0.2074 0.9506
vn -0.0590 0.1533 0.9864
vn 0.0275 0.1139 0.9931
vn 0.0275 -0.1688 0.9853
vn -0.0430 -0.1369 0.9896
vn -0.0669 -0.4288 0.9009
vn -0.2795 -0.0827 0.9566
vn -0.3271 -0.3271 0.8866
vn -0.4203 0.0039 0.9074
vn -0.3676 -0.6996 0.6127
vn -0.3721 0.2389 0.8969
vn -0.5156 -0.2401 0.8225
vn -0.5565 0.0986 0.8250
vn -0.4985 0.1609 0.8518
vn -0.6430 -0.0828 0.7613
vn -0.7154 -0.2886 0.6363
vn -0.5737 -0.4946 0.6529
vn -0.8275 -0.3286 0.4553
vn -0.7472 -0.5733 0.3361
vn -0.5107 -0.8274 0.2336
vn -0.7611 -0.6113 0.2169
vn -0.3121 -0.9284 0.2015
vn -0.4298 -0.9029 -0.0039
vn -0.6518 -0.7547 0.0750
vn -0.6143 -0.7886 0.0277
vn -0.6972 -0.7050 0.1300
vn -0.6531 -0.7560 0.0435
vn -0.7623 -0.6201 0.1856
vn -0.6686 -0.7398 0.0752
vn -0.8314 -0.4374 0.3428
vn -0.7441 -0.6566 0.1234
vn -0.8724 -0.3039 0.3829
vn -0.8404 -0.4774 0.2565
vn -0.9307 -0.2020 0.3050
vn -0.9222 -0.2889 0.2572
vn -0.8659 -0.4705 0.1700
vn -0.7550 -0.6523 0.0672
vn -0.9595 -0.2409 0.1461
vn -0.8151 -0.5792 -0.0118
vn -0.9175 -0.3932 0.0596
vn -0.9386 -0.3366 -0.0752
vn -0.9787 -0.1941 0.0674
vn -0.9843 -0.1463 0.0988
vn -0.9664 -0.1696 0.1933
vn -0.9833 -0.1619 0.0829
vn -0.9688 -0.1542 0.1938
vn -0.9279 -0.1619 0.3357
vn -0.9548 -0.2021 0.2179
vn -0.9737 -0.2089 0.0907
vn -0.9730 -0.2088 0.0985
vn -0.9820 -0.1854 0.0355
vn -0.9709 -0.2338 0.0515
vn -0.9786 -0.1942 0.0674
vn -0.9603 -0.2727 0.0593
vn -0.9541 -0.2732 0.1227
vn -0.9718 -0.1627 0.1708
vn -0.9650 -0.1930 0.1773
vn -0.8967 -0.2884 0.3358
vn -0.8404 -0.2407 0.4856
vn -0.4605 -0.0590 0.8857
vn -0.5706 -0.1535 0.8067
vn -0.9109 -0.2879 0.2957
vn -0.7134 -0.0669 0.6976
vn -0.3968 0.1375 0.9076
vn -0.4899 0.1920 0.8504
vn -0.5372 -0.0274 0.8430
vn -0.5291 -0.1057 0.8420
vn -0.7134 -0.1616 0.6819
vn -0.4601 0.2163 0.8611
vn -0.8426 -0.1463 0.5183
vn -0.4595 0.3574 0.8131
vn -0.5555 0.4530 0.6973
vn -0.5878 0.5799 0.5641
vn -0.0040 0.8179 0.5753
vn 0.2151 0.9122 0.3488
vn 0.2703 0.9450 0.1842
vn 0.5071 0.8608 0.0432
vn -0.3325 0.7158 0.6141
vn 0.3476 0.9347 0.0744
vn -0.7823 0.4205 0.4596
vn -0.9838 -0.1779 -0.0197
vn 0.0745 0.9529 -0.2941
vn 0.1061 0.9942 -0.0197
vn -0.7182 0.0517 -0.6940
vn -0.0193 0.9145 0.4041
vn 0.0037 0.2174 -0.9761
vn -0.1449 0.9601 -0.2393
vn -0.5767 0.7101 0.4039
vn 0.0746 0.8816 0.4660
vn -0.5158 0.5395 0.6655
vn 0.5051 0.8414 0.1920
vn -0.5239 0.1853 0.8314
vn -0.1758 0.8550 0.4880
vn 0.0353 0.7486 0.6621
vn 0.4108 0.8099 0.4187
vn -0.7975 -0.0508 0.6011
vn -0.2777 0.5519 0.7863
vn -0.7370 -0.1537 0.6582
vn -0.0511 0.4133 0.9092
vn -0.7699 -0.1145 0.6278
vn -0.8874 -0.1854 0.4220
vn -0.8559 0.0119 0.5170
vn 0.0747 0.1925 0.9784
vn -0.2543 -0.0430 0.9662
vn -0.8144 0.1692 0.5550
vn 0.2313 -0.2314 0.9450
vn -0.2085 -0.2951 0.9324
vn -0.5918 0.1291 0.7957
vn 0.3418 0.1768 0.9230
vn 0.3805 0.4827 0.7888
vn 0.0824 0.0902 0.9925
vn -0.0980 0.2553 0.9619
vn 0.0353 0.5749 0.8174
vn 0.2399 -0.3422 0.9085
vn -0.4921 0.0275 0.8701
vn 0.2713 -0.4601 0.8454
vn -0.4459 -0.1144 0.8878
vn -0.1531 -0.4435 0.8831
vn -0.6243 0.0039 0.7812
vn 0.3333 -0.6548 0.6783
vn -0.6823 -0.5009 0.5325
vn -0.0905 -0.5387 0.8376
vn -0.8889 -0.2252 0.3990
vn -0.7074 -0.4546 0.5413
vn -0.9244 -0.3768 0.0595
vn -0.9543 0.0354 0.2969
vn -0.6211 -0.7714 0.1382
vn -0.6880 -0.4971 -0.5287
vn -0.3927 -0.9005 -0.1867
vn -0.9681 0.2490 0.0274
vn -0.7035 -0.0994 -0.7037
vn 0.1301 -0.3278 -0.9357
vn -0.5185 0.3680 -0.7718
vn -0.3193 0.6500 -0.6897
vn 0.2262 -0.0753 -0.9712
vn -0.1528 0.7180 -0.6791
vn 0.2323 -0.0197 -0.9724
vn 0.1463 -0.1543 -0.9771
vn 0.3515 -0.2959 -0.8882
vn -0.5576 -0.4468 -0.6996
vn 0.0198 -0.3679 -0.9297
vn -0.0987 -0.3123 -0.9448
vn -0.4639 -0.5511 -0.6936
vn -0.8810 -0.4385 0.1778
vn -0.8671 -0.4554 0.2017
vn -0.6694 -0.3683 -0.6452
vn -0.8812 -0.1306 0.4544
vn -0.0436 -0.2339 -0.9713
vn -0.9873 -0.0356 0.1547
vn 0.1146 -0.3683 -0.9226
vn -0.9942 -0.0119 0.1070
vn -0.7505 -0.4171 -0.5127
vn -0.5736 -0.0198 -0.8189
vn -0.8849 -0.3769 -0.2738
vn -0.9537 0.0831 -0.2890
vn -0.7743 -0.2025 -0.5996
vn -0.9956 0.0827 0.0433
vn -0.8670 -0.0594 0.4948
vn -0.9150 0.0515 0.4001
vn -0.9182 0.1301 0.3741
vn -0.9726 0.2323 0.0118
vn -0.9726 0.0118 0.2323
vn -0.9447 -0.3279 0.0038
vn -0.9125 -0.2093 0.3515
vn -0.8433 -0.3840 0.3761
vn -0.8671 -0.2019 0.4554
vn -0.7684 -0.3034 0.5635
vn -0.8157 -0.0906 0.5714
vn -0.7074 -0.1462 0.6915
vn -0.8870 0.0198 0.4614
vn -0.6490 0.0511 0.7591
vn -0.9141 0.1702 0.3681
vn -0.5558 0.3351 0.7608
vn -0.8841 0.3186 0.3418
vn -0.6002 0.5374 0.5924
vn -0.2866 0.8530 0.4362
vn -0.3101 0.6319 0.7103
vn -0.0275 0.8430 0.5372
vn 0.1996 0.9189 0.3402
vn 0.3396 0.9175 0.2069
vn 0.1297 0.9391 0.3183
vn -0.0039 0.8491 0.5282
vn -0.2790 0.8056 0.5227
vn -0.6555 0.5221 0.5456
vn -0.3799 0.6462 0.6619
vn -0.1921 0.7094 0.6781
vn -0.6812 0.2874 0.6733
vn -0.3817 0.4368 0.8146
vn -0.5459 0.3888 0.7422
vn -0.6662 -0.0274 0.7452
vn -0.6336 0.0986 0.7674
vn -0.8044 -0.1783 0.5667
vn -0.8187 0.0989 0.5656
vn -0.7888 -0.2180 0.5747
vn -0.7511 -0.5152 0.4129
vn -0.7628 -0.5574 0.3278
vn 0.1622 -0.9385 -0.3048
vn 0.1463 -0.8517 -0.5031
vn -0.0753 -0.9863 -0.1466
vn -0.1227 -0.9541 -0.2732
vn -0.7104 -0.4566 0.5356
vn 0.0749 -0.6770 -0.7322
vn -0.0040 -0.7958 -0.6056
vn -0.6815 -0.0670 0.7288
vn -0.7943 -0.5732 0.2014
vn -0.0359 -0.5202 -0.8533
vn -0.8382 -0.5363 0.0993
vn -0.7824 -0.2320 0.5779
vn -0.7868 -0.2807 0.5496
vn -0.8756 -0.4794 0.0592
vn -0.8041 -0.4001 0.4396
vn -0.8781 -0.4172 -0.2344
vn -0.1786 -0.4322 -0.8839
vn -0.1943 -0.2575 -0.9465
vn 0.1388 -0.2579 -0.9561
vn -0.0357 -0.5913 -0.8056
vn -0.1697 -0.0592 -0.9837
vn -0.7370 -0.5086 0.4452
vn -0.9195 -0.3906 0.0435
vn -0.9744 -0.2249 0.0037
vn -0.7370 -0.0512 0.6739
vn -0.6730 -0.0746 0.7359
vn -0.6236 0.2236 0.7491
vn -0.5465 0.1612 0.8218
vn -0.6069 0.1916 0.7713
vn -0.3360 -0.5179 0.7867
vn -0.6427 -0.1772 0.7453
vn -0.3892 -0.4600 0.7981
vn 0.2320 -0.8299 0.5074
vn 0.0669 -0.9009 0.4288
vn -0.3181 -0.6088 0.7267
vn -0.8004 -0.3224 -0.5054
vn -0.1454 -0.9252 0.3505
vn -0.2578 0.0674 -0.9638
vn -0.5102 -0.8342 0.2094
vn -0.3524 0.2017 -0.9139
vn -0.7718 -0.1940 -0.6056
vn -0.8732 -0.0355 -0.4860
vn -0.8482 -0.4931 0.1933
vn -0.5268 0.1545 -0.8358
vn -0.8947 -0.4452 -0.0357
vn -0.9159 0.0833 -0.3926
vn -0.7235 0.4072 -0.5575
vn -0.9777 0.2098 -0.0121
vn -0.9790 0.1625 0.1227
vn -0.7393 -0.6046 0.2964
vn -0.8940 0.0512 0.4451
vn -0.2483 -0.7764 0.5793
vn -0.7372 -0.2089 0.6426
vn -0.0196 -0.4580 0.8887
vn 0.2475 -0.7344 0.6320
vn 0.0986 -0.9342 0.3429
vt 0.555176 0.596436
vt 0.560547 0.590332
vt 0.552246 0.594482
vt 0.189087 0.523193
vt 0.196289 0.540527
vt 0.193237 0.531738
vt 0.858398 0.046387
vt 0.854980 0.045410
vt 0.860840 0.052246
vt 0.793457 0.035645
vt 0.791992 0.020020
vt 0.792480 0.026855
vt 0.000000 0.000000
vt 0.108948 0.009277
vt 0.115479 0.007812
vt 0.108643 0.011719
vt 0.106445 0.015137
vt 0.098694 0.020020
vt 0.102173 0.015625
vt 0.124084 0.036133
vt 0.095947 0.024414
vt 0.095581 0.020508
vt 0.130615 0.006348
vt 0.106262 0.037109
vt 0.094116 0.027832
vt 0.095886 0.031738
vt 0.093262 0.038086
vt 0.096191 0.042480
vt 0.097656 0.049805
vt 0.093994 0.048340
vt 0.096985 0.054199
vt 0.100647 0.056641
vt 0.101746 0.059570
vt 0.104797 0.059570
vt 0.115662 0.064941
vt 0.108948 0.064453
vt 0.132690 0.067383
vt 0.138428 0.072266
vt 0.150513 0.068359
vt 0.139282 0.037109
vt 0.152588 0.062988
vt 0.154785 0.066406
vt 0.165894 0.066406
vt 0.185913 0.054199
vt 0.186890 0.065430
vt 0.166382 0.055664
vt 0.185547 0.036133
vt 0.151855 0.047852
vt 0.166748 0.036133
vt 0.146484 0.040039
vt 0.149780 0.036133
vt 0.146240 0.032227
vt 0.149780 0.022949
vt 0.164551 0.018066
vt 0.185791 0.019043
vt 0.150269 0.007324
vt 0.139404 0.003906
vt 0.140259 0.001465
vt 0.165039 0.006836
vt 0.185791 0.006836
vt 0.789551 0.022949
vt 0.780273 0.015625
vt 0.775879 0.011719
vt 0.782227 0.002930
vt 0.796875 0.018555
vt 0.807617 0.001465
vt 0.792969 0.023438
vt 0.797363 0.022461
vt 0.805176 0.022949
vt 0.794922 0.033691
vt 0.800781 0.035156
vt 0.800293 0.039062
vt 0.805176 0.036621
vt 0.802246 0.028320
vt 0.806152 0.027344
vt 0.812988 0.017578
vt 0.832520 0.003906
vt 0.812988 0.025879
vt 0.819824 0.020508
vt 0.809082 0.029785
vt 0.817871 0.025879
vt 0.810059 0.036133
vt 0.807129 0.037109
vt 0.817383 0.037598
vt 0.815918 0.036621
vt 0.821289 0.026367
vt 0.819336 0.028809
vt 0.826660 0.018555
vt 0.826660 0.022461
vt 0.832520 0.020508
vt 0.823730 0.028809
vt 0.827148 0.033691
vt 0.828125 0.035156
vt 0.826172 0.026855
vt 0.829590 0.031250
vt 0.833984 0.032715
vt 0.828613 0.026855
vt 0.830078 0.023926
vt 0.830566 0.027344
vt 0.834473 0.026367
vt 0.838379 0.029785
vt 0.846680 0.031738
vt 0.835938 0.025879
vt 0.838379 0.026855
vt 0.838379 0.025879
vt 0.841797 0.018555
vt 0.848633 0.005371
vt 0.840820 0.026855
vt 0.852539 0.016602
vt 0.840820 0.027832
vt 0.862793 0.006836
vt 0.842773 0.027832
vt 0.842773 0.025391
vt 0.845215 0.022461
vt 0.848145 0.029297
vt 0.853027 0.030273
vt 0.859375 0.036133
vt 0.847168 0.025391
vt 0.849609 0.028320
vt 0.848145 0.023438
vt 0.849609 0.027344
vt 0.851074 0.022949
vt 0.851074 0.027344
vt 0.851074 0.028809
vt 0.853027 0.027832
vt 0.852539 0.026855
vt 0.854492 0.025879
vt 0.854004 0.024414
vt 0.856445 0.020508
vt 0.856445 0.023438
vt 0.861816 0.018555
vt 0.857910 0.020508
vt 0.857910 0.026367
vt 0.859863 0.032227
vt 0.867188 0.032715
vt 0.859375 0.023438
vt 0.861328 0.022461
vt 0.860352 0.026367
vt 0.861816 0.025879
vt 0.865234 0.020020
vt 0.859375 0.027832
vt 0.864258 0.023926
vt 0.867676 0.020020
vt 0.863770 0.026855
vt 0.873047 0.018555
vt 0.877441 0.007812
vt 0.866699 0.022461
vt 0.865234 0.027344
vt 0.861816 0.027344
vt 0.863770 0.027832
vt 0.860352 0.027344
vt 0.863281 0.027832
vt 0.860352 0.028320
vt 0.861816 0.028320
vt 0.863281 0.028320
vt 0.863281 0.029785
vt 0.861816 0.029785
vt 0.860352 0.029297
vt 0.860352 0.030273
vt 0.863281 0.030273
vt 0.864746 0.030273
vt 0.868164 0.026855
vt 0.868652 0.024414
vt 0.869141 0.032227
vt 0.871094 0.022949
vt 0.869141 0.028809
vt 0.873047 0.032715
vt 0.873535 0.036133
vt 0.870117 0.031250
vt 0.872559 0.030762
vt 0.875000 0.027832
vt 0.873535 0.029297
vt 0.871094 0.030273
vt 0.875977 0.021484
vt 0.873047 0.028809
vt 0.877441 0.026855
vt 0.875000 0.024414
vt 0.873535 0.027832
vt 0.873535 0.028320
vt 0.869629 0.028809
vt 0.869629 0.029785
vt 0.869629 0.027832
vt 0.881348 0.018555
vt 0.889160 0.007812
vt 0.880859 0.021484
vt 0.892578 0.018555
vt 0.877441 0.023438
vt 0.885254 0.019531
vt 0.880371 0.025879
vt 0.884277 0.022461
vt 0.887695 0.019531
vt 0.886230 0.022461
vt 0.882812 0.026367
vt 0.884766 0.025391
vt 0.888184 0.021973
vt 0.883301 0.027344
vt 0.892090 0.020996
vt 0.882324 0.026855
vt 0.882812 0.027832
vt 0.880371 0.027344
vt 0.882812 0.029297
vt 0.880859 0.028809
vt 0.884277 0.030273
vt 0.879395 0.029297
vt 0.879395 0.026855
vt 0.879395 0.025879
vt 0.878906 0.026855
vt 0.879395 0.032227
vt 0.879883 0.036133
vt 0.883789 0.036621
vt 0.886230 0.025879
vt 0.887695 0.024414
vt 0.887695 0.027344
vt 0.889160 0.023926
vt 0.889160 0.031738
vt 0.891602 0.037598
vt 0.888672 0.026367
vt 0.893555 0.033203
vt 0.894043 0.036621
vt 0.897949 0.031250
vt 0.890137 0.029785
vt 0.889160 0.028320
vt 0.890137 0.028320
vt 0.890137 0.027344
vt 0.889648 0.025879
vt 0.892090 0.025879
vt 0.892090 0.026855
vt 0.893066 0.029297
vt 0.894043 0.026367
vt 0.895508 0.026855
vt 0.892090 0.024414
vt 0.894043 0.025391
vt 0.895020 0.026367
vt 0.894531 0.024902
vt 0.892090 0.022949
vt 0.895020 0.024902
vt 0.895996 0.023926
vt 0.896484 0.028809
vt 0.897949 0.022949
vt 0.901855 0.018555
vt 0.904785 0.007812
vt 0.899414 0.030762
vt 0.915527 0.018066
vt 0.929688 0.006836
vt 0.901367 0.033691
vt 0.901367 0.036621
vt 0.905273 0.034668
vt 0.903809 0.038086
vt 0.907227 0.036621
vt 0.911133 0.030273
vt 0.903320 0.031738
vt 0.907715 0.030273
vt 0.908203 0.028809
vt 0.905762 0.029297
vt 0.900879 0.029785
vt 0.903809 0.028809
vt 0.901855 0.029297
vt 0.900391 0.027832
vt 0.898926 0.026855
vt 0.901855 0.027832
vt 0.900391 0.024902
vt 0.903809 0.027344
vt 0.906250 0.027832
vt 0.905273 0.023438
vt 0.909180 0.021973
vt 0.911133 0.024902
vt 0.912109 0.020996
vt 0.912598 0.026367
vt 0.912598 0.029297
vt 0.912598 0.035156
vt 0.915527 0.023438
vt 0.913574 0.028320
vt 0.914551 0.027832
vt 0.913574 0.029297
vt 0.915039 0.028809
vt 0.917480 0.033203
vt 0.918457 0.036621
vt 0.921387 0.030762
vt 0.916504 0.028320
vt 0.916504 0.027344
vt 0.919434 0.027832
vt 0.919434 0.026855
vt 0.921387 0.021484
vt 0.926758 0.018555
vt 0.942871 0.018555
vt 0.961426 0.003906
vt 0.926758 0.021484
vt 0.959961 0.018066
vt 0.989746 0.004395
vt 0.994141 0.013672
vt 0.986816 0.017578
vt 0.968262 0.021484
vt 0.989746 0.021973
vt 0.971191 0.025879
vt 0.964844 0.022949
vt 0.966797 0.032227
vt 0.960449 0.022461
vt 0.960938 0.032227
vt 0.960449 0.036621
vt 0.955566 0.024414
vt 0.956543 0.030762
vt 0.954590 0.032227
vt 0.953125 0.027344
vt 0.951172 0.022949
vt 0.947266 0.024902
vt 0.947754 0.030762
vt 0.950195 0.030273
vt 0.949219 0.035645
vt 0.940918 0.022949
vt 0.941406 0.033691
vt 0.941895 0.039551
vt 0.933105 0.034180
vt 0.937988 0.028809
vt 0.937500 0.024902
vt 0.933105 0.021484
vt 0.930664 0.022461
vt 0.930664 0.030273
vt 0.926758 0.024414
vt 0.926270 0.032227
vt 0.929688 0.025391
vt 0.925293 0.034668
vt 0.926270 0.026855
vt 0.924316 0.025391
vt 0.924805 0.027344
vt 0.923828 0.026855
vt 0.922363 0.027344
vt 0.924316 0.029297
vt 0.923340 0.029297
vt 0.821289 0.057617
vt 0.815918 0.067871
vt 0.814941 0.057617
vt 0.834961 0.072266
vt 0.822266 0.042969
vt 0.830078 0.049805
vt 0.831543 0.056152
vt 0.836914 0.061523
vt 0.849121 0.073242
vt 0.832520 0.050781
vt 0.836914 0.054199
vt 0.833984 0.046875
vt 0.832031 0.043457
vt 0.837891 0.043945
vt 0.836426 0.046875
vt 0.838379 0.049805
vt 0.840332 0.049316
vt 0.838867 0.053711
vt 0.841797 0.055176
vt 0.842285 0.060059
vt 0.843262 0.051758
vt 0.843750 0.045898
vt 0.841797 0.047363
vt 0.846191 0.054688
vt 0.846191 0.041504
vt 0.844727 0.036133
vt 0.850098 0.046875
vt 0.850098 0.062500
vt 0.851074 0.055664
vt 0.851562 0.051758
vt 0.853516 0.052734
vt 0.853027 0.058594
vt 0.857422 0.062012
vt 0.858887 0.073730
vt 0.854980 0.054199
vt 0.865234 0.062500
vt 0.870605 0.072754
vt 0.854980 0.050781
vt 0.856934 0.055176
vt 0.855957 0.046875
vt 0.858887 0.050781
vt 0.859375 0.054199
vt 0.861816 0.058105
vt 0.863281 0.055664
vt 0.865723 0.056641
vt 0.863770 0.053711
vt 0.865723 0.053711
vt 0.863281 0.051270
vt 0.865723 0.052246
vt 0.864746 0.047363
vt 0.862305 0.046387
vt 0.866699 0.045410
vt 0.866211 0.041992
vt 0.868652 0.052734
vt 0.869629 0.052734
vt 0.870605 0.052734
vt 0.869141 0.057129
vt 0.870117 0.060059
vt 0.873047 0.056641
vt 0.875000 0.063965
vt 0.886719 0.072266
vt 0.874512 0.053711
vt 0.876465 0.047852
vt 0.875977 0.059570
vt 0.875000 0.054199
vt 0.875000 0.055664
vt 0.877441 0.056152
vt 0.877441 0.054688
vt 0.879395 0.057617
vt 0.879395 0.055176
vt 0.880859 0.054688
vt 0.881348 0.060059
vt 0.886719 0.062988
vt 0.883301 0.057617
vt 0.897461 0.062988
vt 0.903809 0.071777
vt 0.886230 0.058105
vt 0.890625 0.060547
vt 0.882324 0.055664
vt 0.883301 0.047852
vt 0.883789 0.054199
vt 0.884766 0.051270
vt 0.883789 0.055664
vt 0.885254 0.053223
vt 0.885254 0.054688
vt 0.888672 0.056641
vt 0.887695 0.055176
vt 0.887695 0.053711
vt 0.887695 0.052246
vt 0.887207 0.048340
vt 0.888672 0.054688
vt 0.889648 0.053223
vt 0.897461 0.058594
vt 0.893555 0.057617
vt 0.893066 0.054688
vt 0.891602 0.056641
vt 0.894043 0.055176
vt 0.893555 0.052246
vt 0.894043 0.048340
vt 0.896973 0.047852
vt 0.894043 0.053711
vt 0.897461 0.055176
vt 0.896484 0.053223
vt 0.897949 0.054199
vt 0.902344 0.052246
vt 0.902344 0.050293
vt 0.901367 0.053711
vt 0.902832 0.055176
vt 0.904785 0.053711
vt 0.900879 0.054199
vt 0.901855 0.054688
vt 0.901367 0.055664
vt 0.900391 0.055664
vt 0.902344 0.057129
vt 0.904297 0.059082
vt 0.905762 0.053711
vt 0.906738 0.048828
vt 0.911133 0.063477
vt 0.919922 0.071777
vt 0.906250 0.056641
vt 0.906738 0.052246
vt 0.911133 0.059082
vt 0.906738 0.053711
vt 0.907227 0.054688
vt 0.907715 0.053223
vt 0.911133 0.052246
vt 0.911133 0.044922
vt 0.910645 0.054688
vt 0.911133 0.053711
vt 0.915039 0.054199
vt 0.916504 0.054688
vt 0.918457 0.052734
vt 0.915039 0.055176
vt 0.915039 0.058105
vt 0.916016 0.056641
vt 0.917480 0.061035
vt 0.920410 0.054199
vt 0.921875 0.063477
vt 0.920410 0.052734
vt 0.923340 0.044434
vt 0.923340 0.053223
vt 0.923340 0.051758
vt 0.925781 0.053223
vt 0.927246 0.051758
vt 0.925293 0.054688
vt 0.927246 0.058594
vt 0.931641 0.064453
vt 0.935059 0.072754
vt 0.929199 0.055664
vt 0.943359 0.061523
vt 0.929199 0.052246
vt 0.932617 0.045898
vt 0.944336 0.072266
vt 0.932129 0.052734
vt 0.936523 0.047852
vt 0.929688 0.054199
vt 0.931152 0.058105
vt 0.931152 0.053711
vt 0.933594 0.053711
vt 0.934570 0.057617
vt 0.935059 0.053711
vt 0.937988 0.056641
vt 0.935547 0.062988
vt 0.939941 0.052246
vt 0.938965 0.048340
vt 0.940918 0.046875
vt 0.942871 0.043945
vt 0.942383 0.053223
vt 0.943359 0.045898
vt 0.949219 0.048828
vt 0.947266 0.050293
vt 0.949219 0.051758
vt 0.946289 0.053711
vt 0.947266 0.059082
vt 0.949219 0.059082
vt 0.952148 0.053223
vt 0.954590 0.060547
vt 0.961914 0.071777
vt 0.951172 0.051270
vt 0.950195 0.045410
vt 0.952148 0.047363
vt 0.954102 0.053711
vt 0.954102 0.045898
vt 0.953613 0.041016
vt 0.956543 0.050293
vt 0.958984 0.051270
vt 0.956055 0.053223
vt 0.958496 0.058594
vt 0.964355 0.060547
vt 0.961426 0.054199
vt 0.961426 0.048340
vt 0.962891 0.036621
vt 0.965332 0.042480
vt 0.967773 0.053223
vt 0.968750 0.043945
vt 0.976074 0.040527
vt 0.971680 0.058105
vt 0.975098 0.045410
vt 0.977051 0.059082
vt 0.978516 0.045898
vt 0.986816 0.069824
vt 0.980957 0.048340
vt 0.975586 0.053711
vt 0.978516 0.054688
vt 0.980469 0.056641
vt 0.990234 0.053711
vt 0.990234 0.041016
vt 0.998535 0.066895
vt 0.997559 0.054688
vt 0.991699 0.985695
vt 0.995605 0.982452
vt 0.994629 0.986351
vt 0.991211 0.981567
vt 0.988770 0.984932
vt 0.991699 0.978928
vt 0.996094 0.979507
vt 0.993164 0.962372
vt 0.986328 0.980057
vt 0.984863 0.983643
vt 0.986816 0.977478
vt 0.981445 0.982330
vt 0.986328 0.964142
vt 0.980957 0.937500
vt 0.982910 0.978653
vt 0.983398 0.975861
vt 0.982422 0.969116
vt 0.978516 0.976364
vt 0.978027 0.980896
vt 0.976074 0.980225
vt 0.973633 0.979675
vt 0.979492 0.972794
vt 0.976562 0.958740
vt 0.974609 0.974152
vt 0.975098 0.969925
vt 0.968750 0.977539
vt 0.969238 0.982224
vt 0.967773 0.970413
vt 0.966309 0.980667
vt 0.966797 0.985367
vt 0.973145 0.945099
vt 0.963867 0.926941
vt 0.965820 0.957855
vt 0.962891 0.939178
vt 0.963867 0.947632
vt 0.940918 0.940369
vt 0.958008 0.948853
vt 0.961914 0.959229
vt 0.962891 0.970474
vt 0.954590 0.952576
vt 0.958008 0.962952
vt 0.948730 0.953247
vt 0.958496 0.969940
vt 0.949707 0.968536
vt 0.959961 0.975525
vt 0.956543 0.979034
vt 0.962891 0.983276
vt 0.963379 0.986763
vt 0.963379 0.988602
vt 0.958008 0.985405
vt 0.959473 0.990631
vt 0.958984 0.992470
vt 0.956543 0.992928
vt 0.956055 0.994450
vt 0.954590 0.995285
vt 0.952637 0.996315
vt 0.955566 0.986778
vt 0.952148 0.994514
vt 0.948242 0.997650
vt 0.955566 0.983810
vt 0.952637 0.988052
vt 0.952148 0.983078
vt 0.948242 0.995876
vt 0.943848 0.998439
vt 0.947754 0.989990
vt 0.943848 0.996651
vt 0.943848 0.990730
vt 0.945801 0.986557
vt 0.939941 0.996901
vt 0.939941 0.998700
vt 0.948730 0.977554
vt 0.935547 0.996500
vt 0.935547 0.998301
vt 0.939941 0.989754
vt 0.931641 0.995525
vt 0.931152 0.997389
vt 0.936523 0.990578
vt 0.926758 0.996098
vt 0.939941 0.986404
vt 0.940430 0.978210
vt 0.934570 0.986351
vt 0.940430 0.968079
vt 0.932129 0.977264
vt 0.932129 0.989639
vt 0.928711 0.982635
vt 0.927246 0.994106
vt 0.927734 0.987556
vt 0.923340 0.992401
vt 0.923828 0.994289
vt 0.921387 0.992588
vt 0.924805 0.986176
vt 0.920898 0.990631
vt 0.919434 0.990906
vt 0.924805 0.983307
vt 0.921875 0.984146
vt 0.925293 0.978058
vt 0.918945 0.988907
vt 0.916992 0.988251
vt 0.919434 0.983032
vt 0.916992 0.986526
vt 0.914551 0.985252
vt 0.922363 0.977753
vt 0.915527 0.981735
vt 0.919922 0.976395
vt 0.922852 0.968903
vt 0.913574 0.980728
vt 0.913086 0.983521
vt 0.910645 0.979874
vt 0.916016 0.975937
vt 0.912109 0.975250
vt 0.907715 0.979279
vt 0.917969 0.969498
vt 0.913574 0.969711
vt 0.905762 0.973465
vt 0.904297 0.979370
vt 0.909668 0.969650
vt 0.915039 0.960571
vt 0.902344 0.975494
vt 0.902344 0.979980
vt 0.898926 0.981308
vt 0.905273 0.969116
vt 0.897949 0.977661
vt 0.895020 0.982864
vt 0.902344 0.971771
vt 0.893066 0.979553
vt 0.893066 0.983505
vt 0.897461 0.974854
vt 0.899902 0.968170
vt 0.904785 0.958252
vt 0.894531 0.962982
vt 0.892090 0.976990
vt 0.888184 0.980621
vt 0.888672 0.984436
vt 0.885742 0.985054
vt 0.885254 0.981110
vt 0.887695 0.977936
vt 0.884766 0.978210
vt 0.888184 0.961121
vt 0.900391 0.936523
vt 0.908203 0.944275
vt 0.917969 0.926331
vt 0.918457 0.938568
vt 0.917969 0.947052
vt 0.919434 0.961243
vt 0.923340 0.948425
vt 0.926758 0.952118
vt 0.923340 0.962463
vt 0.932617 0.953003
vt 0.931641 0.968292
vt 0.940918 0.951752
vt 0.064880 0.015625
vt 0.084656 0.018066
vt 0.087585 0.026855
vt 0.068542 0.025879
vt 0.089844 0.037598
vt 0.054688 0.024902
vt 0.054474 0.014160
vt 0.070679 0.038086
vt 0.069946 0.049805
vt 0.087646 0.049316
vt 0.084900 0.059082
vt 0.066040 0.059570
vt 0.056396 0.049316
vt 0.055481 0.059082
vt 0.057281 0.038086
vt 0.050385 0.058105
vt 0.045380 0.065918
vt 0.046478 0.038574
vt 0.045593 0.048828
vt 0.040771 0.056152
vt 0.031189 0.047852
vt 0.028641 0.062988
vt 0.037689 0.072266
vt 0.029388 0.054688
vt 0.021286 0.068359
vt 0.015991 0.070801
vt 0.004200 0.063965
vt 0.006199 0.058105
vt 0.015396 0.055664
vt 0.003099 0.046875
vt 0.018692 0.052246
vt 0.008499 0.045410
vt 0.004597 0.039551
vt 0.019287 0.046387
vt 0.010895 0.045410
vt 0.009094 0.039551
vt 0.018585 0.039062
vt 0.032288 0.038574
vt 0.009598 0.033203
vt 0.018387 0.031250
vt 0.044678 0.027344
vt 0.030685 0.029297
vt 0.017593 0.023926
vt 0.027786 0.020508
vt 0.038788 0.017578
vt 0.044647 0.013184
vt 0.052673 0.013672
vt 0.047394 0.010254
vt 0.032288 0.001953
vt 0.021500 0.017578
vt 0.007397 0.032715
vt 0.002298 0.031250
vt 0.006699 0.019531
vt 0.020599 0.008301
vt 0.002998 0.014648
vt 0.013397 0.006836
vt 0.002998 0.075195
vt 0.037476 0.075684
vt 0.002998 0.108887
vt 0.041443 0.110352
vt 0.045654 0.160645
vt 0.002998 0.160645
vt 0.081055 0.110352
vt 0.072144 0.075684
vt 0.088318 0.160645
vt 0.042511 0.196289
vt 0.002998 0.196777
vt 0.084412 0.197266
vt 0.038757 0.228027
vt 0.002998 0.227539
vt 0.077026 0.229004
vt 0.033386 0.276855
vt 0.002945 0.277344
vt 0.061829 0.275391
vt 0.027054 0.341797
vt 0.002949 0.339355
vt 0.003061 0.426270
vt 0.052032 0.341797
vt 0.024323 0.424805
vt 0.003006 0.504639
vt 0.080322 0.334961
vt 0.020401 0.493652
vt 0.002934 0.584229
vt 0.047638 0.417969
vt 0.018555 0.570068
vt 0.001984 0.652344
vt 0.041321 0.479980
vt 0.017914 0.639648
vt 0.001282 0.744385
vt 0.036316 0.552246
vt 0.071716 0.407227
vt 0.063354 0.466309
vt 0.021469 0.724609
vt 0.015007 0.814941
vt 0.034363 0.619629
vt 0.033356 0.781494
vt 0.037201 0.857788
vt 0.039612 0.698730
vt 0.054504 0.538330
vt 0.051788 0.601074
vt 0.052765 0.749512
vt 0.055969 0.675049
vt 0.054108 0.828735
vt 0.080750 0.863403
vt 0.069336 0.892090
vt 0.071899 0.797729
vt 0.115662 0.898315
vt 0.112793 0.929443
vt 0.141968 0.950073
vt 0.095459 0.833618
vt 0.127686 0.870117
vt 0.152100 0.925415
vt 0.175537 0.970596
vt 0.189575 0.947235
vt 0.208130 0.982132
vt 0.163574 0.896790
vt 0.142090 0.842407
vt 0.218506 0.956818
vt 0.200439 0.917908
vt 0.173828 0.868164
vt 0.272461 0.965576
vt 0.259033 0.991226
vt 0.229004 0.927917
vt 0.344482 0.967072
vt 0.356201 0.991570
vt 0.276123 0.934570
vt 0.338135 0.937134
vt 0.413574 0.958984
vt 0.511230 0.989006
vt 0.389893 0.928345
vt 0.327148 0.904663
vt 0.365234 0.899109
vt 0.431641 0.911194
vt 0.275391 0.903015
vt 0.467041 0.937714
vt 0.402588 0.886597
vt 0.476807 0.894714
vt 0.501465 0.952118
vt 0.538086 0.937317
vt 0.446045 0.881104
vt 0.501953 0.898865
vt 0.454834 0.846680
vt 0.600586 0.961731
vt 0.675293 0.991165
vt 0.481201 0.853394
vt 0.680664 0.968170
vt 0.773438 0.988525
vt 0.572754 0.914917
vt 0.754883 0.964600
vt 0.818359 0.976746
vt 0.620605 0.933777
vt 0.678711 0.941162
vt 0.803223 0.952850
vt 0.846680 0.964447
vt 0.743652 0.938141
vt 0.644043 0.906616
vt 0.831543 0.941559
vt 0.684082 0.912720
vt 0.604492 0.893250
vt 0.665039 0.878662
vt 0.554688 0.880371
vt 0.638184 0.867798
vt 0.526855 0.892395
vt 0.585449 0.865112
vt 0.546387 0.845581
vt 0.522461 0.851562
vt 0.609863 0.851807
vt 0.575195 0.836304
vt 0.567871 0.808716
vt 0.598145 0.826050
vt 0.631348 0.837891
vt 0.618652 0.816528
vt 0.589355 0.801270
vt 0.541504 0.812988
vt 0.582031 0.778687
vt 0.561523 0.783325
vt 0.520020 0.817017
vt 0.537598 0.786133
vt 0.502441 0.854370
vt 0.502441 0.818359
vt 0.484375 0.817139
vt 0.461182 0.813232
vt 0.484619 0.788330
vt 0.463379 0.785767
vt 0.501953 0.789551
vt 0.518555 0.788452
vt 0.485840 0.763062
vt 0.535645 0.762329
vt 0.517090 0.763184
vt 0.501465 0.763550
vt 0.557617 0.760986
vt 0.534668 0.747314
vt 0.577148 0.759277
vt 0.556641 0.748779
vt 0.575684 0.748291
vt 0.596680 0.756592
vt 0.595215 0.746826
vt 0.602051 0.774902
vt 0.608887 0.794800
vt 0.626953 0.786987
vt 0.619141 0.768799
vt 0.612793 0.751953
vt 0.636230 0.806030
vt 0.639648 0.769409
vt 0.650879 0.822998
vt 0.654785 0.791870
vt 0.667969 0.841675
vt 0.667969 0.808228
vt 0.689941 0.848511
vt 0.687988 0.822998
vt 0.698730 0.883301
vt 0.708984 0.826050
vt 0.740723 0.912903
vt 0.714844 0.854492
vt 0.743164 0.888611
vt 0.783203 0.905762
vt 0.790527 0.928284
vt 0.755371 0.862549
vt 0.817383 0.917542
vt 0.732422 0.831177
vt 0.779297 0.883301
vt 0.770020 0.842896
vt 0.793945 0.868042
vt 0.806641 0.894958
vt 0.790039 0.821289
vt 0.816895 0.846191
vt 0.837402 0.871948
vt 0.755371 0.803467
vt 0.810547 0.796265
vt 0.732422 0.794189
vt 0.778320 0.777100
vt 0.756348 0.761963
vt 0.704590 0.803223
vt 0.721680 0.780396
vt 0.683105 0.793335
vt 0.697266 0.777344
vt 0.668945 0.780029
vt 0.682617 0.766235
vt 0.655273 0.759033
vt 0.668457 0.748535
vt 0.697754 0.750244
vt 0.682129 0.735840
vt 0.711914 0.760010
vt 0.712891 0.734131
vt 0.734863 0.746338
vt 0.695801 0.721436
vt 0.778320 0.738770
vt 0.729492 0.712402
vt 0.802246 0.752930
vt 0.751953 0.725586
vt 0.834473 0.767944
vt 0.711914 0.701904
vt 0.740723 0.693604
vt 0.722656 0.685547
vt 0.695801 0.691650
vt 0.763672 0.708496
vt 0.681641 0.708008
vt 0.706055 0.678711
vt 0.668945 0.718994
vt 0.683105 0.691162
vt 0.655762 0.730713
vt 0.675293 0.699951
vt 0.663086 0.712646
vt 0.643066 0.739746
vt 0.651367 0.724365
vt 0.628906 0.746826
vt 0.638672 0.732910
vt 0.624023 0.739502
vt 0.646973 0.719727
vt 0.634766 0.727539
vt 0.609863 0.743652
vt 0.609375 0.736328
vt 0.595215 0.738281
vt 0.622559 0.733154
vt 0.609375 0.728271
vt 0.622559 0.726318
vt 0.576660 0.738281
vt 0.594727 0.729736
vt 0.560059 0.737549
vt 0.578125 0.727539
vt 0.545898 0.733643
vt 0.563965 0.724609
vt 0.590820 0.719727
vt 0.578613 0.717285
vt 0.602051 0.720703
vt 0.592773 0.711426
vt 0.566895 0.714111
vt 0.582031 0.708496
vt 0.603027 0.711426
vt 0.549805 0.719482
vt 0.612305 0.720703
vt 0.612793 0.709717
vt 0.622070 0.718262
vt 0.603027 0.702148
vt 0.632812 0.721924
vt 0.621582 0.707275
vt 0.644043 0.714355
vt 0.631348 0.713135
vt 0.656250 0.701904
vt 0.642578 0.707520
vt 0.659180 0.707275
vt 0.670410 0.693848
vt 0.652832 0.693848
vt 0.677734 0.686035
vt 0.664551 0.687988
vt 0.673828 0.682129
vt 0.640137 0.699219
vt 0.649414 0.687500
vt 0.630371 0.703369
vt 0.637207 0.691650
vt 0.628418 0.695068
vt 0.659668 0.681885
vt 0.645508 0.682373
vt 0.667480 0.677002
vt 0.656738 0.676270
vt 0.679688 0.675781
vt 0.664062 0.672119
vt 0.675293 0.670898
vt 0.685547 0.678223
vt 0.686523 0.669189
vt 0.692383 0.681152
vt 0.692383 0.670898
vt 0.698242 0.673584
vt 0.703613 0.664795
vt 0.696777 0.664307
vt 0.691406 0.664551
vt 0.683105 0.665039
vt 0.690430 0.659424
vt 0.672363 0.666260
vt 0.680176 0.659912
vt 0.671875 0.664551
vt 0.698730 0.656250
vt 0.688965 0.653809
vt 0.677734 0.652344
vt 0.663086 0.669922
vt 0.669434 0.658691
vt 0.686523 0.646240
vt 0.661133 0.665283
vt 0.698242 0.648438
vt 0.706543 0.655029
vt 0.695801 0.638184
vt 0.713379 0.666260
vt 0.708496 0.644043
vt 0.717773 0.654297
vt 0.730957 0.669678
vt 0.720215 0.641602
vt 0.749023 0.675049
vt 0.735352 0.656250
vt 0.708008 0.628906
vt 0.738281 0.642334
vt 0.720703 0.623291
vt 0.692871 0.625244
vt 0.705566 0.608643
vt 0.682617 0.637695
vt 0.687500 0.613037
vt 0.673340 0.646484
vt 0.677246 0.628662
vt 0.668457 0.640869
vt 0.665039 0.654053
vt 0.661133 0.649902
vt 0.658203 0.662598
vt 0.654785 0.660156
vt 0.655762 0.645020
vt 0.649902 0.656738
vt 0.649414 0.667725
vt 0.645020 0.666016
vt 0.652344 0.669922
vt 0.642578 0.671875
vt 0.654297 0.672363
vt 0.645508 0.672852
vt 0.655762 0.674561
vt 0.645020 0.676270
vt 0.645508 0.678467
vt 0.645508 0.680176
vt 0.635254 0.683105
vt 0.635254 0.684570
vt 0.635254 0.686523
vt 0.634766 0.680908
vt 0.627441 0.689453
vt 0.627441 0.686768
vt 0.627441 0.685303
vt 0.627441 0.683838
vt 0.619629 0.687012
vt 0.619629 0.685547
vt 0.626465 0.681885
vt 0.619141 0.688965
vt 0.620117 0.691406
vt 0.611816 0.690186
vt 0.620117 0.698486
vt 0.611816 0.692871
vt 0.611816 0.700439
vt 0.603516 0.694092
vt 0.604004 0.691162
vt 0.595703 0.702637
vt 0.597168 0.693848
vt 0.585938 0.700928
vt 0.571777 0.706055
vt 0.588867 0.692139
vt 0.556152 0.709229
vt 0.577148 0.699707
vt 0.562500 0.702637
vt 0.598145 0.691162
vt 0.581055 0.692383
vt 0.604492 0.689453
vt 0.589844 0.690186
vt 0.598633 0.689453
vt 0.612305 0.688477
vt 0.604980 0.687012
vt 0.612305 0.686279
vt 0.619629 0.682861
vt 0.612793 0.683838
vt 0.599609 0.687012
vt 0.604980 0.685059
vt 0.590820 0.688232
vt 0.600098 0.684814
vt 0.592773 0.686035
vt 0.583984 0.688477
vt 0.585938 0.686279
vt 0.594238 0.683838
vt 0.587891 0.684326
vt 0.600586 0.683350
vt 0.594727 0.682861
vt 0.605469 0.683594
vt 0.601562 0.680908
vt 0.612793 0.682861
vt 0.605957 0.680908
vt 0.595215 0.681396
vt 0.619141 0.681885
vt 0.588379 0.683350
vt 0.612305 0.679932
vt 0.625488 0.680664
vt 0.619141 0.679199
vt 0.606445 0.679932
vt 0.633789 0.679443
vt 0.613281 0.678955
vt 0.641113 0.676270
vt 0.639160 0.676025
vt 0.641602 0.674316
vt 0.632812 0.678711
vt 0.640137 0.673096
vt 0.624512 0.678467
vt 0.630859 0.677734
vt 0.636719 0.676270
vt 0.620117 0.677979
vt 0.624023 0.677246
vt 0.638672 0.674805
vt 0.635254 0.676025
vt 0.637207 0.674316
vt 0.636719 0.675293
vt 0.630859 0.670654
vt 0.629395 0.677002
vt 0.625000 0.676758
vt 0.627441 0.676025
vt 0.621582 0.677002
vt 0.613770 0.677490
vt 0.607422 0.676270
vt 0.610840 0.677734
vt 0.604980 0.677979
vt 0.601562 0.679932
vt 0.596680 0.678711
vt 0.595703 0.680420
vt 0.589844 0.681641
vt 0.590332 0.680664
vt 0.591309 0.679199
vt 0.582031 0.683350
vt 0.583008 0.681641
vt 0.583008 0.680908
vt 0.581055 0.684082
vt 0.584961 0.679932
vt 0.577637 0.682861
vt 0.579590 0.681152
vt 0.580566 0.680176
vt 0.574707 0.681396
vt 0.576660 0.679932
vt 0.577148 0.683350
vt 0.573730 0.682129
vt 0.579102 0.685547
vt 0.574707 0.684570
vt 0.576660 0.687256
vt 0.571289 0.683350
vt 0.571777 0.686035
vt 0.575195 0.688477
vt 0.570312 0.680420
vt 0.583008 0.689941
vt 0.569824 0.687256
vt 0.573730 0.690430
vt 0.568848 0.697021
vt 0.568359 0.688721
vt 0.562500 0.694336
vt 0.556152 0.698975
vt 0.548828 0.703857
vt 0.550781 0.693848
vt 0.537598 0.712891
vt 0.542480 0.697754
vt 0.535156 0.700684
vt 0.536133 0.727051
vt 0.526367 0.705322
vt 0.530762 0.735596
vt 0.527832 0.714355
vt 0.527832 0.726074
vt 0.516602 0.716064
vt 0.517578 0.725830
vt 0.515137 0.747314
vt 0.512695 0.737061
vt 0.501465 0.747314
vt 0.488525 0.747314
vt 0.501465 0.737305
vt 0.507324 0.726318
vt 0.506836 0.717529
vt 0.500977 0.726318
vt 0.500977 0.717529
vt 0.506348 0.708984
vt 0.516113 0.707520
vt 0.500488 0.709229
vt 0.523926 0.698975
vt 0.514648 0.700684
vt 0.505371 0.702148
vt 0.531250 0.695801
vt 0.512695 0.693115
vt 0.539062 0.692871
vt 0.521484 0.690430
vt 0.529297 0.687744
vt 0.547852 0.689697
vt 0.538086 0.684326
vt 0.521973 0.679932
vt 0.531250 0.677490
vt 0.512695 0.683594
vt 0.523926 0.664795
vt 0.513672 0.668457
vt 0.504883 0.685791
vt 0.504883 0.669922
vt 0.504883 0.694824
vt 0.499512 0.685547
vt 0.499756 0.694824
vt 0.500000 0.702637
vt 0.499512 0.670166
vt 0.494629 0.694580
vt 0.494385 0.685059
vt 0.494629 0.703125
vt 0.494385 0.709473
vt 0.495117 0.717285
vt 0.485840 0.709473
vt 0.495117 0.726318
vt 0.486328 0.716797
vt 0.485596 0.726318
vt 0.490723 0.737549
vt 0.475586 0.728027
vt 0.471680 0.737061
vt 0.476318 0.716309
vt 0.467285 0.729980
vt 0.467529 0.747803
vt 0.456543 0.735596
vt 0.465576 0.762085
vt 0.441895 0.749023
vt 0.441162 0.761597
vt 0.437988 0.782593
vt 0.420898 0.749756
vt 0.433838 0.806641
vt 0.419678 0.760498
vt 0.414795 0.779053
vt 0.427734 0.834961
vt 0.417480 0.862549
vt 0.405518 0.824951
vt 0.394531 0.847046
vt 0.410889 0.800293
vt 0.382812 0.813232
vt 0.379639 0.868896
vt 0.371094 0.830933
vt 0.388184 0.792847
vt 0.343018 0.874023
vt 0.393799 0.774414
vt 0.367188 0.782593
vt 0.400879 0.757080
vt 0.374512 0.767212
vt 0.360840 0.799561
vt 0.351318 0.771729
vt 0.384277 0.752075
vt 0.404541 0.747559
vt 0.358398 0.758545
vt 0.388672 0.743652
vt 0.367920 0.746094
vt 0.406738 0.740234
vt 0.390625 0.736816
vt 0.373047 0.738037
vt 0.422363 0.741699
vt 0.391846 0.728760
vt 0.439697 0.740234
vt 0.407471 0.733643
vt 0.423340 0.732666
vt 0.438965 0.729492
vt 0.452637 0.723877
vt 0.420898 0.721924
vt 0.467285 0.714355
vt 0.435059 0.717773
vt 0.476807 0.708252
vt 0.454102 0.707031
vt 0.486328 0.702393
vt 0.467041 0.703613
vt 0.477295 0.700195
vt 0.486572 0.693359
vt 0.468750 0.696777
vt 0.477783 0.690674
vt 0.486084 0.683838
vt 0.459229 0.699463
vt 0.469482 0.687744
vt 0.460449 0.693115
vt 0.476318 0.680420
vt 0.493652 0.669922
vt 0.484619 0.668701
vt 0.499268 0.656494
vt 0.492920 0.656250
vt 0.505371 0.656006
vt 0.499268 0.641846
vt 0.515137 0.653809
vt 0.505371 0.641357
vt 0.526367 0.649902
vt 0.515137 0.639648
vt 0.525879 0.636963
vt 0.535156 0.645752
vt 0.534180 0.633789
vt 0.525879 0.623535
vt 0.534180 0.661377
vt 0.515625 0.625977
vt 0.533203 0.621338
vt 0.526855 0.610107
vt 0.505859 0.627441
vt 0.517090 0.611572
vt 0.499268 0.627930
vt 0.492920 0.641602
vt 0.499512 0.613281
vt 0.482910 0.654297
vt 0.492676 0.627686
vt 0.483154 0.640381
vt 0.471436 0.650635
vt 0.471924 0.637207
vt 0.482910 0.626465
vt 0.473633 0.665527
vt 0.472656 0.623291
vt 0.466797 0.677490
vt 0.461914 0.646729
vt 0.460449 0.684326
vt 0.463135 0.662598
vt 0.457764 0.674072
vt 0.452393 0.688965
vt 0.451660 0.657959
vt 0.450439 0.693604
vt 0.451416 0.641602
vt 0.445557 0.699463
vt 0.453125 0.630371
vt 0.438965 0.703613
vt 0.463135 0.634521
vt 0.446045 0.712646
vt 0.428711 0.707031
vt 0.431152 0.697998
vt 0.417725 0.710938
vt 0.422852 0.699951
vt 0.412354 0.702393
vt 0.408203 0.713867
vt 0.404053 0.704590
vt 0.409424 0.694336
vt 0.410889 0.724121
vt 0.397949 0.714844
vt 0.400635 0.724854
vt 0.394775 0.704834
vt 0.386719 0.712646
vt 0.388916 0.722412
vt 0.376953 0.723877
vt 0.374756 0.708496
vt 0.375488 0.731689
vt 0.375977 0.717041
vt 0.364014 0.719727
vt 0.364502 0.712158
vt 0.362305 0.726562
vt 0.360107 0.731689
vt 0.352295 0.714600
vt 0.354248 0.738770
vt 0.350830 0.719971
vt 0.348877 0.724121
vt 0.340820 0.755737
vt 0.343018 0.731689
vt 0.339111 0.715820
vt 0.342285 0.709717
vt 0.331299 0.722656
vt 0.328857 0.746582
vt 0.328857 0.707520
vt 0.328125 0.773804
vt 0.316406 0.734863
vt 0.342773 0.786011
vt 0.314697 0.761963
vt 0.349854 0.815186
vt 0.330566 0.800781
vt 0.354248 0.848999
vt 0.333740 0.832520
vt 0.315186 0.786743
vt 0.313232 0.815308
vt 0.315674 0.845459
vt 0.309082 0.876160
vt 0.293701 0.822510
vt 0.290527 0.851562
vt 0.268311 0.875549
vt 0.298584 0.800537
vt 0.271484 0.829224
vt 0.301514 0.772461
vt 0.269775 0.794678
vt 0.284180 0.784790
vt 0.300293 0.747803
vt 0.287598 0.758789
vt 0.271240 0.769897
vt 0.305176 0.723389
vt 0.287354 0.733887
vt 0.266113 0.748535
vt 0.246338 0.767090
vt 0.247681 0.804810
vt 0.223877 0.740234
vt 0.241333 0.841797
vt 0.224731 0.780640
vt 0.256104 0.857544
vt 0.217163 0.819946
vt 0.236694 0.869263
vt 0.220459 0.859009
vt 0.234009 0.896729
vt 0.206055 0.888489
vt 0.192261 0.839600
vt 0.164673 0.815308
vt 0.193237 0.796631
vt 0.200806 0.750244
vt 0.165283 0.764038
vt 0.135742 0.781860
vt 0.111389 0.806763
vt 0.113342 0.748779
vt 0.089417 0.770996
vt 0.069336 0.724609
vt 0.145996 0.737549
vt 0.091919 0.700684
vt 0.184326 0.727539
vt 0.077820 0.654541
vt 0.126831 0.710449
vt 0.072021 0.584473
vt 0.096375 0.661621
vt 0.076843 0.522949
vt 0.090454 0.579834
vt 0.089355 0.451660
vt 0.100891 0.511230
vt 0.101196 0.622070
vt 0.111145 0.665771
vt 0.099548 0.567383
vt 0.103149 0.615967
vt 0.116882 0.669678
vt 0.106079 0.526611
vt 0.110474 0.530029
vt 0.122864 0.490234
vt 0.104065 0.563721
vt 0.126099 0.500000
vt 0.119385 0.532227
vt 0.111694 0.587891
vt 0.114014 0.561279
vt 0.129883 0.506348
vt 0.108948 0.618164
vt 0.140625 0.512939
vt 0.112549 0.643066
vt 0.116943 0.604004
vt 0.117981 0.624023
vt 0.125122 0.581787
vt 0.125610 0.601074
vt 0.130249 0.539551
vt 0.126709 0.562256
vt 0.130127 0.592773
vt 0.130127 0.578857
vt 0.133545 0.544434
vt 0.131592 0.562988
vt 0.139282 0.526855
vt 0.138428 0.546631
vt 0.142822 0.531250
vt 0.135986 0.563721
vt 0.134644 0.578613
vt 0.139771 0.564453
vt 0.138428 0.578613
vt 0.134399 0.591553
vt 0.142456 0.548340
vt 0.138184 0.590820
vt 0.136230 0.607910
vt 0.139282 0.605713
vt 0.142090 0.578613
vt 0.132568 0.610352
vt 0.143188 0.565186
vt 0.127563 0.618408
vt 0.120544 0.637207
vt 0.129150 0.630615
vt 0.120605 0.663330
vt 0.124084 0.649414
vt 0.132080 0.687256
vt 0.129517 0.661621
vt 0.133789 0.683594
vt 0.131348 0.640381
vt 0.134766 0.626709
vt 0.138306 0.621338
vt 0.136963 0.635498
vt 0.141113 0.618408
vt 0.140259 0.629883
vt 0.142944 0.627930
vt 0.142578 0.616211
vt 0.142090 0.604004
vt 0.145630 0.629395
vt 0.141479 0.590088
vt 0.146484 0.614746
vt 0.145142 0.603027
vt 0.145508 0.578613
vt 0.144897 0.589600
vt 0.149292 0.601807
vt 0.149292 0.589600
vt 0.149902 0.612305
vt 0.151001 0.623291
vt 0.154541 0.611328
vt 0.147339 0.626709
vt 0.155273 0.621094
vt 0.152466 0.635010
vt 0.156250 0.632568
vt 0.149414 0.639160
vt 0.148193 0.641846
vt 0.152222 0.645020
vt 0.153809 0.640625
vt 0.156494 0.642334
vt 0.144653 0.635986
vt 0.151001 0.647949
vt 0.142700 0.639160
vt 0.146606 0.643799
vt 0.139404 0.643311
vt 0.145386 0.647217
vt 0.135132 0.648926
vt 0.143799 0.652344
vt 0.150635 0.651367
vt 0.135986 0.672852
vt 0.140625 0.659912
vt 0.144409 0.681885
vt 0.146606 0.668213
vt 0.148804 0.659668
vt 0.149902 0.654541
vt 0.150635 0.670898
vt 0.149902 0.684570
vt 0.145874 0.692383
vt 0.146851 0.698730
vt 0.154907 0.694336
vt 0.150391 0.705078
vt 0.156372 0.700928
vt 0.171509 0.711914
vt 0.163818 0.703125
vt 0.208374 0.719971
vt 0.183838 0.697754
vt 0.248291 0.727051
vt 0.198486 0.704834
vt 0.236206 0.709473
vt 0.271484 0.715332
vt 0.227173 0.694336
vt 0.290527 0.708008
vt 0.260742 0.700684
vt 0.280029 0.694092
vt 0.307617 0.700928
vt 0.297119 0.687988
vt 0.271484 0.680664
vt 0.321289 0.713623
vt 0.319092 0.698975
vt 0.311035 0.691406
vt 0.324219 0.693359
vt 0.315918 0.686279
vt 0.303955 0.682861
vt 0.332764 0.701416
vt 0.309570 0.679688
vt 0.343262 0.704102
vt 0.334717 0.693359
vt 0.352783 0.708496
vt 0.352783 0.700439
vt 0.342773 0.697021
vt 0.327393 0.687012
vt 0.364014 0.704102
vt 0.336670 0.685791
vt 0.344727 0.690186
vt 0.354004 0.693604
vt 0.373047 0.699219
vt 0.363770 0.696533
vt 0.355225 0.688232
vt 0.384277 0.702148
vt 0.382812 0.695557
vt 0.393066 0.696777
vt 0.372314 0.694336
vt 0.382568 0.692139
vt 0.400879 0.696289
vt 0.392090 0.693604
vt 0.399170 0.693359
vt 0.363770 0.691162
vt 0.372070 0.690430
vt 0.363037 0.687988
vt 0.354980 0.685547
vt 0.363037 0.686279
vt 0.372559 0.688232
vt 0.345947 0.684082
vt 0.382568 0.690186
vt 0.337891 0.679688
vt 0.391602 0.691162
vt 0.346680 0.682129
vt 0.355469 0.683350
vt 0.338379 0.677734
vt 0.346924 0.679932
vt 0.363770 0.683838
vt 0.331543 0.673828
vt 0.355957 0.681152
vt 0.338379 0.674561
vt 0.347412 0.677490
vt 0.330566 0.675293
vt 0.333008 0.670166
vt 0.329346 0.680908
vt 0.325684 0.669922
vt 0.324951 0.671875
vt 0.320801 0.682129
vt 0.323242 0.676758
vt 0.315430 0.677002
vt 0.319092 0.667236
vt 0.318115 0.673340
vt 0.311279 0.672363
vt 0.305420 0.672852
vt 0.311279 0.668213
vt 0.299072 0.673828
vt 0.304199 0.665283
vt 0.290039 0.676270
vt 0.295654 0.662842
vt 0.302979 0.656738
vt 0.284668 0.663574
vt 0.311523 0.661377
vt 0.292725 0.652832
vt 0.319092 0.665039
vt 0.326904 0.665283
vt 0.320312 0.659424
vt 0.312988 0.653320
vt 0.335449 0.666992
vt 0.329834 0.659912
vt 0.322266 0.651855
vt 0.340332 0.672119
vt 0.339111 0.663818
vt 0.343262 0.669434
vt 0.345703 0.672852
vt 0.333984 0.656494
vt 0.352783 0.664551
vt 0.347900 0.657959
vt 0.326660 0.645996
vt 0.355957 0.669434
vt 0.343262 0.649658
vt 0.362061 0.662842
vt 0.315430 0.643555
vt 0.364746 0.667725
vt 0.304199 0.645996
vt 0.292480 0.638916
vt 0.305420 0.632324
vt 0.319580 0.635254
vt 0.292725 0.618652
vt 0.337402 0.637939
vt 0.310059 0.619629
vt 0.332031 0.625488
vt 0.354004 0.644531
vt 0.323975 0.607666
vt 0.349854 0.633301
vt 0.345703 0.620605
vt 0.297852 0.601807
vt 0.340088 0.600342
vt 0.313232 0.587158
vt 0.276855 0.606201
vt 0.352539 0.598145
vt 0.277832 0.634033
vt 0.356445 0.618652
vt 0.280762 0.651367
vt 0.265137 0.666260
vt 0.257812 0.633301
vt 0.251953 0.685791
vt 0.260986 0.651367
vt 0.245850 0.670410
vt 0.221680 0.677490
vt 0.240845 0.653320
vt 0.194702 0.692627
vt 0.217773 0.660400
vt 0.193726 0.685303
vt 0.193604 0.668945
vt 0.215210 0.642822
vt 0.237549 0.636230
vt 0.195435 0.649414
vt 0.212402 0.617188
vt 0.233398 0.609863
vt 0.254639 0.606445
vt 0.211792 0.591797
vt 0.250977 0.581787
vt 0.231201 0.585938
vt 0.275391 0.575928
vt 0.248291 0.554688
vt 0.294678 0.568604
vt 0.271240 0.548828
vt 0.288086 0.545654
vt 0.311523 0.562500
vt 0.305908 0.541748
vt 0.284424 0.521484
vt 0.301758 0.517822
vt 0.267822 0.524170
vt 0.296387 0.490723
vt 0.280029 0.494629
vt 0.318115 0.511475
vt 0.324951 0.535889
vt 0.312256 0.485840
vt 0.327637 0.558838
vt 0.333252 0.579346
vt 0.345215 0.558594
vt 0.348633 0.578125
vt 0.346924 0.529297
vt 0.361572 0.564941
vt 0.362549 0.581543
vt 0.364746 0.599609
vt 0.363770 0.544189
vt 0.375000 0.572266
vt 0.378662 0.556396
vt 0.374512 0.586426
vt 0.391113 0.567871
vt 0.387695 0.581543
vt 0.375000 0.602295
vt 0.386230 0.593262
vt 0.366455 0.618896
vt 0.385498 0.606689
vt 0.359131 0.631592
vt 0.375244 0.620361
vt 0.368164 0.631348
vt 0.362061 0.643066
vt 0.369873 0.642334
vt 0.376221 0.631348
vt 0.377686 0.641846
vt 0.385254 0.621826
vt 0.385742 0.632324
vt 0.386475 0.642334
vt 0.394775 0.634521
vt 0.378906 0.651855
vt 0.371826 0.652344
vt 0.364746 0.653076
vt 0.379883 0.660400
vt 0.357666 0.654053
vt 0.373535 0.661377
vt 0.367920 0.661621
vt 0.369629 0.666748
vt 0.374512 0.665771
vt 0.380127 0.665527
vt 0.365479 0.668945
vt 0.370117 0.667969
vt 0.375000 0.667236
vt 0.357422 0.671143
vt 0.371338 0.670410
vt 0.348633 0.673096
vt 0.366699 0.671387
vt 0.350586 0.676514
vt 0.375488 0.669922
vt 0.357910 0.679199
vt 0.358643 0.678223
vt 0.364746 0.680908
vt 0.351562 0.675537
vt 0.364746 0.679688
vt 0.359863 0.676758
vt 0.365723 0.678223
vt 0.373047 0.681641
vt 0.373047 0.682861
vt 0.372559 0.685791
vt 0.382568 0.687256
vt 0.382568 0.684082
vt 0.390869 0.687988
vt 0.382324 0.682373
vt 0.398682 0.691406
vt 0.390137 0.685059
vt 0.397705 0.688232
vt 0.407471 0.691162
vt 0.406738 0.689453
vt 0.417969 0.692871
vt 0.415527 0.690430
vt 0.424316 0.691162
vt 0.437256 0.694580
vt 0.421875 0.688965
vt 0.441406 0.689941
vt 0.428955 0.688477
vt 0.443115 0.685791
vt 0.432129 0.685547
vt 0.426270 0.686523
vt 0.429443 0.684082
vt 0.434326 0.682861
vt 0.431885 0.681885
vt 0.442627 0.678955
vt 0.436768 0.677734
vt 0.451416 0.681641
vt 0.440430 0.671143
vt 0.447998 0.672119
vt 0.443848 0.661865
vt 0.437012 0.665283
vt 0.434814 0.671387
vt 0.432373 0.677002
vt 0.431152 0.667480
vt 0.430420 0.680908
vt 0.431152 0.672119
vt 0.427979 0.683105
vt 0.430420 0.676514
vt 0.429199 0.679932
vt 0.424316 0.685059
vt 0.428467 0.672607
vt 0.426270 0.681885
vt 0.428711 0.676270
vt 0.427734 0.679443
vt 0.426514 0.673096
vt 0.427734 0.669678
vt 0.425537 0.670898
vt 0.424316 0.661377
vt 0.420898 0.665039
vt 0.428467 0.657471
vt 0.420410 0.650635
vt 0.433105 0.652832
vt 0.437012 0.645752
vt 0.423828 0.644531
vt 0.439453 0.634766
vt 0.425781 0.637207
vt 0.407715 0.642090
vt 0.409180 0.634521
vt 0.417480 0.656006
vt 0.414795 0.661133
vt 0.395264 0.624512
vt 0.406250 0.648926
vt 0.394775 0.643555
vt 0.404541 0.656006
vt 0.386475 0.652100
vt 0.394043 0.652588
vt 0.386230 0.660400
vt 0.392822 0.660889
vt 0.385986 0.665283
vt 0.402588 0.662598
vt 0.392334 0.665527
vt 0.380371 0.666992
vt 0.385742 0.666748
vt 0.380371 0.669678
vt 0.385254 0.669678
vt 0.392090 0.666992
vt 0.401367 0.667236
vt 0.412354 0.665527
vt 0.401123 0.668701
vt 0.418701 0.667725
vt 0.409424 0.669678
vt 0.416260 0.670410
vt 0.423828 0.671631
vt 0.415527 0.671143
vt 0.422607 0.671875
vt 0.425537 0.673340
vt 0.427734 0.676270
vt 0.424072 0.673584
vt 0.426758 0.678467
vt 0.426270 0.676270
vt 0.424316 0.677490
vt 0.424561 0.680664
vt 0.423828 0.679932
vt 0.422852 0.684082
vt 0.421387 0.682861
vt 0.420166 0.682373
vt 0.416992 0.684814
vt 0.418457 0.686279
vt 0.420166 0.687744
vt 0.414551 0.688965
vt 0.412842 0.687012
vt 0.405029 0.686768
vt 0.411133 0.685059
vt 0.396484 0.685303
vt 0.403564 0.684570
vt 0.389648 0.683105
vt 0.395996 0.683594
vt 0.409912 0.684082
vt 0.415771 0.683594
vt 0.402832 0.683350
vt 0.407715 0.681396
vt 0.395264 0.681396
vt 0.401855 0.681396
vt 0.389648 0.680908
vt 0.395020 0.680420
vt 0.401611 0.680420
vt 0.382080 0.680176
vt 0.389404 0.679932
vt 0.374023 0.679688
vt 0.382812 0.678711
vt 0.374268 0.677490
vt 0.366211 0.677002
vt 0.377686 0.676758
vt 0.371582 0.676514
vt 0.383789 0.677246
vt 0.390137 0.675049
vt 0.392822 0.677246
vt 0.403076 0.678223
vt 0.406738 0.680176
vt 0.405762 0.678467
vt 0.412842 0.681152
vt 0.410889 0.679932
vt 0.417480 0.680176
vt 0.422119 0.677979
vt 0.416504 0.678955
vt 0.412598 0.677002
vt 0.421143 0.677246
vt 0.417725 0.676758
vt 0.409180 0.676514
vt 0.407471 0.676025
vt 0.411133 0.675537
vt 0.413330 0.676025
vt 0.407959 0.675537
vt 0.412842 0.674316
vt 0.410645 0.674561
vt 0.407715 0.674561
vt 0.416748 0.675781
vt 0.408203 0.673828
vt 0.421143 0.675781
vt 0.405029 0.674072
vt 0.411865 0.673340
vt 0.406250 0.673584
vt 0.416504 0.674316
vt 0.416016 0.673584
vt 0.413818 0.673096
vt 0.419922 0.673584
vt 0.418945 0.673340
vt 0.420654 0.674805
vt 0.421875 0.673828
vt 0.423340 0.675293
vt 0.414062 0.672852
vt 0.419678 0.672852
vt 0.423340 0.673584
vt 0.414307 0.671875
vt 0.420898 0.672607
vt 0.406982 0.673096
vt 0.400879 0.673096
vt 0.407227 0.671875
vt 0.399902 0.672119
vt 0.408203 0.670654
vt 0.424805 0.675781
vt 0.423340 0.677246
vt 0.422607 0.676758
vt 0.420898 0.676758
vt 0.400146 0.670654
vt 0.391602 0.669922
vt 0.391602 0.671631
vt 0.391113 0.672607
vt 0.385010 0.671631
vt 0.380371 0.671631
vt 0.385254 0.672607
vt 0.381836 0.673340
vt 0.380371 0.672852
vt 0.375732 0.671875
vt 0.373779 0.673828
vt 0.375732 0.672852
vt 0.372314 0.672363
vt 0.372559 0.673096
vt 0.367920 0.672607
vt 0.368896 0.673340
vt 0.362061 0.673096
vt 0.363770 0.673584
vt 0.358887 0.672363
vt 0.356689 0.673340
vt 0.351562 0.673340
vt 0.357178 0.673584
vt 0.353027 0.674805
vt 0.354248 0.673584
vt 0.359375 0.674316
vt 0.355225 0.674316
vt 0.361328 0.675537
vt 0.364990 0.676025
vt 0.210327 0.003418
vt 0.224365 0.018555
vt 0.210693 0.007812
vt 0.216675 0.026367
vt 0.206299 0.005371
vt 0.208496 0.010254
vt 0.204224 0.010742
vt 0.196899 0.025879
vt 0.202026 0.007324
vt 0.202271 0.002441
vt 0.189087 0.018066
vt 0.840332 0.818237
vt 0.864746 0.842285
vt 0.864746 0.785278
vt 0.852539 0.895691
vt 0.866699 0.920593
vt 0.880371 0.943085
vt 0.904785 0.922546
vt 0.881836 0.867188
vt 0.895508 0.893860
vt 0.929199 0.888367
vt 0.918945 0.860718
vt 0.947754 0.858887
vt 0.904785 0.831787
vt 0.936523 0.829834
vt 0.888672 0.806885
vt 0.921387 0.798584
vt 0.955078 0.789551
vt 0.967285 0.822876
vt 0.939941 0.756104
vt 0.907227 0.773560
vt 0.971680 0.741699
vt 0.991699 0.767090
vt 0.925293 0.729980
vt 0.884277 0.755005
vt 0.938965 0.681396
vt 0.855469 0.744385
vt 0.905273 0.710449
vt 0.817383 0.736328
vt 0.875488 0.714355
vt 0.791016 0.726074
vt 0.829590 0.717529
vt 0.801758 0.709473
vt 0.772461 0.689941
vt 0.819824 0.703857
vt 0.798340 0.686279
vt 0.774902 0.671631
vt 0.752930 0.660889
vt 0.797363 0.665771
vt 0.755859 0.645508
vt 0.775879 0.654053
vt 0.798340 0.646973
vt 0.777832 0.635986
vt 0.758789 0.627441
vt 0.740723 0.624268
vt 0.778809 0.611816
vt 0.760742 0.604492
vt 0.741699 0.598877
vt 0.719727 0.597656
vt 0.760742 0.578125
vt 0.699219 0.591064
vt 0.740723 0.572998
vt 0.713379 0.569580
vt 0.778809 0.585205
vt 0.763672 0.552490
vt 0.780273 0.559082
vt 0.796387 0.596436
vt 0.797852 0.570801
vt 0.785645 0.530762
vt 0.799805 0.545654
vt 0.741699 0.546631
vt 0.767578 0.524658
vt 0.719727 0.539062
vt 0.745117 0.519287
vt 0.790527 0.508545
vt 0.772461 0.498047
vt 0.723145 0.513672
vt 0.749023 0.490723
vt 0.803711 0.522461
vt 0.797852 0.487793
vt 0.808105 0.503662
vt 0.778320 0.475098
vt 0.804688 0.497070
vt 0.760742 0.469238
vt 0.807129 0.465332
vt 0.786133 0.453125
vt 0.809570 0.478516
vt 0.813965 0.478516
vt 0.814453 0.471680
vt 0.815918 0.485840
vt 0.821289 0.472656
vt 0.814453 0.496094
vt 0.824219 0.481445
vt 0.811523 0.509766
vt 0.821777 0.490723
vt 0.808594 0.525391
vt 0.813477 0.513184
vt 0.821777 0.500977
vt 0.806641 0.535400
vt 0.810547 0.529297
vt 0.814453 0.528809
vt 0.810059 0.541016
vt 0.802734 0.552490
vt 0.807129 0.541504
vt 0.801270 0.569092
vt 0.805176 0.555664
vt 0.801270 0.577881
vt 0.803711 0.568359
vt 0.807617 0.545410
vt 0.805176 0.567871
vt 0.812500 0.541260
vt 0.806152 0.557861
vt 0.809082 0.550049
vt 0.806641 0.569336
vt 0.808105 0.563477
vt 0.810547 0.564209
vt 0.808594 0.572266
vt 0.806152 0.574951
vt 0.812012 0.571289
vt 0.804199 0.578613
vt 0.807129 0.584961
vt 0.802734 0.596191
vt 0.804688 0.591064
vt 0.811035 0.578857
vt 0.809082 0.601074
vt 0.806641 0.609375
vt 0.804199 0.617188
vt 0.808105 0.624268
vt 0.797852 0.624023
vt 0.806641 0.634277
vt 0.803223 0.647217
vt 0.805176 0.658936
vt 0.808105 0.648682
vt 0.803223 0.672363
vt 0.810059 0.692139
vt 0.808105 0.674316
vt 0.810059 0.659912
vt 0.814453 0.688721
vt 0.812988 0.672119
vt 0.812012 0.650146
vt 0.813965 0.658691
vt 0.811523 0.640625
vt 0.814941 0.650146
vt 0.812012 0.632324
vt 0.814453 0.643311
vt 0.814453 0.636719
vt 0.813477 0.621338
vt 0.814453 0.626709
vt 0.811523 0.613281
vt 0.816895 0.608643
vt 0.814941 0.591553
vt 0.815918 0.602051
vt 0.819336 0.569580
vt 0.821777 0.596436
vt 0.816406 0.557373
vt 0.822266 0.582275
vt 0.823730 0.547363
vt 0.816895 0.541504
vt 0.828613 0.558594
vt 0.817871 0.530273
vt 0.825195 0.537598
vt 0.817871 0.520020
vt 0.820312 0.532471
vt 0.823730 0.524414
vt 0.819336 0.512939
vt 0.827637 0.529785
vt 0.824707 0.517822
vt 0.827637 0.505371
vt 0.829102 0.542480
vt 0.829590 0.524414
vt 0.833008 0.537109
vt 0.833496 0.551514
vt 0.831055 0.572021
vt 0.835938 0.546387
vt 0.826172 0.592285
vt 0.836914 0.565918
vt 0.832031 0.586670
vt 0.827637 0.603516
vt 0.822266 0.604492
vt 0.822266 0.610352
vt 0.833984 0.600586
vt 0.818359 0.615234
vt 0.828613 0.611816
vt 0.819336 0.620605
vt 0.823730 0.617676
vt 0.815918 0.630371
vt 0.829102 0.617432
vt 0.815430 0.638916
vt 0.834473 0.610596
vt 0.815430 0.644531
vt 0.816895 0.634277
vt 0.816406 0.649902
vt 0.816406 0.640137
vt 0.816895 0.644531
vt 0.817871 0.628418
vt 0.818359 0.639160
vt 0.820801 0.624268
vt 0.820312 0.633789
vt 0.823242 0.622803
vt 0.817871 0.644531
vt 0.821289 0.637207
vt 0.823242 0.631836
vt 0.827148 0.622559
vt 0.824707 0.636230
vt 0.827148 0.629639
vt 0.831543 0.624023
vt 0.832520 0.617188
vt 0.831055 0.630127
vt 0.836426 0.616699
vt 0.835938 0.623535
vt 0.840332 0.606445
vt 0.846680 0.614746
vt 0.835449 0.630371
vt 0.843750 0.622559
vt 0.834961 0.635986
vt 0.842773 0.629883
vt 0.847656 0.623535
vt 0.841309 0.636719
vt 0.829590 0.635986
vt 0.833984 0.643311
vt 0.828125 0.643555
vt 0.823730 0.641846
vt 0.822754 0.648193
vt 0.819824 0.648438
vt 0.826660 0.651367
vt 0.817383 0.649658
vt 0.822266 0.653564
vt 0.817871 0.653076
vt 0.819824 0.655273
vt 0.826172 0.655518
vt 0.822754 0.657471
vt 0.819336 0.657959
vt 0.817383 0.654785
vt 0.816406 0.656250
vt 0.818359 0.660889
vt 0.815918 0.666748
vt 0.817383 0.681885
vt 0.819824 0.672607
vt 0.821777 0.665527
vt 0.822266 0.661377
vt 0.822754 0.685547
vt 0.825684 0.675781
vt 0.826172 0.667969
vt 0.826172 0.659180
vt 0.826172 0.663330
vt 0.830566 0.660400
vt 0.830566 0.669434
vt 0.830566 0.665039
vt 0.833008 0.655273
vt 0.831055 0.674316
vt 0.833008 0.651123
vt 0.834961 0.658447
vt 0.838379 0.652832
vt 0.839844 0.643311
vt 0.838867 0.648682
vt 0.841309 0.652100
vt 0.843262 0.646729
vt 0.845215 0.639160
vt 0.838867 0.656006
vt 0.843750 0.655518
vt 0.839844 0.659668
vt 0.835938 0.662598
vt 0.835938 0.667236
vt 0.840820 0.663818
vt 0.844727 0.659180
vt 0.836914 0.672363
vt 0.848145 0.653320
vt 0.841797 0.668701
vt 0.846680 0.649658
vt 0.846191 0.664062
vt 0.848633 0.643066
vt 0.850586 0.646240
vt 0.851074 0.635010
vt 0.850586 0.656494
vt 0.853027 0.649902
vt 0.854004 0.636719
vt 0.856445 0.640869
vt 0.856445 0.652832
vt 0.860352 0.644287
vt 0.852539 0.661621
vt 0.861816 0.654541
vt 0.847656 0.669434
vt 0.856445 0.665283
vt 0.843262 0.674316
vt 0.850098 0.674072
vt 0.839844 0.677002
vt 0.845215 0.678955
vt 0.835938 0.678711
vt 0.841797 0.681641
vt 0.853027 0.679688
vt 0.847168 0.684570
vt 0.859863 0.670898
vt 0.851562 0.689697
vt 0.864258 0.678467
vt 0.866211 0.659912
vt 0.843750 0.687012
vt 0.844727 0.693604
vt 0.839844 0.688721
vt 0.837891 0.683350
vt 0.834473 0.689697
vt 0.833008 0.684326
vt 0.832031 0.679443
vt 0.828125 0.684326
vt 0.828613 0.688965
vt 0.826172 0.692871
vt 0.836914 0.695068
vt 0.826172 0.696777
vt 0.839355 0.699707
vt 0.824707 0.699707
vt 0.853027 0.697754
vt 0.839844 0.702881
vt 0.838867 0.707764
vt 0.854004 0.701172
vt 0.861328 0.701172
vt 0.869141 0.685303
vt 0.871094 0.692139
vt 0.884277 0.679932
vt 0.871582 0.666504
vt 0.882812 0.671143
vt 0.879395 0.665527
vt 0.871582 0.646484
vt 0.876953 0.652344
vt 0.885254 0.635498
vt 0.878418 0.625244
vt 0.866699 0.641602
vt 0.872559 0.620605
vt 0.863281 0.633301
vt 0.859375 0.631348
vt 0.866699 0.621338
vt 0.856445 0.628906
vt 0.862305 0.619141
vt 0.864258 0.604248
vt 0.858398 0.618408
vt 0.853027 0.627197
vt 0.868652 0.605713
vt 0.860352 0.602539
vt 0.864258 0.588867
vt 0.869629 0.588623
vt 0.874023 0.597168
vt 0.862793 0.569092
vt 0.880371 0.598877
vt 0.872070 0.566895
vt 0.888184 0.602539
vt 0.877441 0.566162
vt 0.867188 0.568115
vt 0.871582 0.535156
vt 0.867188 0.538086
vt 0.885742 0.566650
vt 0.892090 0.643066
vt 0.894531 0.588867
vt 0.896484 0.647461
vt 0.899414 0.593750
vt 0.902344 0.673096
vt 0.906738 0.593018
vt 0.921387 0.665771
vt 0.927734 0.595703
vt 0.947266 0.616211
vt 0.954590 0.709473
vt 0.964355 0.640869
vt 0.945801 0.550293
vt 0.981445 0.668457
vt 0.997070 0.687744
vt 0.963867 0.570801
vt 0.980469 0.591553
vt 0.996094 0.612061
vt 0.922363 0.524170
vt 0.936523 0.477539
vt 0.958008 0.493164
vt 0.977539 0.505371
vt 0.996094 0.512939
vt 0.996094 0.434082
vt 0.949219 0.428711
vt 0.974609 0.433594
vt 0.970703 0.350098
vt 0.995605 0.346680
vt 0.996094 0.285156
vt 0.942871 0.351074
vt 0.964355 0.285156
vt 0.996094 0.235352
vt 0.912598 0.348145
vt 0.959961 0.235840
vt 0.996094 0.204102
vt 0.932129 0.287109
vt 0.958008 0.203613
vt 0.996094 0.164062
vt 0.919922 0.235840
vt 0.955566 0.164551
vt 0.996094 0.109375
vt 0.915039 0.203613
vt 0.898926 0.286621
vt 0.954590 0.110352
vt 0.996094 0.075195
vt 0.953613 0.074707
vt 0.912109 0.165039
vt 0.915039 0.111328
vt 0.916504 0.075195
vt 0.885254 0.202637
vt 0.885742 0.112793
vt 0.891113 0.075195
vt 0.881836 0.164062
vt 0.857422 0.109375
vt 0.863770 0.075195
vt 0.851562 0.164551
vt 0.856934 0.204102
vt 0.822266 0.108887
vt 0.831543 0.077148
vt 0.815430 0.166992
vt 0.827148 0.204590
vt 0.791504 0.096191
vt 0.805664 0.064941
vt 0.789062 0.128906
vt 0.765137 0.074707
vt 0.781738 0.029297
vt 0.750977 0.007812
vt 0.759277 0.117188
vt 0.738770 0.059082
vt 0.725098 0.006836
vt 0.788574 0.170898
vt 0.714355 0.053223
vt 0.674316 0.006836
vt 0.732910 0.103516
vt 0.765137 0.177246
vt 0.796875 0.206055
vt 0.735352 0.167969
vt 0.770020 0.206055
vt 0.835938 0.235352
vt 0.807129 0.240234
vt 0.863281 0.235352
vt 0.890137 0.236328
vt 0.872559 0.284668
vt 0.886719 0.344727
vt 0.847656 0.283203
vt 0.924805 0.418945
vt 0.899414 0.409180
vt 0.862793 0.339844
vt 0.909180 0.461426
vt 0.876465 0.397949
vt 0.815918 0.278809
vt 0.831055 0.329590
vt 0.888672 0.456543
vt 0.777344 0.236816
vt 0.896973 0.512939
vt 0.847168 0.385742
vt 0.889160 0.523438
vt 0.883789 0.527100
vt 0.867188 0.476074
vt 0.877930 0.531494
vt 0.870117 0.500244
vt 0.867188 0.452148
vt 0.861328 0.507324
vt 0.867676 0.506836
vt 0.858398 0.485352
vt 0.855469 0.492676
vt 0.859863 0.473633
vt 0.842285 0.445312
vt 0.845215 0.467773
vt 0.844727 0.458008
vt 0.844727 0.474121
vt 0.834473 0.457520
vt 0.828125 0.450195
vt 0.852051 0.492676
vt 0.837402 0.465332
vt 0.857910 0.509521
vt 0.843750 0.480469
vt 0.849121 0.498535
vt 0.841797 0.486816
vt 0.836914 0.473145
vt 0.829102 0.460449
vt 0.826172 0.454102
vt 0.831055 0.467285
vt 0.822266 0.459473
vt 0.814453 0.451172
vt 0.831543 0.474121
vt 0.825195 0.465820
vt 0.836914 0.480469
vt 0.839844 0.493164
vt 0.835449 0.485352
vt 0.846191 0.503906
vt 0.837891 0.499512
vt 0.831543 0.479980
vt 0.854492 0.512451
vt 0.862305 0.540527
vt 0.851074 0.517822
vt 0.858398 0.543701
vt 0.843262 0.508545
vt 0.848145 0.523438
vt 0.858398 0.570557
vt 0.854492 0.547119
vt 0.840332 0.515869
vt 0.845703 0.528809
vt 0.851074 0.550293
vt 0.842773 0.533936
vt 0.835938 0.506104
vt 0.854980 0.572021
vt 0.832031 0.499023
vt 0.848633 0.553467
vt 0.859863 0.588135
vt 0.855957 0.588867
vt 0.852051 0.573242
vt 0.856445 0.602051
vt 0.852539 0.588867
vt 0.854980 0.616943
vt 0.852539 0.600586
vt 0.850098 0.625000
vt 0.852051 0.614014
vt 0.847168 0.631348
vt 0.847168 0.603027
vt 0.847168 0.590576
vt 0.842285 0.592529
vt 0.847656 0.575684
vt 0.842773 0.578369
vt 0.838379 0.581543
vt 0.840332 0.561768
vt 0.844727 0.557617
vt 0.839355 0.540283
vt 0.833984 0.531982
vt 0.836914 0.524658
vt 0.833008 0.515625
vt 0.827637 0.494141
vt 0.833984 0.492188
vt 0.829590 0.486816
vt 0.826660 0.472656
vt 0.818848 0.467773
vt 0.816895 0.461914
vt 0.791504 0.428711
vt 0.817383 0.441406
vt 0.764648 0.446289
vt 0.827637 0.412109
vt 0.793457 0.394043
vt 0.859375 0.433594
vt 0.812988 0.372070
vt 0.782715 0.361328
vt 0.800293 0.322266
vt 0.771973 0.314941
vt 0.786621 0.273926
vt 0.755859 0.270020
vt 0.746582 0.231934
vt 0.753906 0.352051
vt 0.741211 0.306641
vt 0.727051 0.266602
vt 0.740234 0.199707
vt 0.717285 0.227539
vt 0.709473 0.163086
vt 0.710938 0.194336
vt 0.681152 0.255859
vt 0.674805 0.219238
vt 0.668945 0.186035
vt 0.708008 0.097168
vt 0.666504 0.153320
vt 0.666992 0.050293
vt 0.621582 0.006836
vt 0.663574 0.095215
vt 0.613770 0.051270
vt 0.554688 0.006836
vt 0.610352 0.093750
vt 0.550293 0.051270
vt 0.491699 0.050293
vt 0.491699 0.006836
vt 0.550293 0.091309
vt 0.432617 0.051758
vt 0.425293 0.007324
vt 0.493164 0.089355
vt 0.435059 0.091309
vt 0.371826 0.051270
vt 0.363770 0.006836
vt 0.375244 0.093750
vt 0.320557 0.051270
vt 0.314209 0.006836
vt 0.324219 0.094727
vt 0.276123 0.056641
vt 0.268799 0.006836
vt 0.323486 0.149902
vt 0.247925 0.063965
vt 0.237549 0.009277
vt 0.279785 0.098633
vt 0.221436 0.083984
vt 0.208618 0.047852
vt 0.252686 0.105957
vt 0.224854 0.117676
vt 0.191895 0.100098
vt 0.181519 0.072754
vt 0.193970 0.124512
vt 0.157837 0.106934
vt 0.149170 0.076172
vt 0.121277 0.076172
vt 0.192261 0.159180
vt 0.133545 0.108398
vt 0.095093 0.075684
vt 0.166992 0.160156
vt 0.106812 0.108887
vt 0.140869 0.160156
vt 0.114258 0.160156
vt 0.134888 0.200195
vt 0.109192 0.200195
vt 0.162842 0.200195
vt 0.101746 0.229492
vt 0.126465 0.230957
vt 0.091248 0.275879
vt 0.116028 0.274902
vt 0.153564 0.230469
vt 0.194214 0.187988
vt 0.104736 0.333008
vt 0.145142 0.271484
vt 0.098999 0.392090
vt 0.130981 0.330566
vt 0.191650 0.229004
vt 0.181274 0.274414
vt 0.123230 0.387207
vt 0.163940 0.327148
vt 0.114685 0.442383
vt 0.151367 0.382812
vt 0.131226 0.458008
vt 0.138916 0.432617
vt 0.196045 0.323730
vt 0.185059 0.370117
vt 0.171753 0.417969
vt 0.147095 0.460938
vt 0.144897 0.468750
vt 0.182617 0.444336
vt 0.146606 0.481445
vt 0.170898 0.453613
vt 0.166138 0.459473
vt 0.180542 0.458984
vt 0.164795 0.470215
vt 0.150513 0.493164
vt 0.160522 0.481934
vt 0.176147 0.465820
vt 0.152832 0.500732
vt 0.173706 0.475098
vt 0.145142 0.514893
vt 0.161743 0.490234
vt 0.147949 0.519287
vt 0.155396 0.505615
vt 0.163330 0.497070
vt 0.157471 0.510254
vt 0.146484 0.534180
vt 0.150391 0.522949
vt 0.149536 0.536377
vt 0.153076 0.526123
vt 0.159546 0.514160
vt 0.145874 0.550049
vt 0.156006 0.529541
vt 0.152222 0.539062
vt 0.148560 0.551514
vt 0.161865 0.518311
vt 0.160278 0.533203
vt 0.167358 0.510010
vt 0.156616 0.541748
vt 0.165405 0.523682
vt 0.164673 0.535156
vt 0.172852 0.514404
vt 0.165771 0.506104
vt 0.171631 0.507568
vt 0.164673 0.501465
vt 0.171387 0.502686
vt 0.168335 0.492676
vt 0.171021 0.498047
vt 0.167114 0.485840
vt 0.172852 0.490723
vt 0.166138 0.477539
vt 0.172241 0.482910
vt 0.177612 0.490723
vt 0.178589 0.483887
vt 0.180786 0.476074
vt 0.178833 0.497559
vt 0.184326 0.470703
vt 0.188354 0.480469
vt 0.184814 0.486816
vt 0.182373 0.492188
vt 0.193359 0.489258
vt 0.191040 0.498047
vt 0.195068 0.480469
vt 0.202881 0.502441
vt 0.187866 0.501221
vt 0.201294 0.476074
vt 0.191772 0.460938
vt 0.215088 0.464844
vt 0.209473 0.435059
vt 0.208496 0.399414
vt 0.218750 0.489258
vt 0.215088 0.361816
vt 0.232422 0.390137
vt 0.225830 0.318359
vt 0.239502 0.356445
vt 0.251465 0.313965
vt 0.242310 0.270508
vt 0.214355 0.272949
vt 0.224609 0.227539
vt 0.251709 0.227539
vt 0.227173 0.189941
vt 0.254395 0.188965
vt 0.274902 0.225586
vt 0.224487 0.164062
vt 0.252930 0.159668
vt 0.279541 0.187012
vt 0.279297 0.155762
vt 0.321045 0.182617
vt 0.315674 0.218750
vt 0.267090 0.268555
vt 0.307861 0.260254
vt 0.297607 0.298340
vt 0.275146 0.325684
vt 0.265869 0.349121
vt 0.308105 0.328125
vt 0.356689 0.280273
vt 0.355225 0.294434
vt 0.287354 0.347168
vt 0.361328 0.245117
vt 0.335205 0.328125
vt 0.367920 0.208008
vt 0.433105 0.258789
vt 0.373535 0.174805
vt 0.433838 0.230469
vt 0.434570 0.197266
vt 0.376465 0.143066
vt 0.435791 0.164062
vt 0.435791 0.136230
vt 0.493652 0.130859
vt 0.494141 0.193359
vt 0.548828 0.136719
vt 0.493896 0.160156
vt 0.548828 0.164062
vt 0.612305 0.144043
vt 0.614746 0.176270
vt 0.551758 0.196289
vt 0.620605 0.207520
vt 0.494385 0.225586
vt 0.553711 0.228516
vt 0.625977 0.241211
vt 0.495605 0.253906
vt 0.556152 0.258301
vt 0.628906 0.273926
vt 0.435547 0.280762
vt 0.551270 0.280273
vt 0.493896 0.273438
vt 0.366211 0.305664
vt 0.494385 0.285156
vt 0.347656 0.335938
vt 0.379395 0.312988
vt 0.442627 0.291016
vt 0.391846 0.318359
vt 0.449951 0.299316
vt 0.544434 0.289551
vt 0.494873 0.296387
vt 0.537598 0.299316
vt 0.454346 0.311035
vt 0.590332 0.312500
vt 0.533203 0.310059
vt 0.495361 0.308105
vt 0.604492 0.303223
vt 0.577148 0.320801
vt 0.620117 0.299316
vt 0.639160 0.324219
vt 0.626465 0.286621
vt 0.653809 0.316406
vt 0.620117 0.332031
vt 0.666992 0.307617
vt 0.691895 0.291016
vt 0.699219 0.335938
vt 0.725586 0.341309
vt 0.678711 0.339355
vt 0.763672 0.382812
vt 0.736816 0.374023
vt 0.765625 0.417969
vt 0.741699 0.408691
vt 0.711914 0.369141
vt 0.745117 0.438477
vt 0.720703 0.403320
vt 0.744629 0.463867
vt 0.725586 0.432617
vt 0.727539 0.458496
vt 0.726562 0.486328
vt 0.710449 0.429199
vt 0.713867 0.455566
vt 0.712891 0.483887
vt 0.704102 0.401367
vt 0.695801 0.428223
vt 0.693359 0.370117
vt 0.687988 0.400879
vt 0.674805 0.372559
vt 0.659180 0.345703
vt 0.638184 0.351562
vt 0.655762 0.375488
vt 0.603516 0.337891
vt 0.621582 0.355957
vt 0.670410 0.400391
vt 0.638184 0.377930
vt 0.651855 0.401855
vt 0.681152 0.427734
vt 0.699707 0.454102
vt 0.663574 0.427246
vt 0.698730 0.482910
vt 0.685059 0.452637
vt 0.709961 0.511230
vt 0.668457 0.451172
vt 0.705566 0.534180
vt 0.694824 0.508057
vt 0.684082 0.480469
vt 0.698242 0.559326
vt 0.689941 0.531250
vt 0.679688 0.504883
vt 0.667969 0.476562
vt 0.674316 0.528076
vt 0.663086 0.501709
vt 0.683594 0.554443
vt 0.688965 0.581543
vt 0.668945 0.552979
vt 0.678711 0.604736
vt 0.669922 0.575684
vt 0.663574 0.596680
vt 0.670410 0.621826
vt 0.655762 0.616455
vt 0.661621 0.635010
vt 0.649902 0.628662
vt 0.645508 0.639404
vt 0.640625 0.652832
vt 0.641113 0.613281
vt 0.635742 0.661865
vt 0.645508 0.593262
vt 0.631836 0.669434
vt 0.648926 0.575684
vt 0.624023 0.667236
vt 0.652344 0.555176
vt 0.627441 0.659424
vt 0.624023 0.668457
vt 0.630859 0.650879
vt 0.620117 0.666260
vt 0.634766 0.636475
vt 0.622559 0.658447
vt 0.625000 0.650146
vt 0.637695 0.624756
vt 0.627441 0.635742
vt 0.617188 0.658447
vt 0.619141 0.649658
vt 0.629395 0.624756
vt 0.615723 0.665527
vt 0.630859 0.613037
vt 0.619629 0.667236
vt 0.633301 0.595459
vt 0.618164 0.672363
vt 0.635742 0.579102
vt 0.615234 0.666992
vt 0.636719 0.562500
vt 0.610352 0.666016
vt 0.633789 0.544922
vt 0.610840 0.659180
vt 0.652832 0.527832
vt 0.611328 0.650146
vt 0.638672 0.513672
vt 0.620117 0.635254
vt 0.647461 0.494141
vt 0.625488 0.530273
vt 0.650879 0.473145
vt 0.626953 0.504150
vt 0.651367 0.449707
vt 0.633789 0.486328
vt 0.636719 0.469727
vt 0.615723 0.518066
vt 0.615234 0.493164
vt 0.605957 0.505127
vt 0.622070 0.479980
vt 0.602539 0.531250
vt 0.604492 0.483887
vt 0.610840 0.544189
vt 0.595703 0.519775
vt 0.619141 0.556396
vt 0.597656 0.494141
vt 0.623047 0.569336
vt 0.598145 0.556152
vt 0.624023 0.583496
vt 0.604004 0.566895
vt 0.607910 0.578369
vt 0.623047 0.599121
vt 0.610352 0.590576
vt 0.621582 0.615479
vt 0.610840 0.604004
vt 0.620605 0.625244
vt 0.610840 0.618652
vt 0.610840 0.627930
vt 0.611328 0.637451
vt 0.601074 0.623047
vt 0.601074 0.632080
vt 0.602051 0.640625
vt 0.599609 0.610107
vt 0.586426 0.630615
vt 0.599121 0.598145
vt 0.584961 0.621582
vt 0.583496 0.611328
vt 0.597168 0.587402
vt 0.581543 0.602539
vt 0.594238 0.576416
vt 0.579102 0.593506
vt 0.590332 0.565430
vt 0.577148 0.583740
vt 0.563477 0.606934
vt 0.562012 0.598145
vt 0.565918 0.615479
vt 0.551270 0.603271
vt 0.568359 0.624023
vt 0.551758 0.614014
vt 0.553711 0.623535
vt 0.570801 0.632812
vt 0.555664 0.632812
vt 0.541504 0.618896
vt 0.572754 0.640137
vt 0.542969 0.629883
vt 0.558105 0.644531
vt 0.544922 0.640381
vt 0.541992 0.605225
vt 0.546875 0.655762
vt 0.535156 0.605957
vt 0.545898 0.596436
vt 0.541504 0.589355
vt 0.549316 0.591064
vt 0.559570 0.586670
vt 0.571289 0.577637
vt 0.568848 0.575684
vt 0.557617 0.583740
vt 0.564941 0.574463
vt 0.556152 0.577637
vt 0.561035 0.574463
vt 0.549316 0.582031
vt 0.556641 0.567383
vt 0.562500 0.564697
vt 0.567871 0.561279
vt 0.572266 0.558838
vt 0.562012 0.558838
vt 0.576660 0.554932
vt 0.567383 0.555664
vt 0.571289 0.552002
vt 0.582031 0.554199
vt 0.575195 0.547852
vt 0.569336 0.545654
vt 0.572266 0.541748
vt 0.577148 0.538330
vt 0.591309 0.543457
vt 0.584961 0.531982
vt 0.570312 0.531250
vt 0.576660 0.522705
vt 0.585449 0.505859
vt 0.560059 0.526855
vt 0.564941 0.514893
vt 0.567383 0.536865
vt 0.564453 0.540039
vt 0.557129 0.532715
vt 0.565430 0.549072
vt 0.557617 0.536865
vt 0.561035 0.543945
vt 0.560059 0.553467
vt 0.554688 0.540283
vt 0.555664 0.562500
vt 0.557129 0.548828
vt 0.554199 0.557861
vt 0.548340 0.567871
vt 0.547852 0.563721
vt 0.551758 0.553711
vt 0.549316 0.572266
vt 0.541504 0.577393
vt 0.541016 0.572754
vt 0.534180 0.593750
vt 0.534180 0.580811
vt 0.525879 0.596191
vt 0.532715 0.575195
vt 0.525391 0.583252
vt 0.516113 0.597900
vt 0.539551 0.568604
vt 0.523438 0.576172
vt 0.530762 0.570557
vt 0.515625 0.584961
vt 0.521484 0.570312
vt 0.514160 0.577148
vt 0.505859 0.585693
vt 0.529297 0.563721
vt 0.513184 0.571045
vt 0.538086 0.562988
vt 0.504883 0.578125
vt 0.545410 0.558838
vt 0.543457 0.555420
vt 0.549316 0.549805
vt 0.551758 0.545410
vt 0.546387 0.544922
vt 0.549316 0.537598
vt 0.545898 0.548096
vt 0.544922 0.540283
vt 0.543457 0.545654
vt 0.553223 0.534424
vt 0.539062 0.534912
vt 0.541992 0.531494
vt 0.546387 0.529785
vt 0.538086 0.537598
vt 0.547852 0.525146
vt 0.540039 0.541992
vt 0.549805 0.516113
vt 0.537598 0.544189
vt 0.528809 0.539795
vt 0.543457 0.547607
vt 0.526367 0.536865
vt 0.541992 0.552979
vt 0.540039 0.550293
vt 0.532227 0.545410
vt 0.536133 0.554932
vt 0.536621 0.557129
vt 0.523926 0.542236
vt 0.526855 0.545410
vt 0.529297 0.555664
vt 0.537109 0.559814
vt 0.529785 0.558105
vt 0.529297 0.560303
vt 0.522949 0.549316
vt 0.520508 0.559082
vt 0.519043 0.547607
vt 0.521484 0.554443
vt 0.520020 0.555908
vt 0.518066 0.550781
vt 0.517090 0.552734
vt 0.512207 0.552246
vt 0.515625 0.549561
vt 0.515625 0.545410
vt 0.511719 0.548096
vt 0.519531 0.539307
vt 0.512695 0.543213
vt 0.523926 0.534180
vt 0.515625 0.538086
vt 0.531250 0.529541
vt 0.519531 0.530762
vt 0.534668 0.525635
vt 0.522949 0.526367
vt 0.537109 0.516357
vt 0.524902 0.517578
vt 0.512695 0.527588
vt 0.513672 0.518311
vt 0.525879 0.509766
vt 0.509766 0.532715
vt 0.514648 0.510986
vt 0.509277 0.537109
vt 0.506348 0.528564
vt 0.507812 0.541992
vt 0.503418 0.532715
vt 0.503418 0.536865
vt 0.507324 0.547119
vt 0.502441 0.541504
vt 0.499512 0.532715
vt 0.507812 0.552490
vt 0.499268 0.536621
vt 0.501953 0.546631
vt 0.499023 0.541016
vt 0.513672 0.557373
vt 0.498779 0.546631
vt 0.518555 0.563232
vt 0.509277 0.557861
vt 0.510742 0.563721
vt 0.502441 0.552246
vt 0.502930 0.557861
vt 0.504395 0.571289
vt 0.503418 0.563965
vt 0.498779 0.557861
vt 0.498535 0.578613
vt 0.498779 0.552002
vt 0.498779 0.563965
vt 0.494873 0.552002
vt 0.498535 0.571777
vt 0.494385 0.557861
vt 0.493652 0.563965
vt 0.493164 0.571777
vt 0.486572 0.563965
vt 0.488281 0.557617
vt 0.492432 0.578369
vt 0.484863 0.571777
vt 0.476562 0.571289
vt 0.483398 0.577881
vt 0.491943 0.585449
vt 0.482178 0.584717
vt 0.475098 0.576904
vt 0.479004 0.563965
vt 0.467773 0.570801
vt 0.473389 0.583252
vt 0.466309 0.576416
vt 0.481934 0.597900
vt 0.465088 0.581543
vt 0.492188 0.599121
vt 0.472656 0.595947
vt 0.480957 0.611816
vt 0.498535 0.585938
vt 0.506348 0.599121
vt 0.499268 0.599609
vt 0.506348 0.613037
vt 0.491943 0.613281
vt 0.471680 0.609375
vt 0.464600 0.619141
vt 0.463135 0.604736
vt 0.455322 0.616943
vt 0.455566 0.605957
vt 0.463867 0.593018
vt 0.441406 0.624756
vt 0.443848 0.613525
vt 0.427490 0.627197
vt 0.429443 0.617432
vt 0.410645 0.625488
vt 0.411865 0.614990
vt 0.395752 0.612549
vt 0.396973 0.600830
vt 0.413818 0.604492
vt 0.399170 0.590088
vt 0.432617 0.606934
vt 0.416748 0.593994
vt 0.402100 0.578857
vt 0.444336 0.603271
vt 0.433838 0.597168
vt 0.419189 0.582275
vt 0.407227 0.566162
vt 0.397461 0.553223
vt 0.413574 0.552979
vt 0.385254 0.539551
vt 0.405029 0.540527
vt 0.371826 0.525146
vt 0.394043 0.526855
vt 0.361572 0.508057
vt 0.381104 0.511719
vt 0.413818 0.530029
vt 0.335938 0.503906
vt 0.403320 0.515381
vt 0.328613 0.480957
vt 0.351807 0.493164
vt 0.371094 0.498047
vt 0.391602 0.501465
vt 0.309570 0.461914
vt 0.345215 0.475586
vt 0.293213 0.465332
vt 0.327393 0.458984
vt 0.311279 0.434082
vt 0.277588 0.468750
vt 0.329590 0.432617
vt 0.294189 0.437500
vt 0.343506 0.456543
vt 0.336914 0.405762
vt 0.346191 0.433105
vt 0.360840 0.470215
vt 0.318604 0.404785
vt 0.364990 0.485352
vt 0.358887 0.453613
vt 0.382568 0.490723
vt 0.376465 0.479004
vt 0.372070 0.465820
vt 0.402832 0.492188
vt 0.393799 0.483398
vt 0.385742 0.473633
vt 0.414795 0.503906
vt 0.407471 0.483887
vt 0.424561 0.521729
vt 0.420898 0.494141
vt 0.435547 0.515869
vt 0.400391 0.477051
vt 0.437012 0.502197
vt 0.392334 0.468750
vt 0.423096 0.484375
vt 0.410889 0.477051
vt 0.404785 0.470703
vt 0.382080 0.462891
vt 0.399170 0.463867
vt 0.370850 0.451172
vt 0.388428 0.458984
vt 0.381592 0.450684
vt 0.361328 0.434082
vt 0.373779 0.435059
vt 0.369385 0.414062
vt 0.354492 0.409180
vt 0.383789 0.419434
vt 0.384033 0.391602
vt 0.384521 0.438965
vt 0.388672 0.451172
vt 0.394775 0.427246
vt 0.395264 0.458008
vt 0.392578 0.442871
vt 0.395020 0.451660
vt 0.402344 0.432617
vt 0.399170 0.445312
vt 0.399170 0.452148
vt 0.402344 0.446777
vt 0.407715 0.437988
vt 0.413086 0.417969
vt 0.416992 0.423828
vt 0.407715 0.412109
vt 0.401855 0.399414
vt 0.431152 0.400879
vt 0.434570 0.409180
vt 0.428467 0.393066
vt 0.436279 0.416016
vt 0.410645 0.379883
vt 0.420410 0.429688
vt 0.397461 0.372559
vt 0.422607 0.434082
vt 0.369141 0.384277
vt 0.410400 0.441406
vt 0.350098 0.379395
vt 0.411865 0.443359
vt 0.331787 0.377441
vt 0.405273 0.447754
vt 0.424072 0.437500
vt 0.414307 0.444824
vt 0.401123 0.452637
vt 0.425537 0.440918
vt 0.407471 0.448730
vt 0.416504 0.446777
vt 0.439697 0.432617
vt 0.426758 0.443359
vt 0.438965 0.427734
vt 0.440430 0.436523
vt 0.437744 0.422363
vt 0.455811 0.427734
vt 0.453857 0.416504
vt 0.455078 0.422363
vt 0.452148 0.410645
vt 0.470215 0.413574
vt 0.471680 0.424316
vt 0.471191 0.418945
vt 0.456055 0.433594
vt 0.471436 0.430664
vt 0.486816 0.423340
vt 0.441162 0.440430
vt 0.456299 0.438477
vt 0.428223 0.446289
vt 0.441895 0.443848
vt 0.418945 0.447754
vt 0.430420 0.450195
vt 0.409668 0.450684
vt 0.421875 0.450195
vt 0.411621 0.451660
vt 0.406494 0.452637
vt 0.408203 0.454102
vt 0.403320 0.453125
vt 0.405273 0.454102
vt 0.401611 0.456543
vt 0.402588 0.456543
vt 0.399902 0.456543
vt 0.402344 0.461914
vt 0.403564 0.460938
vt 0.406738 0.466309
vt 0.407227 0.464355
vt 0.404541 0.460449
vt 0.411865 0.471191
vt 0.412109 0.468750
vt 0.423340 0.477051
vt 0.423828 0.474609
vt 0.416260 0.465332
vt 0.425537 0.469238
vt 0.407471 0.462891
vt 0.412109 0.460938
vt 0.407471 0.460938
vt 0.405518 0.459473
vt 0.403809 0.456543
vt 0.406982 0.458496
vt 0.406494 0.455566
vt 0.410400 0.458984
vt 0.407227 0.456543
vt 0.408936 0.458008
vt 0.408203 0.455566
vt 0.409180 0.456543
vt 0.408691 0.455566
vt 0.409424 0.456543
vt 0.409180 0.454102
vt 0.409912 0.456055
vt 0.414307 0.453125
vt 0.410889 0.455078
vt 0.424072 0.453125
vt 0.417236 0.454590
vt 0.413818 0.455566
vt 0.425293 0.455566
vt 0.432617 0.453613
vt 0.412598 0.456055
vt 0.445068 0.452637
vt 0.410400 0.456543
vt 0.415527 0.456543
vt 0.411377 0.456543
vt 0.411865 0.456543
vt 0.413818 0.456543
vt 0.426025 0.457031
vt 0.416260 0.457031
vt 0.450928 0.457031
vt 0.414551 0.457031
vt 0.447510 0.455078
vt 0.464600 0.457031
vt 0.460938 0.454590
vt 0.486816 0.457031
vt 0.412842 0.457031
vt 0.413818 0.457520
vt 0.412598 0.457031
vt 0.413086 0.457520
vt 0.412354 0.457031
vt 0.412598 0.457520
vt 0.411377 0.457031
vt 0.412109 0.457520
vt 0.411133 0.457520
vt 0.409424 0.457520
vt 0.414062 0.457520
vt 0.411865 0.457520
vt 0.413818 0.458008
vt 0.416504 0.457520
vt 0.410645 0.457520
vt 0.416260 0.458008
vt 0.420166 0.457520
vt 0.412842 0.458008
vt 0.411133 0.458008
vt 0.415283 0.458496
vt 0.413818 0.458984
vt 0.418701 0.458496
vt 0.417969 0.459473
vt 0.416260 0.460938
vt 0.422363 0.458984
vt 0.432617 0.457520
vt 0.421631 0.461426
vt 0.420166 0.462891
vt 0.430176 0.460938
vt 0.428467 0.463867
vt 0.427002 0.465820
vt 0.440186 0.461426
vt 0.454102 0.457520
vt 0.438965 0.465820
vt 0.437744 0.468750
vt 0.451416 0.462402
vt 0.464355 0.461426
vt 0.474121 0.457520
vt 0.450928 0.467285
vt 0.474854 0.462402
vt 0.462158 0.466309
vt 0.449951 0.470215
vt 0.437256 0.473633
vt 0.462402 0.472168
vt 0.437744 0.480957
vt 0.450684 0.478516
vt 0.438721 0.484375
vt 0.452393 0.487305
vt 0.438721 0.491211
vt 0.453613 0.490723
vt 0.452637 0.498047
vt 0.463135 0.482910
vt 0.465088 0.492676
vt 0.465820 0.496094
vt 0.450439 0.505127
vt 0.465576 0.502197
vt 0.475342 0.496094
vt 0.448975 0.518066
vt 0.473145 0.484863
vt 0.476074 0.499512
vt 0.473145 0.471191
vt 0.464600 0.508789
vt 0.473633 0.466797
vt 0.481689 0.467285
vt 0.482910 0.462402
vt 0.488525 0.457520
vt 0.481201 0.471680
vt 0.490967 0.466797
vt 0.491455 0.462402
vt 0.500977 0.457520
vt 0.480957 0.485352
vt 0.490723 0.471680
vt 0.481689 0.497070
vt 0.490234 0.482910
vt 0.490479 0.494629
vt 0.500000 0.471191
vt 0.500000 0.467285
vt 0.500488 0.462402
vt 0.499512 0.480957
vt 0.509766 0.462891
vt 0.514160 0.458008
vt 0.499268 0.492188
vt 0.509277 0.481934
vt 0.509766 0.471191
vt 0.509766 0.467285
vt 0.519043 0.483398
vt 0.519531 0.472656
vt 0.519043 0.467773
vt 0.519043 0.462891
vt 0.527832 0.457520
vt 0.530273 0.471680
vt 0.528809 0.466797
vt 0.528320 0.462402
vt 0.538086 0.461426
vt 0.543945 0.458496
vt 0.539551 0.466309
vt 0.549316 0.461426
vt 0.554199 0.458496
vt 0.551270 0.464844
vt 0.557617 0.460938
vt 0.559570 0.463379
vt 0.562988 0.460449
vt 0.562500 0.457520
vt 0.565430 0.461914
vt 0.569336 0.458984
vt 0.571289 0.457520
vt 0.570801 0.460449
vt 0.566895 0.463867
vt 0.575195 0.458496
vt 0.560547 0.466309
vt 0.572754 0.461426
vt 0.552246 0.468750
vt 0.569824 0.467773
vt 0.541016 0.470215
vt 0.562500 0.471191
vt 0.552734 0.475098
vt 0.541016 0.478516
vt 0.529297 0.481445
vt 0.552246 0.482910
vt 0.539551 0.489746
vt 0.528320 0.495117
vt 0.563965 0.477051
vt 0.552246 0.486328
vt 0.573242 0.471680
vt 0.564941 0.479980
vt 0.574219 0.474121
vt 0.539062 0.494629
vt 0.565430 0.488770
vt 0.551758 0.495605
vt 0.527344 0.499023
vt 0.576660 0.481934
vt 0.537598 0.500977
vt 0.566895 0.500732
vt 0.550781 0.505615
vt 0.580566 0.493164
vt 0.537598 0.507812
vt 0.526367 0.504150
vt 0.516113 0.505127
vt 0.518066 0.500244
vt 0.518555 0.497070
vt 0.506836 0.510742
vt 0.508301 0.494629
vt 0.507812 0.497559
vt 0.499268 0.495605
vt 0.507324 0.504395
vt 0.499268 0.503418
vt 0.490723 0.498047
vt 0.499268 0.510986
vt 0.491455 0.504395
vt 0.482178 0.501465
vt 0.491943 0.511475
vt 0.476562 0.505615
vt 0.483398 0.506348
vt 0.476807 0.510742
vt 0.463135 0.518066
vt 0.484619 0.511475
vt 0.476562 0.518066
vt 0.485352 0.519043
vt 0.449219 0.526855
vt 0.461914 0.525391
vt 0.476562 0.524902
vt 0.437988 0.528809
vt 0.451904 0.532471
vt 0.429199 0.531982
vt 0.439209 0.533203
vt 0.421387 0.538574
vt 0.431152 0.536377
vt 0.464844 0.530029
vt 0.453613 0.534668
vt 0.442871 0.534912
vt 0.478760 0.530518
vt 0.437500 0.536865
vt 0.469238 0.533691
vt 0.455811 0.536865
vt 0.446289 0.538574
vt 0.457275 0.538818
vt 0.450928 0.541992
vt 0.440430 0.541504
vt 0.444092 0.547607
vt 0.435547 0.545898
vt 0.432373 0.539307
vt 0.441162 0.551758
vt 0.432129 0.550781
vt 0.428467 0.543457
vt 0.426025 0.540771
vt 0.424805 0.550049
vt 0.421631 0.546875
vt 0.429443 0.556396
vt 0.422852 0.558350
vt 0.419189 0.557617
vt 0.422119 0.574463
vt 0.433594 0.588135
vt 0.426270 0.572510
vt 0.428711 0.562256
vt 0.444092 0.593506
vt 0.435303 0.582275
vt 0.432617 0.572754
vt 0.435547 0.565918
vt 0.437012 0.561035
vt 0.442627 0.570068
vt 0.442627 0.577881
vt 0.438477 0.556152
vt 0.444336 0.565674
vt 0.445557 0.561035
vt 0.447754 0.555908
vt 0.451416 0.565918
vt 0.448730 0.574219
vt 0.450195 0.569824
vt 0.443115 0.585693
vt 0.448486 0.583252
vt 0.451660 0.594971
vt 0.455566 0.588135
vt 0.455566 0.578125
vt 0.457031 0.573242
vt 0.458740 0.568848
vt 0.468506 0.562744
vt 0.460205 0.562744
vt 0.453125 0.560791
vt 0.477783 0.558105
vt 0.454834 0.557129
vt 0.468994 0.558350
vt 0.461182 0.558838
vt 0.483398 0.556641
vt 0.478760 0.553467
vt 0.489502 0.551514
vt 0.484375 0.549805
vt 0.495117 0.546387
vt 0.490234 0.545898
vt 0.495361 0.541016
vt 0.485107 0.545166
vt 0.495117 0.536621
vt 0.489990 0.540527
vt 0.482178 0.548340
vt 0.495117 0.532715
vt 0.480713 0.548828
vt 0.489014 0.536133
vt 0.482422 0.544678
vt 0.484375 0.540283
vt 0.481201 0.541260
vt 0.479248 0.544189
vt 0.478027 0.550537
vt 0.469238 0.555908
vt 0.476074 0.546143
vt 0.462158 0.556152
vt 0.471680 0.551758
vt 0.471680 0.545654
vt 0.464844 0.552979
vt 0.473633 0.541260
vt 0.465820 0.545654
vt 0.456299 0.553711
vt 0.458008 0.551270
vt 0.460205 0.545410
vt 0.454102 0.548584
vt 0.451172 0.549561
vt 0.448486 0.552002
vt 0.449463 0.546387
vt 0.453369 0.544678
vt 0.458252 0.541260
vt 0.466553 0.540283
vt 0.467773 0.537598
vt 0.476807 0.538330
vt 0.481445 0.537109
vt 0.488770 0.531982
vt 0.486572 0.526611
vt 0.492920 0.528076
vt 0.492188 0.520020
vt 0.500000 0.528564
vt 0.499512 0.520264
vt 0.506348 0.519775
vt 0.590332 0.483398
vt 0.585449 0.474609
vt 0.596191 0.476562
vt 0.582031 0.469238
vt 0.590332 0.470703
vt 0.610840 0.473633
vt 0.580566 0.467773
vt 0.587402 0.466797
vt 0.601562 0.468750
vt 0.595215 0.464355
vt 0.585449 0.464844
vt 0.576660 0.463379
vt 0.592285 0.462891
vt 0.583984 0.462402
vt 0.590820 0.461426
vt 0.582031 0.460449
vt 0.578125 0.459473
vt 0.586426 0.459961
vt 0.576660 0.458984
vt 0.583496 0.458984
vt 0.581055 0.458496
vt 0.579102 0.458496
vt 0.581055 0.458008
vt 0.585938 0.458008
vt 0.582520 0.457520
vt 0.579590 0.458008
vt 0.577637 0.458008
vt 0.576172 0.457520
vt 0.577148 0.457520
vt 0.578125 0.457520
vt 0.580078 0.457520
vt 0.579102 0.457520
vt 0.577637 0.457520
vt 0.578613 0.457031
vt 0.578125 0.457031
vt 0.576172 0.457031
vt 0.580078 0.457031
vt 0.581543 0.457031
vt 0.577637 0.457031
vt 0.583008 0.457520
vt 0.582520 0.457031
vt 0.585449 0.457031
vt 0.580078 0.456543
vt 0.583008 0.456055
vt 0.578125 0.455566
vt 0.571289 0.455566
vt 0.570312 0.457031
vt 0.553711 0.458496
vt 0.581543 0.454102
vt 0.555664 0.456055
vt 0.534180 0.457520
vt 0.573242 0.453613
vt 0.565918 0.453125
vt 0.575684 0.451172
vt 0.585938 0.455566
vt 0.584473 0.452637
vt 0.587402 0.455566
vt 0.577637 0.448242
vt 0.586426 0.451660
vt 0.588867 0.455566
vt 0.588867 0.458984
vt 0.587891 0.450195
vt 0.588867 0.459961
vt 0.590820 0.454590
vt 0.590332 0.458496
vt 0.592773 0.458496
vt 0.592773 0.452637
vt 0.594238 0.458496
vt 0.596191 0.450684
vt 0.597656 0.458984
vt 0.590820 0.447266
vt 0.604492 0.460449
vt 0.599609 0.449707
vt 0.613281 0.463379
vt 0.604980 0.447754
vt 0.613281 0.448730
vt 0.625488 0.467285
vt 0.625000 0.449707
vt 0.636719 0.450195
vt 0.619141 0.432129
vt 0.631348 0.429199
vt 0.645020 0.426270
vt 0.607422 0.436035
vt 0.608398 0.415039
vt 0.621094 0.409180
vt 0.635254 0.404785
vt 0.608398 0.389648
vt 0.621582 0.382324
vt 0.606445 0.362793
vt 0.594727 0.371094
vt 0.591797 0.399902
vt 0.581055 0.379883
vt 0.589844 0.347168
vt 0.579590 0.356934
vt 0.567383 0.333008
vt 0.559570 0.346191
vt 0.570801 0.364746
vt 0.540039 0.324219
vt 0.537598 0.339355
vt 0.518066 0.321289
vt 0.517090 0.335938
vt 0.495361 0.321289
vt 0.470459 0.322754
vt 0.495117 0.334961
vt 0.533203 0.352051
vt 0.515625 0.349121
vt 0.473389 0.336914
vt 0.496338 0.348633
vt 0.514648 0.362793
vt 0.551758 0.356934
vt 0.530273 0.364258
vt 0.559570 0.371582
vt 0.543945 0.367676
vt 0.563965 0.380371
vt 0.546387 0.378418
vt 0.568848 0.393066
vt 0.530273 0.375977
vt 0.547852 0.389160
vt 0.567871 0.400879
vt 0.514160 0.375000
vt 0.530273 0.387695
vt 0.547363 0.397461
vt 0.515137 0.386719
vt 0.585938 0.409180
vt 0.529297 0.395508
vt 0.597656 0.423828
vt 0.583008 0.416016
vt 0.564941 0.408203
vt 0.580078 0.422852
vt 0.593262 0.430664
vt 0.545898 0.404785
vt 0.562500 0.415527
vt 0.601562 0.438965
vt 0.597168 0.442383
vt 0.587891 0.435059
vt 0.594238 0.444824
vt 0.576660 0.429199
vt 0.585449 0.438965
vt 0.574707 0.433594
vt 0.583008 0.441406
vt 0.581055 0.443848
vt 0.572754 0.436523
vt 0.579102 0.445801
vt 0.571289 0.439941
vt 0.555176 0.430664
vt 0.556152 0.427246
vt 0.559082 0.420898
vt 0.539551 0.426758
vt 0.544434 0.410645
vt 0.541992 0.422852
vt 0.543457 0.416016
vt 0.529297 0.402832
vt 0.528809 0.408691
vt 0.515137 0.394531
vt 0.515137 0.401367
vt 0.527344 0.413086
vt 0.526367 0.418945
vt 0.514160 0.411621
vt 0.514648 0.407227
vt 0.525879 0.424316
vt 0.514160 0.417969
vt 0.513672 0.422852
vt 0.525879 0.432129
vt 0.514160 0.430664
vt 0.498779 0.423340
vt 0.498779 0.416992
vt 0.498535 0.411621
vt 0.486084 0.416992
vt 0.498047 0.407227
vt 0.484863 0.412109
vt 0.483643 0.407715
vt 0.498047 0.401367
vt 0.482910 0.401855
vt 0.468994 0.407227
vt 0.467529 0.403320
vt 0.499268 0.430176
vt 0.486816 0.430176
vt 0.499268 0.436035
vt 0.471436 0.437012
vt 0.486816 0.436035
vt 0.456787 0.442383
vt 0.471924 0.441406
vt 0.486572 0.441406
vt 0.443359 0.448730
vt 0.458984 0.452148
vt 0.457520 0.447754
vt 0.471924 0.447266
vt 0.473145 0.452148
vt 0.484863 0.454102
vt 0.487549 0.451172
vt 0.486328 0.446777
vt 0.500977 0.454102
vt 0.501465 0.457031
vt 0.500000 0.446289
vt 0.499512 0.441406
vt 0.500488 0.451172
vt 0.513184 0.446289
vt 0.514160 0.440918
vt 0.512695 0.450684
vt 0.517090 0.454102
vt 0.516113 0.457031
vt 0.536621 0.453613
vt 0.525391 0.451172
vt 0.554199 0.452148
vt 0.540527 0.451660
vt 0.526367 0.446777
vt 0.541992 0.447266
vt 0.556152 0.448242
vt 0.567871 0.449707
vt 0.568848 0.445801
vt 0.556641 0.443359
vt 0.570312 0.442871
vt 0.555664 0.439453
vt 0.555176 0.435547
vt 0.539062 0.433105
vt 0.540527 0.437988
vt 0.525879 0.436523
vt 0.541504 0.442383
vt 0.526367 0.440918
vt 0.514648 0.436035
vt 0.587402 0.638916
vt 0.575195 0.646973
vt 0.588867 0.646240
vt 0.562012 0.651123
vt 0.577148 0.652588
vt 0.566406 0.655273
vt 0.569824 0.659424
vt 0.552246 0.662842
vt 0.558594 0.665039
vt 0.562988 0.666748
vt 0.541016 0.673584
vt 0.548828 0.671875
vt 0.545898 0.681641
vt 0.555176 0.671387
vt 0.561523 0.671387
vt 0.552734 0.678711
vt 0.554199 0.686523
vt 0.560059 0.677246
vt 0.557617 0.690430
vt 0.561035 0.683350
vt 0.564453 0.686035
vt 0.566406 0.685303
vt 0.562988 0.682861
vt 0.568359 0.684082
vt 0.563965 0.677490
vt 0.568359 0.681396
vt 0.565430 0.681885
vt 0.567383 0.677002
vt 0.565918 0.672363
vt 0.569336 0.676758
vt 0.568848 0.673340
vt 0.568359 0.668945
vt 0.574707 0.664062
vt 0.571777 0.670898
vt 0.581543 0.659668
vt 0.578125 0.667969
vt 0.570801 0.674072
vt 0.573730 0.672119
vt 0.584961 0.665527
vt 0.570312 0.676758
vt 0.580078 0.670410
vt 0.572266 0.674561
vt 0.575195 0.673340
vt 0.574219 0.675781
vt 0.571289 0.679932
vt 0.572266 0.676758
vt 0.572754 0.678955
vt 0.578125 0.679443
vt 0.573730 0.677246
vt 0.574219 0.678467
vt 0.582520 0.679443
vt 0.579102 0.678955
vt 0.576660 0.678467
vt 0.580566 0.678467
vt 0.584961 0.678467
vt 0.576172 0.677734
vt 0.580566 0.677246
vt 0.575195 0.676758
vt 0.577148 0.676758
vt 0.576660 0.674805
vt 0.578613 0.675537
vt 0.581055 0.671387
vt 0.583008 0.673584
vt 0.579102 0.676025
vt 0.580566 0.676270
vt 0.583496 0.674805
vt 0.583008 0.674316
vt 0.583008 0.675537
vt 0.583496 0.677002
vt 0.584961 0.675293
vt 0.583496 0.678223
vt 0.584961 0.676514
vt 0.590332 0.674561
vt 0.588867 0.675537
vt 0.587402 0.676514
vt 0.587402 0.677246
vt 0.590820 0.675293
vt 0.597656 0.674072
vt 0.589844 0.674072
vt 0.589355 0.673340
vt 0.598145 0.673584
vt 0.605469 0.674072
vt 0.587891 0.669678
vt 0.597656 0.673096
vt 0.605469 0.673584
vt 0.587402 0.668457
vt 0.596680 0.669189
vt 0.605469 0.672119
vt 0.609375 0.673828
vt 0.609863 0.673096
vt 0.596191 0.668213
vt 0.604980 0.667725
vt 0.594727 0.662598
vt 0.604492 0.666992
vt 0.591797 0.655518
vt 0.604492 0.660400
vt 0.603027 0.651855
vt 0.610352 0.667236
vt 0.609863 0.671631
vt 0.614258 0.671875
vt 0.613281 0.673340
vt 0.618164 0.673584
vt 0.612793 0.673828
vt 0.617676 0.674072
vt 0.621094 0.674072
vt 0.621094 0.674561
vt 0.625000 0.675293
vt 0.627441 0.674316
vt 0.627441 0.675537
vt 0.628906 0.673584
vt 0.622070 0.673096
vt 0.451660 0.405273
vt 0.449219 0.397461
vt 0.465576 0.395996
vt 0.446777 0.389160
vt 0.463867 0.388184
vt 0.481934 0.395020
vt 0.480225 0.387207
vt 0.498047 0.394043
vt 0.497803 0.386719
vt 0.463135 0.376465
vt 0.479980 0.375000
vt 0.497559 0.374512
vt 0.497070 0.362305
vt 0.479736 0.363281
vt 0.476807 0.350098
vt 0.461670 0.365723
vt 0.457764 0.353027
vt 0.443848 0.368652
vt 0.453125 0.340332
vt 0.446289 0.377930
vt 0.437988 0.359375
vt 0.433594 0.370605
vt 0.429199 0.381348
vt 0.421631 0.367676
vt 0.413086 0.358887
vt 0.430664 0.348633
vt 0.383789 0.364746
vt 0.401367 0.349121
vt 0.422363 0.336426
vt 0.363770 0.361328
vt 0.448730 0.326660
vt 0.407227 0.324219
vt 0.382812 0.340332
vt 0.364258 0.337402
vt 0.346191 0.359863
vt 0.327148 0.358398
vt 0.312744 0.377930
vt 0.308838 0.355957
vt 0.300537 0.407227
vt 0.294189 0.378906
vt 0.278076 0.440918
vt 0.283691 0.409180
vt 0.262207 0.472168
vt 0.262451 0.444336
vt 0.267090 0.413086
vt 0.275146 0.380371
vt 0.246826 0.449219
vt 0.255859 0.384766
vt 0.249268 0.417969
vt 0.230347 0.424316
vt 0.231567 0.454102
vt 0.233276 0.480957
vt 0.246948 0.476562
vt 0.222412 0.511963
vt 0.242798 0.504395
vt 0.264404 0.498535
vt 0.245483 0.529541
vt 0.224731 0.534180
vt 0.228027 0.560059
vt 0.206787 0.520996
vt 0.208496 0.538330
vt 0.210083 0.563477
vt 0.200073 0.528076
vt 0.198364 0.540283
vt 0.198120 0.565430
vt 0.196411 0.512939
vt 0.195312 0.525879
vt 0.191650 0.513184
vt 0.184082 0.506348
vt 0.187134 0.515381
vt 0.177979 0.502441
vt 0.177612 0.505615
vt 0.179321 0.510986
vt 0.181396 0.518066
vt 0.175049 0.521729
vt 0.182617 0.523193
vt 0.168945 0.528320
vt 0.176636 0.525635
vt 0.170532 0.531494
vt 0.166626 0.537109
vt 0.177979 0.529297
vt 0.171997 0.534180
vt 0.168335 0.540527
vt 0.174683 0.538086
vt 0.183838 0.527588
vt 0.179810 0.533691
vt 0.188599 0.529053
vt 0.185791 0.532227
vt 0.181030 0.541016
vt 0.188721 0.532715
vt 0.179199 0.542480
vt 0.187500 0.535400
vt 0.184082 0.540283
vt 0.182983 0.548340
vt 0.173462 0.546875
vt 0.179688 0.552979
vt 0.169556 0.542236
vt 0.177368 0.558350
vt 0.163452 0.542480
vt 0.171387 0.552734
vt 0.161133 0.560059
vt 0.161743 0.542725
vt 0.158325 0.557617
vt 0.152710 0.554199
vt 0.155762 0.570312
vt 0.150391 0.567627
vt 0.146240 0.566162
vt 0.150146 0.578857
vt 0.155640 0.580811
vt 0.154541 0.590332
vt 0.154297 0.601318
vt 0.158447 0.590820
vt 0.159424 0.600098
vt 0.160889 0.610596
vt 0.159180 0.582031
vt 0.159546 0.572021
vt 0.164917 0.584473
vt 0.165649 0.575684
vt 0.166748 0.565186
vt 0.163940 0.592529
vt 0.174316 0.569336
vt 0.163574 0.598633
vt 0.170654 0.593750
vt 0.162231 0.605225
vt 0.172729 0.580811
vt 0.165649 0.605225
vt 0.180176 0.574951
vt 0.165527 0.610596
vt 0.177979 0.586914
vt 0.182251 0.564209
vt 0.182129 0.596191
vt 0.183105 0.558594
vt 0.185669 0.585449
vt 0.185669 0.563232
vt 0.186157 0.573730
vt 0.184814 0.552490
vt 0.186523 0.554932
vt 0.186890 0.565430
vt 0.186646 0.550537
vt 0.186279 0.546387
vt 0.188843 0.558350
vt 0.186279 0.539795
vt 0.188721 0.544434
vt 0.189941 0.542969
vt 0.188232 0.565918
vt 0.191528 0.542725
vt 0.190308 0.556396
vt 0.190063 0.565430
vt 0.191162 0.558105
vt 0.193970 0.548096
vt 0.192261 0.559570
vt 0.190918 0.567139
vt 0.195679 0.565186
vt 0.188965 0.572998
vt 0.197510 0.596924
vt 0.187988 0.579590
vt 0.195557 0.625244
vt 0.188110 0.595703
vt 0.189819 0.586426
vt 0.185425 0.604980
vt 0.189941 0.602295
vt 0.190430 0.575195
vt 0.191528 0.584717
vt 0.191895 0.568604
vt 0.193481 0.571045
vt 0.194580 0.595459
vt 0.192627 0.590820
vt 0.191650 0.610107
vt 0.193359 0.621094
vt 0.187134 0.616943
vt 0.192261 0.634766
vt 0.187256 0.636475
vt 0.189941 0.650146
vt 0.184692 0.649414
vt 0.186157 0.666992
vt 0.182007 0.661377
vt 0.183105 0.684814
vt 0.179443 0.679688
vt 0.176636 0.693604
vt 0.175293 0.683350
vt 0.165649 0.697998
vt 0.174194 0.689941
vt 0.164429 0.694336
vt 0.169434 0.686523
vt 0.164062 0.688477
vt 0.158325 0.689209
vt 0.154785 0.688721
vt 0.154053 0.682617
vt 0.158569 0.682861
vt 0.154907 0.673584
vt 0.154175 0.664551
vt 0.159424 0.675049
vt 0.163330 0.682617
vt 0.160278 0.668457
vt 0.168457 0.681641
vt 0.163696 0.676025
vt 0.174683 0.673584
vt 0.167603 0.675049
vt 0.162109 0.664062
vt 0.155029 0.659180
vt 0.167969 0.665283
vt 0.155396 0.655518
vt 0.162354 0.658447
vt 0.155640 0.652588
vt 0.162598 0.654785
vt 0.156128 0.649170
vt 0.162231 0.651367
vt 0.162720 0.641846
vt 0.166870 0.654541
vt 0.165894 0.650635
vt 0.161987 0.630615
vt 0.166992 0.657959
vt 0.170776 0.652588
vt 0.171509 0.655762
vt 0.172607 0.662354
vt 0.178711 0.655273
vt 0.176392 0.650391
vt 0.181274 0.646973
vt 0.178101 0.644775
vt 0.174805 0.647461
vt 0.176270 0.643066
vt 0.173218 0.644287
vt 0.169922 0.649170
vt 0.175049 0.639160
vt 0.167358 0.638672
vt 0.171875 0.639404
vt 0.173340 0.630127
vt 0.169434 0.627441
vt 0.166504 0.628418
vt 0.161255 0.619141
vt 0.165771 0.618164
vt 0.168823 0.621094
vt 0.168335 0.615479
vt 0.171143 0.624756
vt 0.170044 0.618652
vt 0.169434 0.611328
vt 0.170898 0.616455
vt 0.172241 0.622314
vt 0.174805 0.627686
vt 0.174072 0.619141
vt 0.176758 0.635254
vt 0.175049 0.623047
vt 0.176636 0.627930
vt 0.178955 0.635254
vt 0.176392 0.621338
vt 0.182251 0.635010
vt 0.178345 0.626709
vt 0.182251 0.622803
vt 0.181152 0.613525
vt 0.177734 0.619141
vt 0.178711 0.606445
vt 0.176636 0.612549
vt 0.175537 0.615479
vt 0.175659 0.599609
vt 0.173340 0.610352
vt 0.174194 0.606201
vt 0.169922 0.601807
vt 0.169556 0.606689
vt 0.172363 0.614502
s 1
usemtl MI_M_Rashid_v5_Head1.003
f 3/1/1 1/2/2 2/3/3
f 6/4/4 4/5/5 5/6/6
f 9/7/7 7/8/8 8/9/9
f 12/10/10 10/11/11 11/12/12
f 16/13/13 13/13/14 15/13/15
f 19/13/16 14/13/17 17/13/18
f 20/13/19 17/13/18 14/13/17
f 17/13/18 21/13/20 19/13/16
f 17/13/18 20/13/19 21/13/20
f 14/13/17 22/13/21 20/13/19
f 21/13/20 20/13/19 23/13/22
f 23/13/22 24/13/23 21/13/20
f 25/13/24 20/13/19 22/13/21
f 20/13/19 26/13/25 23/13/22
f 20/13/19 25/13/24 26/13/25
f 23/13/22 27/13/26 24/13/23
f 26/13/25 28/13/27 23/13/22
f 23/13/22 28/13/27 27/13/26
f 25/13/24 29/13/28 26/13/25
f 24/13/23 27/13/26 30/13/29
f 24/13/23 30/13/29 31/13/30
f 33/13/31 32/13/32 31/13/30
f 18/13/33 33/13/31 31/13/30
f 18/13/33 31/13/30 34/13/34
f 34/13/34 36/13/35 18/13/33
f 31/13/30 37/13/36 34/13/34
f 31/13/30 30/13/29 37/13/36
f 22/13/21 38/13/37 35/13/38
f 39/13/39 34/13/34 37/13/36
f 40/13/40 34/13/34 39/13/39
f 40/13/40 35/13/38 41/13/41
f 43/13/42 39/13/39 42/13/43
f 44/13/44 39/13/39 43/13/42
f 44/13/44 45/13/40 39/13/39
f 46/13/45 45/13/40 44/13/44
f 40/13/40 46/13/45 47/13/46
f 48/13/47 47/13/46 46/13/45
f 40/13/40 49/13/48 35/13/38
f 39/13/39 37/13/36 50/13/43
f 35/13/38 49/13/48 51/13/49
f 35/13/38 51/13/49 22/13/21
f 53/13/42 50/13/43 52/13/50
f 50/13/43 54/13/51 52/13/50
f 55/13/52 22/13/21 51/13/49
f 25/13/24 22/13/21 55/13/52
f 57/13/53 56/13/54 54/13/51
f 58/13/50 54/13/51 56/13/54
f 55/13/52 59/13/55 25/13/24
f 59/13/55 29/13/28 25/13/24
f 55/13/52 51/13/49 60/13/56
f 59/13/55 55/13/52 60/13/56
f 61/13/57 51/13/49 49/13/48
f 61/13/57 60/13/56 51/13/49
f 61/13/57 49/13/48 62/13/58
f 63/13/59 61/13/57 62/13/58
f 60/13/56 61/13/57 64/13/60
f 64/13/60 61/13/57 65/13/61
f 64/13/60 65/13/61 66/13/62
f 60/13/56 64/13/60 67/13/63
f 59/13/55 60/13/56 67/13/63
f 68/13/64 64/13/60 66/13/62
f 68/13/64 67/13/63 64/13/60
f 68/13/64 66/13/62 69/13/65
f 67/13/63 70/13/66 59/13/55
f 68/13/64 70/13/66 67/13/63
f 69/13/65 71/13/67 68/13/64
f 71/13/67 70/13/66 68/13/64
f 72/13/68 71/13/67 69/13/65
f 73/13/69 59/13/55 70/13/66
f 73/13/69 29/13/28 59/13/55
f 70/13/66 71/13/67 74/13/70
f 70/13/66 74/13/70 73/13/69
f 71/13/67 72/13/68 75/13/71
f 75/13/71 74/13/70 71/13/67
f 76/13/72 75/13/71 72/13/68
f 77/13/73 73/13/69 74/13/70
f 73/13/69 77/13/73 29/13/28
f 75/13/71 76/13/72 78/13/74
f 79/13/75 78/13/74 76/13/72
f 74/13/70 75/13/71 80/13/76
f 78/13/74 80/13/76 75/13/71
f 77/13/73 74/13/70 81/13/77
f 80/13/76 81/13/77 74/13/70
f 81/13/77 82/13/78 77/13/73
f 29/13/28 77/13/73 82/13/78
f 81/13/77 80/13/76 83/13/79
f 83/13/79 82/13/78 81/13/77
f 80/13/76 78/13/74 84/13/80
f 84/13/80 83/13/79 80/13/76
f 78/13/74 79/13/75 85/13/81
f 85/13/81 84/13/80 78/13/74
f 86/13/82 85/13/81 79/13/75
f 86/13/82 87/13/83 85/13/81
f 83/13/79 84/13/80 88/13/84
f 83/13/79 88/13/84 82/13/78
f 89/13/85 85/13/81 87/13/83
f 90/13/86 89/13/85 87/13/83
f 84/13/80 85/13/81 91/13/87
f 89/13/85 91/13/87 85/13/81
f 91/13/87 88/13/84 84/13/80
f 90/13/86 92/13/88 89/13/85
f 89/13/85 92/13/88 91/13/87
f 93/13/89 92/13/88 90/13/86
f 94/13/90 91/13/87 92/13/88
f 91/13/87 94/13/90 88/13/84
f 93/13/89 95/13/91 92/13/88
f 95/13/91 94/13/90 92/13/88
f 96/13/92 95/13/91 93/13/89
f 97/13/93 88/13/84 94/13/90
f 95/13/91 96/13/92 98/13/94
f 96/13/92 99/13/95 98/13/94
f 95/13/91 100/13/96 94/13/90
f 98/13/94 100/13/96 95/13/91
f 94/13/90 100/13/96 97/13/93
f 101/13/97 98/13/94 99/13/95
f 102/13/98 101/13/97 99/13/95
f 98/13/94 103/13/99 100/13/96
f 101/13/97 103/13/99 98/13/94
f 104/13/100 97/13/93 100/13/96
f 100/13/96 103/13/99 104/13/100
f 105/13/101 88/13/84 97/13/93
f 97/13/93 104/13/100 105/13/101
f 88/13/84 105/13/101 82/13/78
f 104/13/100 106/13/102 105/13/101
f 104/13/100 103/13/99 106/13/102
f 105/13/101 107/13/103 82/13/78
f 105/13/101 106/13/102 107/13/103
f 29/13/28 82/13/78 107/13/103
f 106/13/102 103/13/99 108/13/104
f 106/13/102 108/13/104 107/13/103
f 101/13/97 109/13/105 103/13/99
f 109/13/105 108/13/104 103/13/99
f 110/13/106 109/13/105 101/13/97
f 101/13/97 102/13/98 110/13/106
f 111/13/107 110/13/106 102/13/98
f 110/13/106 112/13/108 109/13/105
f 112/13/108 108/13/104 109/13/105
f 110/13/106 111/13/107 113/13/109
f 113/13/109 112/13/108 110/13/106
f 114/13/110 113/13/109 111/13/107
f 112/13/108 115/13/111 108/13/104
f 113/13/109 114/13/110 116/13/112
f 117/13/113 116/13/112 114/13/110
f 113/13/109 118/13/114 112/13/108
f 116/13/112 118/13/114 113/13/109
f 115/13/111 112/13/108 119/13/115
f 118/13/114 119/13/115 112/13/108
f 108/13/104 115/13/111 120/13/116
f 115/13/111 119/13/115 120/13/116
f 107/13/103 108/13/104 120/13/116
f 121/13/117 119/13/115 118/13/114
f 121/13/117 118/13/114 116/13/112
f 119/13/115 122/13/118 120/13/116
f 122/13/118 119/13/115 121/13/117
f 123/13/119 116/13/112 117/13/113
f 116/13/112 123/13/119 121/13/117
f 124/13/120 123/13/119 117/13/113
f 125/13/121 121/13/117 123/13/119
f 125/13/121 122/13/118 121/13/117
f 124/13/120 126/13/122 123/13/119
f 123/13/119 126/13/122 125/13/121
f 127/13/123 126/13/122 124/13/120
f 125/13/121 128/13/124 122/13/118
f 126/13/122 127/13/123 129/13/125
f 130/13/126 129/13/125 127/13/123
f 131/13/127 125/13/121 126/13/122
f 126/13/122 129/13/125 131/13/127
f 125/13/121 131/13/127 128/13/124
f 129/13/125 130/13/126 132/13/128
f 130/13/126 133/13/129 132/13/128
f 134/13/130 131/13/127 129/13/125
f 129/13/125 132/13/128 134/13/130
f 135/13/131 128/13/124 131/13/127
f 131/13/127 134/13/130 135/13/131
f 128/13/124 136/13/132 122/13/118
f 122/13/118 136/13/132 120/13/116
f 128/13/124 135/13/131 137/13/133
f 136/13/132 128/13/124 137/13/133
f 136/13/132 138/13/134 120/13/116
f 138/13/134 107/13/103 120/13/116
f 138/13/134 139/13/135 107/13/103
f 138/13/134 136/13/132 139/13/135
f 29/13/28 107/13/103 139/13/135
f 29/13/28 139/13/135 26/13/25
f 26/13/25 139/13/135 28/13/27
f 140/13/136 139/13/135 136/13/132
f 136/13/132 137/13/133 140/13/136
f 139/13/135 141/13/137 28/13/27
f 140/13/136 141/13/137 139/13/135
f 142/13/138 140/13/136 137/13/133
f 135/13/131 142/13/138 137/13/133
f 140/13/136 143/13/139 141/13/137
f 140/13/136 142/13/138 143/13/139
f 144/13/140 142/13/138 135/13/131
f 144/13/140 135/13/131 134/13/130
f 144/13/140 145/13/141 142/13/138
f 134/13/130 146/13/142 144/13/140
f 145/13/141 144/13/140 146/13/142
f 146/13/142 134/13/130 132/13/128
f 145/13/141 147/13/143 142/13/138
f 147/13/143 143/13/139 142/13/138
f 148/13/144 145/13/141 146/13/142
f 145/13/141 148/13/144 147/13/143
f 132/13/128 149/13/145 146/13/142
f 148/13/144 146/13/142 149/13/145
f 149/13/145 132/13/128 133/13/129
f 147/13/143 148/13/144 150/13/146
f 150/13/146 143/13/139 147/13/143
f 151/13/147 149/13/145 133/13/129
f 133/13/129 152/13/148 151/13/147
f 149/13/145 153/13/149 148/13/144
f 154/13/150 151/13/147 152/13/148
f 152/13/148 155/13/151 154/13/150
f 156/13/152 149/13/145 151/13/147
f 156/13/152 153/13/149 149/13/145
f 154/13/150 157/13/153 151/13/147
f 157/13/153 156/13/152 151/13/147
f 154/13/150 155/13/151 158/13/154
f 159/13/155 158/13/154 155/13/151
f 160/13/156 158/13/154 159/13/155
f 157/13/153 154/13/150 161/13/157
f 161/13/157 154/13/150 158/13/154
f 157/13/153 161/13/157 156/13/152
f 158/13/154 160/13/156 162/13/158
f 161/13/157 158/13/154 162/13/158
f 160/13/156 163/13/159 162/13/158
f 164/13/160 156/13/152 161/13/157
f 161/13/157 162/13/158 164/13/160
f 156/13/152 164/13/160 153/13/149
f 165/13/161 162/13/158 163/13/159
f 162/13/158 165/13/161 164/13/160
f 166/13/162 153/13/149 164/13/160
f 164/13/160 165/13/161 166/13/162
f 153/13/149 166/13/162 167/13/163
f 148/13/144 153/13/149 167/13/163
f 148/13/144 167/13/163 150/13/146
f 166/13/162 165/13/161 168/13/164
f 168/13/164 167/13/163 166/13/162
f 165/13/161 163/13/159 169/13/165
f 165/13/161 169/13/165 168/13/164
f 170/13/166 169/13/165 163/13/159
f 150/13/146 167/13/163 171/13/167
f 170/13/166 172/13/168 169/13/165
f 173/13/169 172/13/168 170/13/166
f 150/13/146 171/13/167 174/13/170
f 150/13/146 174/13/170 143/13/139
f 172/13/168 173/13/169 175/13/171
f 175/13/171 173/13/169 176/13/172
f 143/13/139 174/13/170 177/13/173
f 178/13/174 175/13/171 176/13/172
f 176/13/172 179/13/175 178/13/174
f 177/13/173 141/13/137 143/13/139
f 180/13/176 178/13/174 179/13/175
f 179/13/175 181/13/177 180/13/176
f 175/13/171 178/13/174 182/13/178
f 178/13/174 180/13/176 182/13/178
f 172/13/168 175/13/171 182/13/178
f 183/13/179 180/13/176 181/13/177
f 183/13/179 181/13/177 184/13/180
f 172/13/168 182/13/178 185/13/181
f 172/13/168 185/13/181 169/13/165
f 186/13/182 182/13/178 180/13/176
f 186/13/182 185/13/181 182/13/178
f 187/13/183 169/13/165 185/13/181
f 168/13/164 169/13/165 187/13/183
f 186/13/182 188/13/184 185/13/181
f 185/13/181 188/13/184 187/13/183
f 189/13/185 186/13/182 180/13/176
f 183/13/179 189/13/185 180/13/176
f 190/13/186 188/13/184 186/13/182
f 186/13/182 189/13/185 190/13/186
f 191/13/187 189/13/185 183/13/179
f 192/13/188 191/13/187 183/13/179
f 192/13/188 183/13/179 184/13/180
f 184/13/180 193/13/189 192/13/188
f 191/13/187 194/13/190 189/13/185
f 191/13/187 192/13/188 194/13/190
f 190/13/186 189/13/185 194/13/190
f 193/13/189 195/13/191 192/13/188
f 195/13/191 194/13/190 192/13/188
f 193/13/189 196/13/192 195/13/191
f 196/13/192 197/13/193 195/13/191
f 195/13/191 198/13/194 194/13/190
f 194/13/190 198/13/194 190/13/186
f 199/13/195 195/13/191 197/13/193
f 195/13/191 199/13/195 198/13/194
f 197/13/193 200/13/196 199/13/195
f 199/13/195 201/13/197 198/13/194
f 201/13/197 199/13/195 200/13/196
f 202/13/198 190/13/186 198/13/194
f 202/13/198 198/13/194 201/13/197
f 203/13/199 190/13/186 202/13/198
f 190/13/186 203/13/199 188/13/184
f 202/13/198 201/13/197 204/13/200
f 204/13/200 203/13/199 202/13/198
f 201/13/197 200/13/196 205/13/201
f 205/13/201 204/13/200 201/13/197
f 205/13/201 200/13/196 206/13/202
f 206/13/202 207/13/203 205/13/201
f 208/13/204 203/13/199 204/13/200
f 208/13/204 209/13/205 203/13/199
f 204/13/200 205/13/201 210/13/206
f 210/13/206 208/13/204 204/13/200
f 211/13/207 205/13/201 207/13/203
f 210/13/206 205/13/201 211/13/207
f 207/13/203 212/13/208 211/13/207
f 212/13/208 213/13/209 211/13/207
f 211/13/207 213/13/209 214/13/210
f 211/13/207 214/13/210 210/13/206
f 215/13/211 214/13/210 213/13/209
f 215/13/211 216/13/212 214/13/210
f 217/13/213 210/13/206 214/13/210
f 208/13/204 210/13/206 217/13/213
f 218/13/214 214/13/210 216/13/212
f 218/13/214 217/13/213 214/13/210
f 218/13/214 216/13/212 219/13/215
f 208/13/204 217/13/213 220/13/216
f 218/13/214 219/13/215 221/13/217
f 222/13/218 221/13/217 219/13/215
f 217/13/213 218/13/214 223/13/219
f 223/13/219 220/13/216 217/13/213
f 221/13/217 224/13/220 218/13/214
f 223/13/219 218/13/214 224/13/220
f 221/13/217 222/13/218 225/13/221
f 221/13/217 225/13/221 224/13/220
f 226/13/222 225/13/221 222/13/218
f 223/13/219 224/13/220 227/13/223
f 220/13/216 223/13/219 227/13/223
f 229/13/224 224/13/220 225/13/221
f 229/13/224 227/13/223 224/13/220
f 225/13/221 226/13/222 230/13/225
f 225/13/221 230/13/225 229/13/224
f 231/13/226 230/13/225 226/13/222
f 232/13/227 229/13/224 230/13/225
f 230/13/225 231/13/226 233/13/228
f 230/13/225 233/13/228 232/13/227
f 231/13/226 234/13/229 233/13/228
f 232/13/227 233/13/228 235/13/230
f 232/13/227 235/13/230 236/13/224
f 228/13/231 236/13/224 235/13/230
f 228/13/231 235/13/230 237/13/232
f 238/13/233 233/13/228 234/13/229
f 238/13/233 235/13/230 233/13/228
f 239/13/234 238/13/233 234/13/229
f 220/13/216 227/13/223 240/13/235
f 238/13/233 239/13/234 241/13/236
f 242/13/237 241/13/236 239/13/234
f 235/13/230 238/13/233 243/13/238
f 243/13/238 240/13/235 235/13/230
f 241/13/236 244/13/239 238/13/233
f 243/13/238 238/13/233 244/13/239
f 245/13/240 241/13/236 242/13/237
f 245/13/240 244/13/239 241/13/236
f 246/13/241 245/13/240 242/13/237
f 247/13/242 244/13/239 245/13/240
f 245/13/240 246/13/241 247/13/242
f 244/13/239 247/13/242 243/13/238
f 248/13/243 247/13/242 246/13/241
f 249/13/244 247/13/242 248/13/243
f 243/13/238 247/13/242 250/13/245
f 249/13/244 251/13/246 247/13/242
f 250/13/245 247/13/242 251/13/246
f 252/13/247 243/13/238 250/13/245
f 252/13/247 240/13/235 243/13/238
f 253/13/248 252/13/247 250/13/245
f 251/13/246 253/13/248 250/13/245
f 240/13/235 252/13/247 254/13/249
f 253/13/248 254/13/249 252/13/247
f 220/13/216 240/13/235 254/13/249
f 251/13/246 255/13/250 253/13/248
f 253/13/248 255/13/250 254/13/249
f 208/13/204 220/13/216 256/13/251
f 220/13/216 254/13/249 256/13/251
f 255/13/250 251/13/246 257/13/252
f 255/13/250 258/13/253 254/13/249
f 255/13/250 257/13/252 258/13/253
f 254/13/249 259/13/254 256/13/251
f 258/13/253 259/13/254 254/13/249
f 188/13/184 203/13/199 256/13/251
f 260/13/255 256/13/251 259/13/254
f 261/13/256 188/13/184 256/13/251
f 260/13/255 261/13/256 256/13/251
f 260/13/255 259/13/254 262/13/257
f 259/13/254 258/13/253 262/13/257
f 263/13/258 261/13/256 260/13/255
f 260/13/255 262/13/257 264/13/259
f 264/13/259 263/13/258 265/13/260
f 188/13/184 261/13/256 266/13/261
f 187/13/183 188/13/184 266/13/261
f 267/13/262 261/13/256 263/13/258
f 261/13/256 267/13/262 266/13/261
f 266/13/261 268/13/263 187/13/183
f 268/13/263 266/13/261 267/13/262
f 168/13/164 187/13/183 268/13/263
f 263/13/258 269/13/264 267/13/262
f 168/13/164 268/13/263 270/13/265
f 168/13/164 270/13/265 167/13/163
f 268/13/263 267/13/262 271/13/266
f 271/13/266 270/13/265 268/13/263
f 269/13/264 271/13/266 267/13/262
f 171/13/167 167/13/163 270/13/265
f 271/13/266 272/13/267 270/13/265
f 273/13/268 270/13/265 272/13/267
f 270/13/265 273/13/268 171/13/167
f 272/13/267 274/13/269 273/13/268
f 276/13/270 275/13/271 271/13/266
f 269/13/264 276/13/270 271/13/266
f 278/13/272 269/13/264 263/13/258
f 276/13/270 269/13/264 278/13/272
f 278/13/272 279/13/273 276/13/270
f 278/13/272 263/13/258 264/13/259
f 278/13/272 264/13/259 280/13/274
f 281/13/275 280/13/274 264/13/259
f 283/13/276 282/13/277 277/13/278
f 282/13/277 283/13/276 274/13/269
f 281/13/275 284/13/279 283/13/276
f 274/13/269 283/13/276 284/13/279
f 281/13/275 264/13/259 285/13/280
f 284/13/279 281/13/275 286/13/281
f 285/13/280 286/13/281 281/13/275
f 287/13/282 285/13/280 264/13/259
f 287/13/282 264/13/259 262/13/257
f 262/13/257 288/13/283 287/13/282
f 288/13/283 262/13/257 258/13/253
f 285/13/280 287/13/282 289/13/284
f 287/13/282 288/13/283 289/13/284
f 288/13/283 258/13/253 290/13/285
f 290/13/285 289/13/284 288/13/283
f 257/13/252 290/13/285 258/13/253
f 289/13/284 291/13/286 285/13/280
f 289/13/284 290/13/285 291/13/286
f 285/13/280 291/13/286 286/13/281
f 290/13/285 257/13/252 292/13/287
f 290/13/285 292/13/287 291/13/286
f 286/13/281 291/13/286 293/13/288
f 293/13/288 291/13/286 292/13/287
f 286/13/281 293/13/288 294/13/289
f 286/13/281 294/13/289 284/13/279
f 295/13/290 294/13/289 293/13/288
f 296/13/291 284/13/279 294/13/289
f 296/13/291 274/13/269 284/13/279
f 293/13/288 297/13/292 295/13/290
f 293/13/288 292/13/287 297/13/292
f 295/13/290 298/13/293 294/13/289
f 295/13/290 297/13/292 298/13/293
f 298/13/293 296/13/291 294/13/289
f 292/13/287 299/13/294 297/13/292
f 274/13/269 296/13/291 300/13/295
f 300/13/295 273/13/268 274/13/269
f 297/13/292 299/13/294 301/13/296
f 298/13/293 297/13/292 301/13/296
f 300/13/295 302/13/297 273/13/268
f 301/13/296 141/13/137 298/13/293
f 303/13/298 273/13/268 302/13/297
f 303/13/298 171/13/167 273/13/268
f 171/13/167 303/13/298 174/13/170
f 177/13/173 174/13/170 303/13/298
f 304/13/299 303/13/298 302/13/297
f 177/13/173 303/13/298 304/13/299
f 302/13/297 300/13/295 304/13/299
f 304/13/299 141/13/137 177/13/173
f 296/13/291 304/13/299 300/13/295
f 296/13/291 305/13/300 304/13/299
f 296/13/291 298/13/293 305/13/300
f 305/13/300 141/13/137 304/13/299
f 305/13/300 298/13/293 141/13/137
f 301/13/296 306/13/301 141/13/137
f 306/13/301 301/13/296 299/13/294
f 28/13/27 141/13/137 306/13/301
f 307/13/302 28/13/27 306/13/301
f 307/13/302 27/13/26 28/13/27
f 308/13/303 307/13/302 306/13/301
f 308/13/303 306/13/301 299/13/294
f 27/13/26 307/13/302 308/13/303
f 308/13/303 299/13/294 309/13/304
f 299/13/294 292/13/287 309/13/304
f 310/13/305 27/13/26 308/13/303
f 311/13/306 309/13/304 292/13/287
f 257/13/252 311/13/306 292/13/287
f 257/13/252 251/13/246 311/13/306
f 311/13/306 251/13/246 249/13/244
f 308/13/303 309/13/304 312/13/307
f 310/13/305 308/13/303 312/13/307
f 309/13/304 311/13/306 313/13/308
f 312/13/307 309/13/304 313/13/308
f 312/13/307 313/13/308 314/13/53
f 315/13/309 311/13/306 249/13/244
f 315/13/309 313/13/308 311/13/306
f 316/13/310 315/13/309 249/13/244
f 313/13/308 315/13/309 317/13/311
f 318/13/53 313/13/308 317/13/311
f 319/13/312 317/13/311 315/13/309
f 319/13/312 315/13/309 321/13/313
f 322/13/314 318/13/53 317/13/311
f 322/13/314 323/13/315 318/13/53
f 323/13/315 322/13/314 324/13/316
f 322/13/314 317/13/311 325/13/312
f 319/13/312 325/13/312 317/13/311
f 326/13/317 324/13/316 322/13/314
f 326/13/317 322/13/314 325/13/312
f 324/13/316 326/13/317 327/13/318
f 328/13/319 325/13/312 319/13/312
f 328/13/319 326/13/317 325/13/312
f 329/13/320 327/13/318 326/13/317
f 328/13/319 329/13/320 326/13/317
f 330/13/321 327/13/318 329/13/320
f 330/13/321 329/13/320 331/13/322
f 328/13/319 319/13/312 332/13/323
f 329/13/320 328/13/319 332/13/323
f 332/13/323 331/13/322 329/13/320
f 332/13/323 319/13/312 321/13/313
f 331/13/322 332/13/323 333/13/324
f 321/13/313 333/13/324 332/13/323
f 320/13/325 334/13/244 335/13/326
f 336/13/243 335/13/326 334/13/244
f 312/13/307 337/13/53 338/13/327
f 54/13/51 338/13/327 337/13/53
f 339/13/328 312/13/307 338/13/327
f 339/13/328 310/13/305 312/13/307
f 54/13/51 340/13/329 338/13/327
f 340/13/329 54/13/51 50/13/43
f 50/13/43 37/13/36 340/13/329
f 30/13/29 340/13/329 37/13/36
f 341/13/330 338/13/327 340/13/329
f 30/13/29 341/13/330 340/13/329
f 341/13/330 339/13/328 338/13/327
f 30/13/29 27/13/26 341/13/330
f 341/13/330 342/13/331 339/13/328
f 342/13/331 341/13/330 27/13/26
f 342/13/331 310/13/305 339/13/328
f 342/13/331 27/13/26 310/13/305
f 345/14/332 343/15/333 344/16/334
f 344/16/334 343/15/333 346/17/335
f 346/17/335 347/18/336 348/19/337
f 343/15/333 349/20/338 346/17/335
f 347/18/336 350/21/339 351/22/340
f 343/15/333 352/23/341 349/20/338
f 353/24/342 350/21/339 347/18/336
f 346/17/335 353/24/342 347/18/336
f 353/24/342 346/17/335 349/20/338
f 350/21/339 353/24/342 354/25/343
f 355/26/344 354/25/343 353/24/342
f 356/27/345 355/26/344 353/24/342
f 357/28/346 356/27/345 353/24/342
f 359/29/347 358/30/348 357/28/346
f 353/24/342 359/29/347 357/28/346
f 361/31/349 359/29/347 360/32/350
f 360/32/350 359/29/347 353/24/342
f 363/33/351 360/32/350 362/34/352
f 360/32/350 353/24/342 362/34/352
f 362/34/352 353/24/342 364/35/353
f 362/34/352 364/35/353 365/36/354
f 353/24/342 349/20/338 364/35/353
f 364/35/353 349/20/338 366/37/355
f 368/38/356 366/37/355 367/39/357
f 369/40/358 366/37/355 349/20/338
f 369/40/358 349/20/338 352/23/341
f 366/37/355 370/41/359 367/39/357
f 367/39/357 370/41/359 371/42/360
f 372/43/361 371/42/360 370/41/359
f 374/44/362 373/45/363 372/43/361
f 374/44/362 372/43/361 375/46/364
f 375/46/364 372/43/361 370/41/359
f 376/47/365 374/44/362 375/46/364
f 366/37/355 377/48/366 370/41/359
f 377/48/366 375/46/364 370/41/359
f 366/37/355 369/40/358 377/48/366
f 375/46/364 378/49/367 376/47/365
f 375/46/364 377/48/366 378/49/367
f 379/50/368 377/48/366 369/40/358
f 377/48/366 379/50/368 380/51/369
f 377/48/366 380/51/369 378/49/367
f 381/52/370 379/50/368 369/40/358
f 380/51/369 381/52/370 382/53/371
f 382/53/371 381/52/370 369/40/358
f 380/51/369 382/53/371 378/49/367
f 352/23/341 382/53/371 369/40/358
f 378/49/367 383/54/372 376/47/365
f 382/53/371 383/54/372 378/49/367
f 384/55/373 376/47/365 383/54/372
f 352/23/341 385/56/374 382/53/371
f 382/53/371 385/56/374 383/54/372
f 386/57/375 385/56/374 352/23/341
f 386/57/375 387/58/376 385/56/374
f 383/54/372 385/56/374 388/59/377
f 388/59/377 384/55/373 383/54/372
f 384/55/373 388/59/377 389/60/378
f 392/11/379 390/10/380 391/61/381
f 392/11/379 391/61/381 393/62/382
f 393/62/382 394/63/383 395/64/384
f 395/64/384 396/65/385 393/62/382
f 392/11/379 393/62/382 396/65/385
f 397/66/386 396/65/385 395/64/384
f 392/11/379 396/65/385 398/67/387
f 398/67/387 399/12/388 392/11/379
f 400/68/389 398/67/387 396/65/385
f 399/12/388 398/67/387 400/68/389
f 396/65/385 397/66/386 401/69/390
f 401/69/390 400/68/389 396/65/385
f 400/68/389 402/70/391 399/12/388
f 402/70/391 403/10/392 399/12/388
f 402/70/391 404/71/393 403/10/392
f 402/70/391 400/68/389 404/71/393
f 403/10/392 404/71/393 405/72/394
f 406/73/395 405/72/394 404/71/393
f 407/74/396 404/71/393 400/68/389
f 404/71/393 407/74/396 406/73/395
f 407/74/396 400/68/389 401/69/390
f 407/74/396 408/75/397 406/73/395
f 408/75/397 407/74/396 401/69/390
f 409/76/398 401/69/390 397/66/386
f 409/76/398 408/75/397 401/69/390
f 397/66/386 410/77/399 409/76/398
f 411/78/400 408/75/397 409/76/398
f 409/76/398 410/77/399 412/79/401
f 413/80/402 408/75/397 411/78/400
f 412/79/401 414/81/403 409/76/398
f 411/78/400 409/76/398 414/81/403
f 413/80/402 415/82/404 408/75/397
f 413/80/402 411/78/400 415/82/404
f 408/75/397 415/82/404 416/83/405
f 416/83/405 415/82/404 417/84/406
f 418/85/407 417/84/406 415/82/404
f 418/85/407 415/82/404 411/78/400
f 417/84/406 418/85/407 419/86/408
f 418/85/407 411/78/400 420/87/409
f 420/87/409 411/78/400 414/81/403
f 420/87/409 419/86/408 418/85/407
f 420/87/409 414/81/403 419/86/408
f 412/79/401 419/86/408 414/81/403
f 412/79/401 421/88/410 419/86/408
f 412/79/401 410/77/399 421/88/410
f 422/89/411 419/86/408 421/88/410
f 421/88/410 410/77/399 423/90/412
f 424/91/413 419/86/408 422/89/411
f 424/91/413 425/92/414 419/86/408
f 419/86/408 425/92/414 426/93/415
f 422/89/411 427/94/416 424/91/413
f 427/94/416 425/92/414 424/91/413
f 425/92/414 428/95/417 426/93/415
f 425/92/414 427/94/416 428/95/417
f 426/93/415 428/95/417 429/96/418
f 427/94/416 422/89/411 430/97/419
f 427/94/416 430/97/419 428/95/417
f 422/89/411 421/88/410 431/98/420
f 431/98/420 430/97/419 422/89/411
f 423/90/412 431/98/420 421/88/410
f 428/95/417 430/97/419 432/99/421
f 432/99/421 430/97/419 431/98/420
f 429/96/418 428/95/417 432/99/421
f 431/98/420 423/90/412 432/99/421
f 429/96/418 432/99/421 423/90/412
f 433/100/422 429/96/418 423/90/412
f 434/101/423 429/96/418 433/100/422
f 429/96/418 434/101/423 435/102/424
f 436/103/425 433/100/422 423/90/412
f 434/101/423 433/100/422 437/104/426
f 436/103/425 437/104/426 433/100/422
f 436/103/425 423/90/412 438/105/427
f 438/105/427 437/104/426 436/103/425
f 423/90/412 439/106/428 438/105/427
f 410/77/399 439/106/428 423/90/412
f 440/107/429 439/106/428 410/77/399
f 438/105/427 441/108/430 437/104/426
f 442/109/431 439/106/428 440/107/429
f 441/108/430 443/110/432 437/104/426
f 434/101/423 437/104/426 443/110/432
f 440/107/429 444/111/433 442/109/431
f 434/101/423 443/110/432 445/112/434
f 434/101/423 445/112/434 435/102/424
f 446/113/435 443/110/432 441/108/430
f 445/112/434 443/110/432 446/113/435
f 441/108/430 438/105/427 446/113/435
f 438/105/427 439/106/428 446/113/435
f 446/113/435 447/114/436 445/112/434
f 447/114/436 446/113/435 439/106/428
f 435/102/424 445/112/434 447/114/436
f 442/109/431 447/114/436 439/106/428
f 435/102/424 447/114/436 448/115/437
f 449/116/438 435/102/424 448/115/437
f 435/102/424 449/116/438 450/117/439
f 451/118/440 448/115/437 447/114/436
f 452/119/441 449/116/438 448/115/437
f 452/119/441 448/115/437 451/118/440
f 447/114/436 453/120/442 451/118/440
f 452/119/441 451/118/440 454/121/443
f 453/120/442 454/121/443 451/118/440
f 447/114/436 455/122/444 453/120/442
f 454/121/443 453/120/442 455/122/444
f 442/109/431 455/122/444 447/114/436
f 454/121/443 456/123/445 452/119/441
f 456/123/445 454/121/443 455/122/444
f 456/123/445 457/124/446 452/119/441
f 457/124/446 449/116/438 452/119/441
f 456/123/445 458/125/447 457/124/446
f 457/124/446 458/125/447 449/116/438
f 458/125/447 456/123/445 459/126/448
f 459/126/448 456/123/445 455/122/444
f 449/116/438 458/125/447 460/127/449
f 458/125/447 459/126/448 460/127/449
f 449/116/438 460/127/449 450/117/439
f 461/128/450 459/126/448 455/122/444
f 460/127/449 459/126/448 461/128/450
f 461/128/450 455/122/444 462/129/451
f 462/129/451 455/122/444 442/109/431
f 460/127/449 461/128/450 463/130/452
f 463/130/452 461/128/450 462/129/451
f 460/127/449 463/130/452 450/117/439
f 442/109/431 464/131/453 462/129/451
f 442/109/431 444/111/433 464/131/453
f 465/132/454 463/130/452 462/129/451
f 462/129/451 464/131/453 465/132/454
f 463/130/452 466/133/455 450/117/439
f 466/133/455 463/130/452 465/132/454
f 450/117/439 466/133/455 467/134/456
f 468/135/457 450/117/439 467/134/456
f 469/136/458 466/133/455 465/132/454
f 469/136/458 465/132/454 470/137/459
f 464/131/453 470/137/459 465/132/454
f 466/133/455 469/136/458 471/138/460
f 470/137/459 472/139/461 469/136/458
f 472/139/461 471/138/460 469/136/458
f 473/140/462 470/137/459 464/131/453
f 471/138/460 474/141/463 466/133/455
f 466/133/455 474/141/463 467/134/456
f 475/142/464 470/137/459 473/140/462
f 470/137/459 475/142/464 472/139/461
f 473/140/462 464/131/453 476/143/465
f 477/144/466 472/139/461 475/142/464
f 478/145/467 476/143/465 464/131/453
f 464/131/453 444/111/433 478/145/467
f 479/146/468 478/145/467 444/111/433
f 480/147/469 475/142/464 473/140/462
f 480/147/469 473/140/462 476/143/465
f 481/148/470 477/144/466 475/142/464
f 481/148/470 475/142/464 480/147/469
f 472/139/461 477/144/466 482/149/471
f 472/139/461 482/149/471 471/138/460
f 483/150/472 477/144/466 481/148/470
f 471/138/460 482/149/471 484/151/473
f 471/138/460 484/151/473 474/141/463
f 485/152/474 482/149/471 477/144/466
f 477/144/466 483/150/472 485/152/474
f 484/151/473 482/149/471 486/153/475
f 474/141/463 484/151/473 486/153/475
f 482/149/471 485/152/474 487/154/476
f 487/154/476 486/153/475 482/149/471
f 488/155/477 487/154/476 485/152/474
f 485/152/474 483/150/472 488/155/477
f 489/156/478 487/154/476 488/155/477
f 489/156/478 488/155/477 483/150/472
f 490/157/479 486/153/475 487/154/476
f 490/157/479 487/154/476 489/156/478
f 486/153/475 491/158/480 474/141/463
f 491/158/480 486/153/475 490/157/479
f 491/158/480 492/159/481 474/141/463
f 490/157/479 492/159/481 491/158/480
f 467/134/456 474/141/463 492/159/481
f 489/156/478 493/160/482 490/157/479
f 490/157/479 493/160/482 492/159/481
f 493/160/482 489/156/478 483/150/472
f 492/159/481 493/160/482 467/134/456
f 494/161/483 493/160/482 483/150/472
f 494/161/483 467/134/456 493/160/482
f 481/148/470 494/161/483 483/150/472
f 481/148/470 480/147/469 494/161/483
f 494/161/483 468/135/457 467/134/456
f 468/135/457 494/161/483 480/147/469
f 480/147/469 495/162/484 468/135/457
f 495/162/484 480/147/469 496/163/485
f 496/163/485 480/147/469 476/143/465
f 497/164/486 468/135/457 495/162/484
f 498/165/487 496/163/485 476/143/465
f 498/165/487 476/143/465 478/145/467
f 496/163/485 499/166/488 495/162/484
f 468/135/457 497/164/486 500/167/489
f 500/167/489 501/168/490 468/135/457
f 495/162/484 502/169/491 497/164/486
f 502/169/491 495/162/484 499/166/488
f 500/167/489 497/164/486 503/170/492
f 502/169/491 503/170/492 497/164/486
f 504/171/493 501/168/490 500/167/489
f 500/167/489 503/170/492 505/172/494
f 504/171/493 500/167/489 505/172/494
f 502/169/491 506/173/495 503/170/492
f 507/174/496 501/168/490 504/171/493
f 508/175/497 503/170/492 506/173/495
f 505/172/494 503/170/492 508/175/497
f 509/176/498 501/168/490 507/174/496
f 510/177/499 504/171/493 505/172/494
f 504/171/493 510/177/499 507/174/496
f 505/172/494 508/175/497 511/178/500
f 505/172/494 511/178/500 510/177/499
f 508/175/497 506/173/495 512/179/501
f 512/179/501 511/178/500 508/175/497
f 512/179/501 506/173/495 513/180/502
f 512/179/501 513/180/502 511/178/500
f 502/169/491 514/181/503 506/173/495
f 513/180/502 506/173/495 514/181/503
f 499/166/488 514/181/503 502/169/491
f 513/180/502 514/181/503 515/182/504
f 499/166/488 515/182/504 514/181/503
f 515/182/504 511/178/500 513/180/502
f 499/166/488 496/163/485 515/182/504
f 496/163/485 498/165/487 515/182/504
f 515/182/504 498/165/487 511/178/500
f 511/178/500 498/165/487 510/177/499
f 510/177/499 498/165/487 478/145/467
f 507/174/496 510/177/499 478/145/467
f 507/174/496 478/145/467 516/183/505
f 478/145/467 479/146/468 516/183/505
f 516/183/505 479/146/468 517/184/506
f 516/183/505 518/185/507 507/174/496
f 517/184/506 519/186/508 516/183/505
f 507/174/496 518/185/507 520/187/509
f 509/176/498 507/174/496 520/187/509
f 518/185/507 516/183/505 521/188/510
f 516/183/505 519/186/508 521/188/510
f 518/185/507 522/189/511 520/187/509
f 521/188/510 523/190/512 518/185/507
f 518/185/507 523/190/512 522/189/511
f 524/191/513 521/188/510 519/186/508
f 521/188/510 525/192/514 523/190/512
f 525/192/514 521/188/510 524/191/513
f 526/193/515 522/189/511 523/190/512
f 523/190/512 525/192/514 527/194/516
f 523/190/512 527/194/516 526/193/515
f 528/195/517 525/192/514 524/191/513
f 529/196/518 526/193/515 527/194/516
f 524/191/513 530/197/519 528/195/517
f 519/186/508 530/197/519 524/191/513
f 529/196/518 531/198/520 526/193/515
f 531/198/520 522/189/511 526/193/515
f 532/199/521 531/198/520 529/196/518
f 522/189/511 531/198/520 533/200/522
f 534/201/523 532/199/521 529/196/518
f 532/199/521 535/202/524 531/198/520
f 534/201/523 535/202/524 532/199/521
f 533/200/522 531/198/520 535/202/524
f 534/201/523 529/196/518 536/203/525
f 529/196/518 527/194/516 536/203/525
f 537/204/526 535/202/524 534/201/523
f 534/201/523 536/203/525 537/204/526
f 535/202/524 538/205/527 533/200/522
f 537/204/526 538/205/527 535/202/524
f 522/189/511 533/200/522 539/205/528
f 539/205/528 533/200/522 538/205/527
f 539/205/528 540/206/529 522/189/511
f 538/205/527 540/206/529 539/205/528
f 520/187/509 522/189/511 540/206/529
f 541/207/530 540/206/529 538/205/527
f 541/207/530 520/187/509 540/206/529
f 541/207/530 538/205/527 537/204/526
f 509/176/498 520/187/509 541/207/530
f 537/204/526 509/176/498 541/207/530
f 509/176/498 537/204/526 542/208/531
f 542/208/531 537/204/526 536/203/525
f 542/208/531 543/209/532 509/176/498
f 543/209/532 542/208/531 544/210/533
f 536/203/525 544/210/533 542/208/531
f 545/211/534 544/210/533 536/203/525
f 527/194/516 545/211/534 536/203/525
f 525/192/514 545/211/534 527/194/516
f 525/192/514 546/212/535 545/211/534
f 528/195/517 546/212/535 525/192/514
f 547/213/536 545/211/534 546/212/535
f 546/212/535 528/195/517 548/214/537
f 549/215/538 545/211/534 547/213/536
f 549/215/538 550/216/539 545/211/534
f 547/213/536 546/212/535 551/217/540
f 548/214/537 551/217/540 546/212/535
f 549/215/538 552/218/541 550/216/539
f 552/218/541 553/219/542 550/216/539
f 554/220/543 553/219/542 552/218/541
f 549/215/538 547/213/536 555/221/544
f 552/218/541 549/215/538 555/221/544
f 551/217/540 556/222/545 547/213/536
f 556/222/545 555/221/544 547/213/536
f 556/222/545 551/217/540 557/223/546
f 555/221/544 556/222/545 557/223/546
f 557/223/546 551/217/540 558/224/547
f 558/224/547 551/217/540 559/225/548
f 548/214/537 559/225/548 551/217/540
f 557/223/546 558/224/547 560/226/549
f 559/225/548 560/226/549 558/224/547
f 561/227/550 555/221/544 557/223/546
f 560/226/549 561/227/550 557/223/546
f 561/227/550 562/228/551 555/221/544
f 562/228/551 552/218/541 555/221/544
f 561/227/550 563/229/552 562/228/551
f 561/227/550 560/226/549 563/229/552
f 562/228/551 564/230/553 552/218/541
f 562/228/551 563/229/552 564/230/553
f 560/226/549 559/225/548 565/231/554
f 548/214/537 565/231/554 559/225/548
f 566/232/555 563/229/552 560/226/549
f 565/231/554 566/232/555 560/226/549
f 563/229/552 566/232/555 567/233/556
f 567/233/556 564/230/553 563/229/552
f 568/234/557 566/232/555 565/231/554
f 568/234/557 567/233/556 566/232/555
f 565/231/554 548/214/537 569/235/558
f 568/234/557 565/231/554 569/235/558
f 569/235/558 548/214/537 528/195/517
f 567/233/556 568/234/557 570/236/559
f 570/236/559 568/234/557 569/235/558
f 564/230/553 567/233/556 570/236/559
f 530/197/519 569/235/558 528/195/517
f 570/236/559 569/235/558 571/237/560
f 571/237/560 569/235/558 530/197/519
f 564/230/553 570/236/559 571/237/560
f 572/238/561 564/230/553 571/237/560
f 552/218/541 564/230/553 572/238/561
f 554/220/543 552/218/541 572/238/561
f 571/237/560 530/197/519 573/239/562
f 571/237/560 573/239/562 572/238/561
f 554/220/543 572/238/561 573/239/562
f 573/239/562 530/197/519 519/186/508
f 573/239/562 519/186/508 574/240/563
f 517/184/506 574/240/563 519/186/508
f 575/241/564 574/240/563 517/184/506
f 554/220/543 573/239/562 576/242/565
f 574/240/563 575/241/564 577/243/566
f 575/241/564 578/244/567 577/243/566
f 576/242/565 579/245/568 554/220/543
f 580/246/569 554/220/543 579/245/568
f 579/245/568 581/247/570 580/246/569
f 581/247/570 582/248/571 580/246/569
f 581/247/570 583/249/572 582/248/571
f 584/250/573 583/249/572 581/247/570
f 579/245/568 585/251/574 581/247/570
f 579/245/568 576/242/565 585/251/574
f 584/250/573 581/247/570 586/252/575
f 586/252/575 581/247/570 585/251/574
f 586/252/575 587/253/576 584/250/573
f 586/252/575 585/251/574 588/254/577
f 587/253/576 586/252/575 588/254/577
f 585/251/574 576/242/565 589/255/578
f 588/254/577 585/251/574 590/256/579
f 591/257/580 585/251/574 589/255/578
f 591/257/580 590/256/579 585/251/574
f 589/255/578 576/242/565 592/258/581
f 589/255/578 592/258/581 591/257/580
f 576/242/565 593/259/582 592/258/581
f 593/259/582 576/242/565 573/239/562
f 591/257/580 592/258/581 594/260/583
f 590/256/579 591/257/580 594/260/583
f 595/261/584 592/258/581 593/259/582
f 595/261/584 593/259/582 573/239/562
f 592/258/581 595/261/584 594/260/583
f 595/261/584 573/239/562 574/240/563
f 596/262/585 590/256/579 594/260/583
f 595/261/584 596/262/585 594/260/583
f 588/254/577 590/256/579 597/263/586
f 597/263/586 590/256/579 596/262/585
f 588/254/577 597/263/586 587/253/576
f 595/261/584 598/264/587 596/262/585
f 597/263/586 596/262/585 598/264/587
f 595/261/584 574/240/563 598/264/587
f 599/265/588 597/263/586 598/264/587
f 574/240/563 599/265/588 598/264/587
f 587/253/576 597/263/586 599/265/588
f 574/240/563 577/243/566 599/265/588
f 587/253/576 599/265/588 600/266/589
f 587/253/576 600/266/589 584/250/573
f 601/267/590 600/266/589 599/265/588
f 601/267/590 599/265/588 577/243/566
f 600/266/589 602/268/591 584/250/573
f 600/266/589 601/267/590 602/268/591
f 602/268/591 603/269/592 584/250/573
f 604/270/593 584/250/573 603/269/592
f 601/267/590 605/271/594 602/268/591
f 577/243/566 605/271/594 601/267/590
f 602/268/591 606/272/595 603/269/592
f 605/271/594 607/273/596 602/268/591
f 607/273/596 606/272/595 602/268/591
f 606/272/595 608/274/597 603/269/592
f 607/273/596 609/275/598 606/272/595
f 608/274/597 606/272/595 609/275/598
f 608/274/597 610/276/599 603/269/592
f 609/275/598 610/276/599 608/274/597
f 604/270/593 603/269/592 610/276/599
f 610/276/599 611/277/600 604/270/593
f 611/277/600 610/276/599 612/278/601
f 607/273/596 613/279/602 609/275/598
f 613/279/602 610/276/599 609/275/598
f 614/280/603 613/279/602 607/273/596
f 605/271/594 614/280/603 607/273/596
f 613/279/602 615/281/604 610/276/599
f 614/280/603 615/281/604 613/279/602
f 612/278/601 610/276/599 615/281/604
f 616/282/605 615/281/604 614/280/603
f 615/281/604 616/282/605 612/278/601
f 605/271/594 616/282/605 614/280/603
f 617/283/606 612/278/601 616/282/605
f 616/282/605 605/271/594 617/283/606
f 617/283/606 605/271/594 577/243/566
f 617/283/606 577/243/566 618/284/607
f 618/284/607 577/243/566 578/244/567
f 578/244/567 619/285/608 618/284/607
f 620/286/609 619/285/608 578/244/567
f 618/284/607 621/287/610 617/283/606
f 620/286/609 622/288/611 619/285/608
f 622/288/611 620/286/609 623/289/612
f 625/290/613 624/291/614 623/289/612
f 626/292/615 623/289/612 624/291/614
f 622/288/611 623/289/612 626/292/615
f 624/291/614 627/293/616 626/292/615
f 628/294/617 626/292/615 627/293/616
f 629/295/618 622/288/611 626/292/615
f 630/296/619 629/295/618 626/292/615
f 631/297/620 622/288/611 629/295/618
f 629/295/618 630/296/619 632/298/621
f 629/295/618 632/298/621 631/297/620
f 633/299/622 632/298/621 630/296/619
f 631/297/620 634/300/623 622/288/611
f 634/300/623 631/297/620 632/298/621
f 635/301/624 632/298/621 633/299/622
f 635/301/624 634/300/623 632/298/621
f 633/299/622 636/302/625 635/301/624
f 636/302/625 637/303/626 635/301/624
f 635/301/624 637/303/626 634/300/623
f 634/300/623 637/303/626 638/304/627
f 634/300/623 638/304/627 622/288/611
f 638/304/627 619/285/608 622/288/611
f 638/304/627 639/305/628 619/285/608
f 640/306/629 639/305/628 638/304/627
f 641/307/630 640/306/629 638/304/627
f 641/307/630 642/308/631 640/306/629
f 643/309/632 619/285/608 639/305/628
f 639/305/628 640/306/629 643/309/632
f 644/310/633 640/306/629 642/308/631
f 640/306/629 644/310/633 643/309/632
f 644/310/633 642/308/631 645/311/634
f 644/310/633 645/311/634 646/312/635
f 647/313/636 643/309/632 644/310/633
f 644/310/633 646/312/635 647/313/636
f 648/314/637 643/309/632 647/313/636
f 648/314/637 649/315/638 643/309/632
f 648/314/637 647/313/636 649/315/638
f 643/309/632 649/315/638 619/285/608
f 646/312/635 649/315/638 647/313/636
f 619/285/608 649/315/638 618/284/607
f 618/284/607 649/315/638 621/287/610
f 646/312/635 650/316/639 649/315/638
f 650/316/639 621/287/610 649/315/638
f 646/312/635 651/317/640 650/316/639
f 621/287/610 650/316/639 652/318/641
f 646/312/635 653/319/642 651/317/640
f 651/317/640 654/320/643 650/316/639
f 654/320/643 652/318/641 650/316/639
f 651/317/640 653/319/642 654/320/643
f 655/321/644 653/319/642 646/312/635
f 654/320/643 656/322/645 652/318/641
f 654/320/643 653/319/642 656/322/645
f 621/287/610 652/318/641 657/323/646
f 652/318/641 656/322/645 657/323/646
f 617/283/606 621/287/610 657/323/646
f 658/324/647 657/323/646 656/322/645
f 656/322/645 653/319/642 658/324/647
f 617/283/606 657/323/646 659/325/648
f 658/324/647 659/325/648 657/323/646
f 659/325/648 660/326/649 617/283/606
f 661/327/650 658/324/647 653/319/642
f 659/325/648 658/324/647 661/327/650
f 662/328/651 661/327/650 653/319/642
f 661/327/650 662/328/651 659/325/648
f 659/325/648 662/328/651 660/326/649
f 662/328/651 653/319/642 655/321/644
f 660/326/649 662/328/651 655/321/644
f 665/329/652 663/330/653 664/331/654
f 663/330/653 665/329/652 666/332/655
f 668/333/656 667/334/657 665/329/652
f 669/335/658 666/332/655 665/329/652
f 667/334/657 669/335/658 665/329/652
f 666/332/655 669/335/658 670/336/659
f 666/332/655 670/336/659 671/337/660
f 669/335/658 667/334/657 672/338/661
f 669/335/658 673/339/662 670/336/659
f 669/335/658 672/338/661 673/339/662
f 672/338/661 667/334/657 674/340/663
f 674/340/663 667/334/657 675/341/664
f 675/341/664 676/342/665 674/340/663
f 677/343/666 672/338/661 674/340/663
f 677/343/666 674/340/663 676/342/665
f 672/338/661 677/343/666 673/339/662
f 676/342/665 678/344/667 677/343/666
f 677/343/666 678/344/667 673/339/662
f 679/345/668 678/344/667 676/342/665
f 678/344/667 679/345/668 680/346/669
f 680/346/669 673/339/662 678/344/667
f 680/346/669 679/345/668 681/347/670
f 681/347/670 673/339/662 680/346/669
f 670/336/659 673/339/662 682/348/671
f 673/339/662 681/347/670 682/348/671
f 682/348/671 671/337/660 670/336/659
f 683/349/672 682/348/671 681/347/670
f 683/349/672 681/347/670 684/350/673
f 685/351/674 684/350/673 681/347/670
f 686/352/675 682/348/671 683/349/672
f 683/349/672 684/350/673 686/352/675
f 684/350/673 685/351/674 687/353/676
f 686/352/675 684/350/673 687/353/676
f 688/354/677 687/353/676 685/351/674
f 687/353/676 688/354/677 689/355/678
f 686/352/675 687/353/676 689/355/678
f 689/355/678 688/354/677 690/8/679
f 686/352/675 691/356/680 682/348/671
f 691/356/680 671/337/660 682/348/671
f 686/352/675 689/355/678 692/357/681
f 686/352/675 692/357/681 691/356/680
f 693/358/682 692/357/681 689/355/678
f 693/358/682 689/355/678 690/8/679
f 693/358/682 694/359/683 692/357/681
f 694/359/683 693/358/682 690/8/679
f 695/360/684 691/356/680 692/357/681
f 692/357/681 694/359/683 695/360/684
f 691/356/680 696/361/685 671/337/660
f 695/360/684 696/361/685 691/356/680
f 697/362/686 671/337/660 696/361/685
f 694/359/683 698/363/687 695/360/684
f 696/361/685 699/364/688 697/362/686
f 700/365/689 697/362/686 699/364/688
f 701/366/690 698/363/687 694/359/683
f 694/359/683 690/8/679 701/366/690
f 698/363/687 702/367/691 695/360/684
f 698/363/687 701/366/690 702/367/691
f 702/367/691 696/361/685 695/360/684
f 703/368/692 701/366/690 690/8/679
f 701/366/690 703/368/692 702/367/691
f 703/368/692 690/8/679 704/7/693
f 705/369/694 703/368/692 704/7/693
f 703/368/692 705/369/694 702/367/691
f 705/369/694 704/7/693 706/9/695
f 707/370/696 702/367/691 705/369/694
f 706/9/695 707/370/696 705/369/694
f 696/361/685 702/367/691 708/371/697
f 707/370/696 708/371/697 702/367/691
f 708/371/697 707/370/696 706/9/695
f 708/371/697 699/364/688 696/361/685
f 706/9/695 709/372/698 708/371/697
f 710/373/699 699/364/688 708/371/697
f 709/372/698 710/373/699 708/371/697
f 706/9/695 711/374/700 709/372/698
f 712/375/701 710/373/699 709/372/698
f 711/374/700 712/375/701 709/372/698
f 713/376/702 711/374/700 706/9/695
f 712/375/701 711/374/700 714/377/703
f 714/377/703 711/374/700 713/376/702
f 713/376/702 706/9/695 715/378/704
f 713/376/702 715/378/704 714/377/703
f 716/379/705 715/378/704 706/9/695
f 715/378/704 716/379/705 717/380/706
f 717/380/706 714/377/703 715/378/704
f 718/381/707 717/380/706 716/379/705
f 719/382/708 714/377/703 717/380/706
f 717/380/706 718/381/707 719/382/708
f 719/382/708 712/375/701 714/377/703
f 720/383/709 719/382/708 718/381/707
f 720/383/709 718/381/707 721/384/710
f 712/375/701 719/382/708 722/385/711
f 719/382/708 720/383/709 722/385/711
f 710/373/699 712/375/701 722/385/711
f 720/383/709 721/384/710 722/385/711
f 722/385/711 723/386/712 710/373/699
f 722/385/711 721/384/710 723/386/712
f 699/364/688 710/373/699 723/386/712
f 723/386/712 721/384/710 724/387/713
f 725/388/714 699/364/688 723/386/712
f 699/364/688 725/388/714 700/365/689
f 700/365/689 725/388/714 726/389/715
f 724/387/713 721/384/710 727/390/716
f 727/390/716 721/384/710 728/391/717
f 729/392/718 723/386/712 724/387/713
f 723/386/712 729/392/718 725/388/714
f 727/390/716 730/393/719 724/387/713
f 731/394/720 729/392/718 724/387/713
f 724/387/713 730/393/719 731/394/720
f 732/395/721 729/392/718 731/394/720
f 730/393/719 732/395/721 731/394/720
f 727/390/716 733/396/722 730/393/719
f 733/396/722 732/395/721 730/393/719
f 727/390/716 728/391/717 733/396/722
f 729/392/718 732/395/721 734/397/723
f 732/395/721 733/396/722 734/397/723
f 725/388/714 729/392/718 734/397/723
f 735/398/724 733/396/722 728/391/717
f 735/398/724 734/397/723 733/396/722
f 736/399/725 735/398/724 728/391/717
f 734/397/723 735/398/724 736/399/725
f 737/400/726 725/388/714 734/397/723
f 736/399/725 737/400/726 734/397/723
f 725/388/714 737/400/726 738/401/727
f 738/401/727 726/389/715 725/388/714
f 737/400/726 736/399/725 739/402/728
f 726/389/715 738/401/727 740/403/729
f 741/404/730 726/389/715 740/403/729
f 738/401/727 737/400/726 742/405/731
f 739/402/728 742/405/731 737/400/726
f 743/406/732 740/403/729 738/401/727
f 743/406/732 738/401/727 742/405/731
f 744/407/733 739/402/728 736/399/725
f 745/408/734 744/407/733 736/399/725
f 744/407/733 746/409/735 739/402/728
f 745/408/734 747/410/736 744/407/733
f 746/409/735 744/407/733 747/410/736
f 748/411/737 739/402/728 746/409/735
f 739/402/728 748/411/737 742/405/731
f 748/411/737 746/409/735 749/412/738
f 747/410/736 749/412/738 746/409/735
f 750/413/739 742/405/731 748/411/737
f 750/413/739 748/411/737 749/412/738
f 742/405/731 750/413/739 751/414/740
f 751/414/740 743/406/732 742/405/731
f 750/413/739 749/412/738 752/415/741
f 752/415/741 751/414/740 750/413/739
f 747/410/736 753/416/742 749/412/738
f 753/416/742 752/415/741 749/412/738
f 754/417/743 747/410/736 745/408/734
f 754/417/743 753/416/742 747/410/736
f 754/417/743 745/408/734 755/418/744
f 752/415/741 753/416/742 756/419/745
f 753/416/742 754/417/743 756/419/745
f 756/419/745 751/414/740 752/415/741
f 756/419/745 754/417/743 755/418/744
f 743/406/732 751/414/740 756/419/745
f 756/419/745 755/418/744 757/420/746
f 757/420/746 743/406/732 756/419/745
f 758/421/747 740/403/729 743/406/732
f 758/421/747 743/406/732 759/422/748
f 760/423/749 759/422/748 743/406/732
f 761/424/750 760/423/749 743/406/732
f 759/422/748 762/425/751 758/421/747
f 759/422/748 760/423/749 762/425/751
f 760/423/749 761/424/750 763/426/752
f 761/424/750 764/427/753 763/426/752
f 763/426/752 764/427/753 765/428/754
f 762/425/751 760/423/749 766/429/755
f 760/423/749 763/426/752 766/429/755
f 766/429/755 767/430/756 762/425/751
f 767/430/756 758/421/747 762/425/751
f 766/429/755 763/426/752 768/431/757
f 763/426/752 765/428/754 768/431/757
f 769/432/758 767/430/756 766/429/755
f 766/429/755 768/431/757 769/432/758
f 765/428/754 770/433/759 768/431/757
f 770/433/759 765/428/754 771/434/760
f 772/435/761 769/432/758 768/431/757
f 772/435/761 768/431/757 770/433/759
f 771/434/760 773/436/762 770/433/759
f 773/436/762 772/435/761 770/433/759
f 774/437/763 773/436/762 771/434/760
f 775/438/764 769/432/758 772/435/761
f 776/439/765 772/435/761 773/436/762
f 775/438/764 772/435/761 776/439/765
f 773/436/762 777/440/766 776/439/765
f 777/440/766 775/438/764 776/439/765
f 775/438/764 778/441/767 769/432/758
f 775/438/764 777/440/766 778/441/767
f 769/432/758 778/441/767 767/430/756
f 758/421/747 767/430/756 778/441/767
f 773/436/762 779/442/768 777/440/766
f 777/440/766 779/442/768 778/441/767
f 778/441/767 779/442/768 758/421/747
f 773/436/762 774/437/763 779/442/768
f 779/442/768 780/443/769 758/421/747
f 774/437/763 780/443/769 779/442/768
f 758/421/747 780/443/769 740/403/729
f 780/443/769 774/437/763 781/444/770
f 774/437/763 782/445/345 781/444/770
f 740/403/729 780/443/769 783/446/771
f 783/446/771 741/404/730 740/403/729
f 741/404/730 783/446/771 784/447/772
f 785/448/773 780/443/769 781/444/770
f 780/443/769 785/448/773 783/446/771
f 782/445/345 786/449/774 781/444/770
f 785/448/773 787/450/775 783/446/771
f 788/451/776 781/444/770 786/449/774
f 789/452/777 785/448/773 781/444/770
f 788/451/776 789/452/777 781/444/770
f 785/448/773 789/452/777 787/450/775
f 788/451/776 786/449/774 790/453/778
f 788/451/776 790/453/778 789/452/777
f 782/445/345 791/454/779 786/449/774
f 786/449/774 791/454/779 790/453/778
f 792/455/780 791/454/779 782/445/345
f 789/452/777 790/453/778 793/456/781
f 789/452/777 793/456/781 787/450/775
f 794/457/782 790/453/778 791/454/779
f 793/456/781 790/453/778 794/457/782
f 795/458/783 794/457/782 791/454/779
f 793/456/781 794/457/782 795/458/783
f 792/455/780 796/459/784 791/454/779
f 795/458/783 791/454/779 796/459/784
f 797/460/785 796/459/784 792/455/780
f 795/458/783 798/461/786 793/456/781
f 795/458/783 796/459/784 798/461/786
f 793/456/781 799/462/787 787/450/775
f 798/461/786 799/462/787 793/456/781
f 783/446/771 787/450/775 799/462/787
f 796/459/784 800/463/788 798/461/786
f 798/461/786 800/463/788 799/462/787
f 796/459/784 797/460/785 800/463/788
f 801/464/789 783/446/771 799/462/787
f 801/464/789 799/462/787 800/463/788
f 801/464/789 800/463/788 797/460/785
f 801/464/789 784/447/772 783/446/771
f 797/460/785 802/465/790 801/464/789
f 784/447/772 801/464/789 803/466/791
f 802/465/790 803/466/791 801/464/789
f 804/467/792 802/465/790 797/460/785
f 797/460/785 805/468/793 804/467/792
f 802/465/790 804/467/792 806/469/794
f 806/469/794 803/466/791 802/465/790
f 807/470/795 804/467/792 805/468/793
f 806/469/794 804/467/792 807/470/795
f 807/470/795 805/468/793 808/471/796
f 807/470/795 808/471/796 806/469/794
f 809/472/797 808/471/796 805/468/793
f 808/471/796 810/473/798 806/469/794
f 809/472/797 810/473/798 808/471/796
f 806/469/794 810/473/798 803/466/791
f 811/474/799 810/473/798 809/472/797
f 810/473/798 811/474/799 803/466/791
f 812/475/800 784/447/772 803/466/791
f 811/474/799 812/475/800 803/466/791
f 784/447/772 812/475/800 813/476/801
f 811/474/799 809/472/797 814/477/802
f 813/476/801 812/475/800 815/478/803
f 814/477/802 809/472/797 816/479/804
f 817/480/805 816/479/804 809/472/797
f 818/481/806 813/476/801 815/478/803
f 817/480/805 819/482/807 816/479/804
f 820/483/808 819/482/807 817/480/805
f 814/477/802 816/479/804 821/484/809
f 819/482/807 821/484/809 816/479/804
f 814/477/802 822/485/810 811/474/799
f 814/477/802 821/484/809 822/485/810
f 811/474/799 822/485/810 812/475/800
f 823/486/811 821/484/809 819/482/807
f 822/485/810 821/484/809 823/486/811
f 823/486/811 819/482/807 824/487/812
f 819/482/807 820/483/808 824/487/812
f 822/485/810 823/486/811 825/488/813
f 824/487/812 825/488/813 823/486/811
f 826/489/814 824/487/812 820/483/808
f 824/487/812 826/489/814 825/488/813
f 826/489/814 820/483/808 827/490/815
f 826/489/814 827/490/815 825/488/813
f 825/488/813 828/491/816 822/485/810
f 812/475/800 822/485/810 828/491/816
f 825/488/813 827/490/815 828/491/816
f 815/478/803 812/475/800 828/491/816
f 828/491/816 827/490/815 815/478/803
f 827/490/815 829/492/817 815/478/803
f 827/490/815 830/493/818 829/492/817
f 830/493/818 831/494/819 829/492/817
f 832/495/820 831/494/819 830/493/818
f 829/492/817 831/494/819 833/496/821
f 815/478/803 829/492/817 833/496/821
f 832/495/820 834/497/822 831/494/819
f 834/497/822 833/496/821 831/494/819
f 832/495/820 835/498/823 834/497/822
f 835/498/823 836/499/824 834/497/822
f 834/497/822 836/499/824 833/496/821
f 837/500/825 836/499/824 835/498/823
f 838/501/826 833/496/821 836/499/824
f 837/500/825 838/501/826 836/499/824
f 838/501/826 815/478/803 833/496/821
f 839/502/827 815/478/803 838/501/826
f 839/502/827 838/501/826 837/500/825
f 840/503/828 815/478/803 839/502/827
f 839/502/827 837/500/825 840/503/828
f 840/503/828 818/481/806 815/478/803
f 840/503/828 837/500/825 841/504/829
f 840/503/828 842/505/830 818/481/806
f 840/503/828 841/504/829 842/505/830
f 843/506/831 818/481/806 842/505/830
f 837/500/825 844/507/832 841/504/829
f 837/500/825 845/508/833 844/507/832
f 844/507/832 846/509/834 841/504/829
f 845/508/833 846/509/834 844/507/832
f 847/510/835 841/504/829 846/509/834
f 847/510/835 842/505/830 841/504/829
f 846/509/834 845/508/833 848/511/836
f 848/511/836 847/510/835 846/509/834
f 848/511/836 845/508/833 849/512/837
f 849/512/837 850/513/838 848/511/836
f 851/514/839 850/513/838 849/512/837
f 850/513/838 852/515/840 848/511/836
f 847/510/835 848/511/836 852/515/840
f 851/514/839 852/515/840 850/513/838
f 852/515/840 853/516/841 847/510/835
f 853/516/841 852/515/840 851/514/839
f 853/516/841 842/505/830 847/510/835
f 854/517/842 842/505/830 853/516/841
f 854/517/842 843/506/831 842/505/830
f 853/516/841 851/514/839 855/518/843
f 853/516/841 855/518/843 854/517/842
f 856/519/844 855/518/843 851/514/839
f 851/514/839 857/520/845 856/519/844
f 856/519/844 858/521/846 855/518/843
f 857/520/845 858/521/846 856/519/844
f 855/518/843 859/522/847 854/517/842
f 855/518/843 858/521/846 859/522/847
f 858/521/846 857/520/845 860/523/848
f 860/523/848 859/522/847 858/521/846
f 860/523/848 857/520/845 861/524/849
f 859/522/847 860/523/848 861/524/849
f 862/525/850 854/517/842 859/522/847
f 862/525/850 859/522/847 861/524/849
f 843/506/831 854/517/842 862/525/850
f 861/524/849 863/526/851 862/525/850
f 862/525/850 864/527/852 843/506/831
f 863/526/851 861/524/849 865/528/853
f 843/506/831 864/527/852 866/529/854
f 861/524/849 867/530/855 865/528/853
f 868/531/856 862/525/850 863/526/851
f 863/526/851 865/528/853 868/531/856
f 864/527/852 862/525/850 868/531/856
f 868/531/856 865/528/853 869/532/857
f 868/531/856 869/532/857 864/527/852
f 865/528/853 867/530/855 869/532/857
f 864/527/852 869/532/857 870/533/858
f 869/532/857 867/530/855 870/533/858
f 870/533/858 866/529/854 864/527/852
f 870/533/858 867/530/855 871/534/859
f 870/533/858 871/534/859 866/529/854
f 872/535/860 871/534/859 867/530/855
f 873/536/861 866/529/854 871/534/859
f 874/537/613 873/536/861 871/534/859
f 877/538/862 875/539/863 876/540/864
f 877/538/862 878/541/865 875/539/863
f 879/542/866 878/541/865 877/538/862
f 878/541/865 880/543/867 875/539/863
f 881/544/868 875/539/863 880/543/867
f 881/544/868 880/543/867 882/545/869
f 878/541/865 879/542/866 883/546/870
f 884/547/871 883/546/870 879/542/866
f 880/543/867 878/541/865 885/548/872
f 880/543/867 885/548/872 882/545/869
f 883/546/870 885/548/872 878/541/865
f 886/549/873 883/546/870 884/547/871
f 887/550/874 882/545/869 885/548/872
f 887/550/874 888/551/875 882/545/869
f 886/549/873 889/552/876 883/546/870
f 885/548/872 883/546/870 890/553/877
f 889/552/876 890/553/877 883/546/870
f 887/550/874 885/548/872 891/554/878
f 885/548/872 890/553/877 891/554/878
f 889/552/876 886/549/873 892/555/879
f 892/555/879 890/553/877 889/552/876
f 893/556/880 892/555/879 886/549/873
f 893/556/880 894/557/881 892/555/879
f 894/557/881 895/558/882 892/555/879
f 890/553/877 896/559/883 891/554/878
f 892/555/879 896/559/883 890/553/877
f 887/550/874 891/554/878 897/560/884
f 897/560/884 891/554/878 896/559/883
f 897/560/884 888/551/875 887/550/874
f 892/555/879 898/561/885 896/559/883
f 895/558/882 898/561/885 892/555/879
f 898/561/885 899/562/886 896/559/883
f 896/559/883 899/562/886 897/560/884
f 898/561/885 895/558/882 900/563/887
f 900/563/887 895/558/882 901/564/888
f 902/565/889 899/562/886 898/561/885
f 898/561/885 900/563/887 902/565/889
f 899/562/886 902/565/889 897/560/884
f 900/563/887 901/564/888 903/566/890
f 900/563/887 903/566/890 902/565/889
f 904/567/891 903/566/890 901/564/888
f 905/568/892 888/551/875 897/560/884
f 905/568/892 906/569/893 888/551/875
f 897/560/884 902/565/889 907/570/894
f 897/560/884 907/570/894 905/568/892
f 905/568/892 908/571/895 906/569/893
f 909/572/896 905/568/892 907/570/894
f 909/572/896 908/571/895 905/568/892
f 910/573/897 906/569/893 908/571/895
f 909/572/896 911/574/898 908/571/895
f 909/572/896 907/570/894 911/574/898
f 910/573/897 908/571/895 911/574/898
f 907/570/894 902/565/889 912/575/713
f 907/570/894 912/575/713 911/574/898
f 913/576/899 912/575/713 902/565/889
f 913/576/899 902/565/889 903/566/890
f 911/574/898 912/575/713 914/577/900
f 911/574/898 914/577/900 910/573/897
f 912/575/713 915/578/901 914/577/900
f 912/575/713 913/576/899 915/578/901
f 914/577/900 915/578/901 916/579/902
f 910/573/897 914/577/900 916/579/902
f 917/580/903 915/578/901 913/576/899
f 916/579/902 915/578/901 918/581/904
f 915/578/901 917/580/903 918/581/904
f 913/576/899 919/582/905 917/580/903
f 913/576/899 903/566/890 919/582/905
f 919/582/905 920/583/906 917/580/903
f 920/583/906 918/581/904 917/580/903
f 921/584/907 919/582/905 903/566/890
f 919/582/905 921/584/907 920/583/906
f 922/585/908 921/584/907 903/566/890
f 922/585/908 903/566/890 904/567/891
f 922/585/908 904/567/891 923/586/909
f 921/584/907 922/585/908 924/587/910
f 924/587/910 920/583/906 921/584/907
f 923/586/909 925/588/911 922/585/908
f 924/587/910 922/585/908 925/588/911
f 925/588/911 923/586/909 926/589/912
f 926/589/912 927/590/913 925/588/911
f 925/588/911 927/590/913 924/587/910
f 928/591/914 927/590/913 926/589/912
f 927/590/913 928/591/914 929/592/915
f 929/592/915 930/593/916 927/590/913
f 931/594/917 924/587/910 927/590/913
f 932/595/918 927/590/913 930/593/916
f 927/590/913 932/595/918 931/594/917
f 930/593/916 933/596/919 932/595/918
f 931/594/917 934/597/920 924/587/910
f 934/597/920 920/583/906 924/587/910
f 931/594/917 935/598/921 934/597/920
f 935/598/921 931/594/917 932/595/918
f 934/597/920 936/599/922 920/583/906
f 935/598/921 936/599/922 934/597/920
f 937/600/923 932/595/918 933/596/919
f 933/596/919 938/601/924 937/600/923
f 935/598/921 932/595/918 939/602/925
f 937/600/923 939/602/925 932/595/918
f 935/598/921 939/602/925 936/599/922
f 940/603/926 937/600/923 938/601/924
f 939/602/925 937/600/923 941/604/927
f 940/603/926 941/604/927 937/600/923
f 942/605/928 936/599/922 939/602/925
f 941/604/927 942/605/928 939/602/925
f 940/603/926 938/601/924 943/606/929
f 943/606/929 941/604/927 940/603/926
f 944/607/930 943/606/929 938/601/924
f 945/608/931 920/583/906 936/599/922
f 942/605/928 945/608/931 936/599/922
f 945/608/931 918/581/904 920/583/906
f 943/606/929 944/607/930 946/609/932
f 947/610/933 946/609/932 944/607/930
f 941/604/927 943/606/929 948/611/934
f 946/609/932 947/610/933 949/612/935
f 950/613/936 949/612/935 947/610/933
f 946/609/932 951/614/937 943/606/929
f 948/611/934 943/606/929 951/614/937
f 946/609/932 949/612/935 951/614/937
f 949/612/935 950/613/936 952/615/938
f 953/616/939 941/604/927 948/611/934
f 953/616/939 948/611/934 951/614/937
f 941/604/927 953/616/939 942/605/928
f 954/617/940 942/605/928 953/616/939
f 942/605/928 954/617/940 945/608/931
f 953/616/939 951/614/937 955/618/941
f 953/616/939 955/618/941 954/617/940
f 956/619/942 945/608/931 954/617/940
f 945/608/931 956/619/942 918/581/904
f 957/620/943 954/617/940 955/618/941
f 954/617/940 957/620/943 956/619/942
f 958/621/944 955/618/941 951/614/937
f 958/621/944 951/614/937 949/612/935
f 955/618/941 959/622/945 957/620/943
f 955/618/941 958/621/944 959/622/945
f 960/623/946 958/621/944 949/612/935
f 952/615/938 960/623/946 949/612/935
f 961/624/947 959/622/945 958/621/944
f 958/621/944 960/623/946 961/624/947
f 960/623/946 952/615/938 962/625/948
f 963/626/949 962/625/948 952/615/938
f 964/627/950 962/625/948 963/626/949
f 961/624/947 960/623/946 965/628/951
f 962/625/948 965/628/951 960/623/946
f 964/627/950 966/629/952 962/625/948
f 962/625/948 966/629/952 965/628/951
f 967/630/953 966/629/952 964/627/950
f 961/624/947 965/628/951 968/631/954
f 961/624/947 968/631/954 959/622/945
f 969/632/955 965/628/951 966/629/952
f 969/632/955 968/631/954 965/628/951
f 968/631/954 970/633/956 959/622/945
f 968/631/954 969/632/955 970/633/956
f 959/622/945 970/633/956 957/620/943
f 971/634/957 966/629/952 967/630/953
f 972/635/958 971/634/957 967/630/953
f 969/632/955 966/629/952 973/636/959
f 971/634/957 973/636/959 966/629/952
f 974/637/960 971/634/957 972/635/958
f 971/634/957 974/637/960 973/636/959
f 975/638/961 974/637/960 972/635/958
f 973/636/959 976/639/962 969/632/955
f 970/633/956 969/632/955 976/639/962
f 977/640/963 973/636/959 974/637/960
f 974/637/960 975/638/961 977/640/963
f 978/641/964 976/639/962 973/636/959
f 977/640/963 978/641/964 973/636/959
f 976/639/962 979/642/965 970/633/956
f 978/641/964 979/642/965 976/639/962
f 977/640/963 975/638/961 980/643/966
f 981/644/967 980/643/966 975/638/961
f 982/645/968 980/643/966 981/644/967
f 978/641/964 977/640/963 983/646/969
f 977/640/963 980/643/966 983/646/969
f 982/645/968 984/647/970 980/643/966
f 983/646/969 980/643/966 984/647/970
f 982/645/968 985/648/971 984/647/970
f 978/641/964 983/646/969 986/649/972
f 986/649/972 979/642/965 978/641/964
f 983/646/969 984/647/970 987/650/973
f 987/650/973 986/649/972 983/646/969
f 988/651/974 984/647/970 985/648/971
f 985/648/971 989/652/975 988/651/974
f 984/647/970 990/653/976 987/650/973
f 988/651/974 990/653/976 984/647/970
f 986/649/972 987/650/973 991/654/977
f 987/650/973 990/653/976 991/654/977
f 992/655/978 988/651/974 989/652/975
f 993/656/979 992/655/978 989/652/975
f 993/656/979 994/657/980 992/655/978
f 988/651/974 995/658/981 990/653/976
f 996/659/982 992/655/978 994/657/980
f 994/657/980 997/660/983 996/659/982
f 998/661/984 988/651/974 992/655/978
f 988/651/974 998/661/984 995/658/981
f 999/662/985 996/659/982 997/660/983
f 999/662/985 997/660/983 1000/663/986
f 996/659/982 1001/664/987 992/655/978
f 992/655/978 1001/664/987 998/661/984
f 996/659/982 999/662/985 1001/664/987
f 998/661/984 1002/665/988 995/658/981
f 1001/664/987 1002/665/988 998/661/984
f 1003/666/989 990/653/976 995/658/981
f 1002/665/988 1003/666/989 995/658/981
f 1003/666/989 991/654/977 990/653/976
f 1001/664/987 1004/667/990 1002/665/988
f 1004/667/990 1003/666/989 1002/665/988
f 1005/668/991 1001/664/987 999/662/985
f 1001/664/987 1005/668/991 1004/667/990
f 999/662/985 1000/663/986 1006/669/992
f 999/662/985 1006/669/992 1005/668/991
f 1007/670/993 1006/669/992 1000/663/986
f 1008/671/994 1006/669/992 1007/670/993
f 1008/671/994 1009/672/995 1006/669/992
f 1006/669/992 1009/672/995 1010/673/996
f 1010/673/996 1005/668/991 1006/669/992
f 1011/674/868 1010/673/996 1009/672/995
f 1010/673/996 1011/674/868 1012/675/869
f 1010/673/996 1012/675/869 1005/668/991
f 1005/668/991 1012/675/869 1004/667/990
f 1004/667/990 1012/675/869 1013/676/997
f 1004/667/990 1013/676/997 1003/666/989
f 1003/666/989 1013/676/997 1014/677/998
f 991/654/977 1003/666/989 1014/677/998
f 1015/678/999 1014/677/998 1013/676/997
f 1015/678/999 1016/679/1000 1014/677/998
f 1016/679/1000 1015/678/999 910/573/897
f 1017/680/1001 991/654/977 1014/677/998
f 1016/679/1000 1017/680/1001 1014/677/998
f 1018/681/1002 991/654/977 1017/680/1001
f 1018/681/1002 986/649/972 991/654/977
f 1016/679/1000 1019/682/1003 1017/680/1001
f 1019/682/1003 1018/681/1002 1017/680/1001
f 1019/682/1003 1016/679/1000 910/573/897
f 986/649/972 1018/681/1002 979/642/965
f 910/573/897 1020/683/1004 1019/682/1003
f 1020/683/1004 1018/681/1002 1019/682/1003
f 1021/684/1005 979/642/965 1018/681/1002
f 1018/681/1002 1020/683/1004 1021/684/1005
f 910/573/897 1022/685/1006 1020/683/1004
f 1020/683/1004 1022/685/1006 1021/684/1005
f 1021/684/1005 1023/686/1007 979/642/965
f 1023/686/1007 1021/684/1005 1022/685/1006
f 979/642/965 1023/686/1007 970/633/956
f 970/633/956 1023/686/1007 957/620/943
f 1023/686/1007 956/619/942 957/620/943
f 910/573/897 1024/687/1008 1022/685/1006
f 1022/685/1006 1024/687/1008 1023/686/1007
f 956/619/942 1023/686/1007 1024/687/1008
f 910/573/897 916/579/902 1024/687/1008
f 1024/687/1008 918/581/904 956/619/942
f 916/579/902 918/581/904 1024/687/1008
f 1027/688/1009 1025/689/1010 1026/690/1011
f 1028/691/1012 1027/688/1009 1026/690/1011
f 1028/691/1012 1026/690/1011 1029/692/1013
f 1028/691/1012 1030/693/1014 1027/688/1009
f 1031/694/1015 1027/688/1009 1030/693/1014
f 1032/695/1016 1028/691/1012 1029/692/1013
f 1030/693/1014 1028/691/1012 1032/695/1016
f 1033/696/1017 1032/695/1016 1029/692/1013
f 1034/697/1018 1033/696/1017 1029/692/1013
f 1034/697/1018 1035/698/1019 1036/699/1020
f 1033/696/1017 1034/697/1018 1036/699/1020
f 1036/699/1020 1037/700/1021 1033/696/1017
f 1037/700/1021 1032/695/1016 1033/696/1017
f 1037/700/1021 1036/699/1020 1038/701/1022
f 1039/702/1023 1032/695/1016 1037/700/1021
f 1030/693/1014 1032/695/1016 1039/702/1023
f 1040/703/1024 1037/700/1021 1038/701/1022
f 1041/704/1025 1040/703/1024 1038/701/1022
f 1037/700/1021 1042/705/1026 1039/702/1023
f 1039/702/1023 1042/705/1026 1030/693/1014
f 1043/706/1027 1037/700/1021 1040/703/1024
f 1043/706/1027 1042/705/1026 1037/700/1021
f 1041/704/1025 1044/707/1028 1040/703/1024
f 1043/706/1027 1040/703/1024 1044/707/1028
f 1043/706/1027 1045/708/1029 1042/705/1026
f 1045/708/1029 1043/706/1027 1044/707/1028
f 1046/709/1030 1044/707/1028 1041/704/1025
f 1046/709/1030 1041/704/1025 1047/710/1031
f 1048/711/1032 1045/708/1029 1044/707/1028
f 1044/707/1028 1046/709/1030 1048/711/1032
f 1049/712/1033 1046/709/1030 1047/710/1031
f 1050/713/1034 1049/712/1033 1047/710/1031
f 1050/713/1034 1051/714/1035 1049/712/1033
f 1052/715/1036 1049/712/1033 1051/714/1035
f 1052/715/1036 1053/716/1037 1049/712/1033
f 1046/709/1030 1049/712/1033 1053/716/1037
f 1053/716/1037 1052/715/1036 1054/717/1038
f 1055/718/1039 1048/711/1032 1046/709/1030
f 1053/716/1037 1055/718/1039 1046/709/1030
f 1054/717/1038 1056/719/1040 1053/716/1037
f 1055/718/1039 1053/716/1037 1056/719/1040
f 1057/720/1041 1056/719/1040 1054/717/1038
f 1055/718/1039 1058/721/1042 1048/711/1032
f 1058/721/1042 1045/708/1029 1048/711/1032
f 1059/722/1043 1055/718/1039 1056/719/1040
f 1058/721/1042 1055/718/1039 1059/722/1043
f 1059/722/1043 1056/719/1040 1060/723/1044
f 1057/720/1041 1060/723/1044 1056/719/1040
f 1058/721/1042 1059/722/1043 1061/724/1045
f 1059/722/1043 1060/723/1044 1061/724/1045
f 1045/708/1029 1058/721/1042 1062/725/1046
f 1058/721/1042 1061/724/1045 1062/725/1046
f 1062/725/1046 1042/705/1026 1045/708/1029
f 1060/723/1044 1063/726/1047 1061/724/1045
f 1057/720/1041 1063/726/1047 1060/723/1044
f 1061/724/1045 1064/727/1048 1062/725/1046
f 1064/727/1048 1061/724/1045 1063/726/1047
f 1042/705/1026 1062/725/1046 1065/728/1049
f 1030/693/1014 1042/705/1026 1065/728/1049
f 1066/729/1050 1062/725/1046 1064/727/1048
f 1065/728/1049 1062/725/1046 1066/729/1050
f 1063/726/1047 1067/730/1051 1064/727/1048
f 1068/731/1052 1066/729/1050 1064/727/1048
f 1067/730/1051 1068/731/1052 1064/727/1048
f 1065/728/1049 1066/729/1050 1069/732/1053
f 1069/732/1053 1066/729/1050 1068/731/1052
f 1065/728/1049 1070/733/1054 1030/693/1014
f 1069/732/1053 1070/733/1054 1065/728/1049
f 1030/693/1014 1070/733/1054 1031/694/1015
f 1070/733/1054 1071/734/1055 1031/694/1015
f 1071/734/1055 1070/733/1054 1072/735/1056
f 1073/736/1057 1072/735/1056 1070/733/1054
f 1070/733/1054 1069/732/1053 1074/737/1058
f 1074/737/1058 1073/736/1057 1070/733/1054
f 1068/731/1052 1074/737/1058 1069/732/1053
f 1068/731/1052 1067/730/1051 1074/737/1058
f 1075/738/1059 1067/730/1051 1063/726/1047
f 1067/730/1051 1075/738/1059 1074/737/1058
f 1075/738/1059 1063/726/1047 1057/720/1041
f 1057/720/1041 1076/739/1060 1075/738/1059
f 1075/738/1059 1076/739/1060 1074/737/1058
f 1074/737/1058 1076/739/1060 1077/740/1061
f 1077/740/1061 1078/741/1062 1074/737/1058
f 1078/741/1062 1073/736/1057 1074/737/1058
f 1077/740/1061 1079/742/1063 1078/741/1062
f 1080/743/1064 1073/736/1057 1078/741/1062
f 1078/741/1062 1079/742/1063 1080/743/1064
f 1083/744/1065 1081/745/1066 1082/746/1067
f 1084/747/1068 1082/746/1067 1081/745/1066
f 1085/748/1069 1082/746/1067 1084/747/1068
f 1086/749/1070 1082/746/1067 1085/748/1069
f 1084/747/1068 1081/745/1066 1087/750/1071
f 1088/751/1072 1087/750/1071 1081/745/1066
f 1084/747/1068 1089/752/1073 1085/748/1069
f 1089/752/1073 1084/747/1068 1087/750/1071
f 1090/753/1074 1086/749/1070 1085/748/1069
f 1091/754/1075 1086/749/1070 1090/753/1074
f 1092/755/1076 1085/748/1069 1089/752/1073
f 1085/748/1069 1092/755/1076 1090/753/1074
f 1090/753/1074 1093/756/1077 1091/754/1075
f 1094/757/1078 1091/754/1075 1093/756/1077
f 1092/755/1076 1095/758/1079 1090/753/1074
f 1093/756/1077 1090/753/1074 1095/758/1079
f 1093/756/1077 1096/759/1080 1094/757/1078
f 1097/760/1081 1094/757/1078 1096/759/1080
f 1093/756/1077 1095/758/1079 1098/761/1082
f 1093/756/1077 1098/761/1082 1096/759/1080
f 1096/759/1080 1099/762/1083 1097/760/1081
f 1100/763/1084 1097/760/1081 1099/762/1083
f 1100/763/1084 1099/762/1083 1101/764/1085
f 1099/762/1083 1096/759/1080 1102/765/1086
f 1096/759/1080 1098/761/1082 1102/765/1086
f 1103/766/1087 1101/764/1085 1099/762/1083
f 1099/762/1083 1102/765/1086 1103/766/1087
f 1101/764/1085 1103/766/1087 1104/767/1088
f 1102/765/1086 1098/761/1082 1105/768/1089
f 1106/769/1090 1104/767/1088 1103/766/1087
f 1104/767/1088 1106/769/1090 1107/770/1091
f 1108/771/1092 1103/766/1087 1102/765/1086
f 1103/766/1087 1108/771/1092 1106/769/1090
f 1102/765/1086 1105/768/1089 1108/771/1092
f 1109/772/1093 1107/770/1091 1106/769/1090
f 1107/770/1091 1109/772/1093 1110/773/1094
f 1111/774/1095 1106/769/1090 1108/771/1092
f 1106/769/1090 1111/774/1095 1109/772/1093
f 1112/775/1096 1110/773/1094 1109/772/1093
f 1110/773/1094 1112/775/1096 1113/776/1097
f 1114/777/1098 1109/772/1093 1111/774/1095
f 1109/772/1093 1114/777/1098 1112/775/1096
f 1108/771/1092 1115/778/1099 1111/774/1095
f 1115/778/1099 1108/771/1092 1105/768/1089
f 1111/774/1095 1116/779/1100 1114/777/1098
f 1116/779/1100 1111/774/1095 1115/778/1099
f 1117/780/1101 1113/776/1097 1112/775/1096
f 1113/776/1097 1117/780/1101 1118/781/1102
f 1119/782/1103 1112/775/1096 1114/777/1098
f 1112/775/1096 1119/782/1103 1117/780/1101
f 1120/783/1104 1118/781/1102 1117/780/1101
f 1118/781/1102 1120/783/1104 1121/784/1105
f 1122/785/1106 1117/780/1101 1119/782/1103
f 1117/780/1101 1122/785/1106 1120/783/1104
f 1114/777/1098 1123/786/1107 1119/782/1103
f 1123/786/1107 1114/777/1098 1116/779/1100
f 1119/782/1103 1124/787/1108 1122/785/1106
f 1124/787/1108 1119/782/1103 1123/786/1107
f 1125/788/1109 1120/783/1104 1122/785/1106
f 1126/789/1110 1122/785/1106 1124/787/1108
f 1122/785/1106 1126/789/1110 1125/788/1109
f 1127/790/1111 1121/784/1105 1120/783/1104
f 1120/783/1104 1125/788/1109 1127/790/1111
f 1128/791/1112 1121/784/1105 1127/790/1111
f 1129/792/1113 1121/784/1105 1128/791/1112
f 1130/793/1114 1127/790/1111 1125/788/1109
f 1128/791/1112 1131/794/1115 1129/792/1113
f 1132/795/1116 1129/792/1113 1131/794/1115
f 1132/795/1116 1131/794/1115 1133/796/1117
f 1128/791/1112 1127/790/1111 1134/797/1118
f 1134/797/1118 1127/790/1111 1130/793/1114
f 1131/794/1115 1128/791/1112 1135/798/1119
f 1134/797/1118 1135/798/1119 1128/791/1112
f 1136/799/1120 1133/796/1117 1131/794/1115
f 1135/798/1119 1136/799/1120 1131/794/1115
f 1136/799/1120 1137/800/1121 1133/796/1117
f 1136/799/1120 1138/801/1122 1137/800/1121
f 1137/800/1121 1138/801/1122 1139/802/1123
f 1140/803/1124 1136/799/1120 1135/798/1119
f 1140/803/1124 1138/801/1122 1136/799/1120
f 1135/798/1119 1134/797/1118 1141/804/1125
f 1141/804/1125 1140/803/1124 1135/798/1119
f 1142/805/1126 1139/802/1123 1138/801/1122
f 1143/806/1127 1138/801/1122 1140/803/1124
f 1143/806/1127 1142/805/1126 1138/801/1122
f 1144/807/1128 1143/806/1127 1140/803/1124
f 1144/807/1128 1140/803/1124 1141/804/1125
f 1142/805/1126 1145/808/1129 1139/802/1123
f 1145/808/1129 1146/809/1130 1139/802/1123
f 1147/810/1131 1142/805/1126 1143/806/1127
f 1145/808/1129 1148/811/1132 1146/809/1130
f 1149/812/1133 1146/809/1130 1148/811/1132
f 1150/813/1134 1145/808/1129 1142/805/1126
f 1147/810/1131 1150/813/1134 1142/805/1126
f 1151/814/1135 1148/811/1132 1145/808/1129
f 1150/813/1134 1151/814/1135 1145/808/1129
f 1148/811/1132 1152/815/1136 1149/812/1133
f 1153/816/1137 1149/812/1133 1152/815/1136
f 1151/814/1135 1154/817/1138 1148/811/1132
f 1148/811/1132 1154/817/1138 1152/815/1136
f 1155/818/1139 1151/814/1135 1150/813/1134
f 1151/814/1135 1156/819/1140 1154/817/1138
f 1156/819/1140 1151/814/1135 1155/818/1139
f 1157/820/1141 1152/815/1136 1154/817/1138
f 1155/818/1139 1150/813/1134 1158/821/1142
f 1158/821/1142 1150/813/1134 1147/810/1131
f 1152/815/1136 1157/820/1141 1159/822/1143
f 1152/815/1136 1159/822/1143 1153/816/1137
f 1154/817/1138 1160/823/1144 1157/820/1141
f 1160/823/1144 1154/817/1138 1156/819/1140
f 1159/822/1143 1157/820/1141 1161/824/1145
f 1162/825/1146 1153/816/1137 1159/822/1143
f 1159/822/1143 1161/824/1145 1162/825/1146
f 1162/825/1146 1163/826/1147 1153/816/1137
f 1164/827/1148 1161/824/1145 1157/820/1141
f 1157/820/1141 1160/823/1144 1164/827/1148
f 1165/828/1149 1162/825/1146 1161/824/1145
f 1162/825/1146 1165/828/1149 1163/826/1147
f 1164/827/1148 1166/829/1150 1161/824/1145
f 1167/830/1151 1153/816/1137 1163/826/1147
f 1168/831/1152 1153/816/1137 1167/830/1151
f 1169/832/1153 1161/824/1145 1166/829/1150
f 1169/832/1153 1165/828/1149 1161/824/1145
f 1168/831/1152 1167/830/1151 1170/833/1154
f 1168/831/1152 1170/833/1154 1171/834/1130
f 1163/826/1147 1172/835/1155 1167/830/1151
f 1173/836/1156 1171/834/1130 1170/833/1154
f 1173/836/1156 1174/837/1157 1171/834/1130
f 1167/830/1151 1175/838/1158 1170/833/1154
f 1175/838/1158 1167/830/1151 1172/835/1155
f 1170/833/1154 1176/839/1159 1173/836/1156
f 1176/839/1159 1170/833/1154 1175/838/1158
f 1174/837/1157 1173/836/1156 1177/840/1160
f 1174/837/1157 1177/840/1160 1178/841/1161
f 1179/842/1162 1173/836/1156 1176/839/1159
f 1179/842/1162 1177/840/1160 1173/836/1156
f 1175/838/1158 1180/843/1163 1176/839/1159
f 1181/844/1164 1178/841/1161 1177/840/1160
f 1182/845/1165 1176/839/1159 1180/843/1163
f 1176/839/1159 1182/845/1165 1179/842/1162
f 1175/838/1158 1183/846/1166 1180/843/1163
f 1175/838/1158 1172/835/1155 1183/846/1166
f 1180/843/1163 1184/847/1167 1182/845/1165
f 1172/835/1155 1185/848/1168 1183/846/1166
f 1180/843/1163 1186/849/1169 1184/847/1167
f 1186/849/1169 1180/843/1163 1183/846/1166
f 1185/848/1168 1172/835/1155 1187/850/1170
f 1163/826/1147 1187/850/1170 1172/835/1155
f 1187/850/1170 1163/826/1147 1165/828/1149
f 1188/851/1171 1183/846/1166 1185/848/1168
f 1189/852/1172 1185/848/1168 1187/850/1170
f 1185/848/1168 1189/852/1172 1188/851/1171
f 1190/853/1173 1187/850/1170 1165/828/1149
f 1189/852/1172 1187/850/1170 1190/853/1173
f 1183/846/1166 1188/851/1171 1191/854/1174
f 1183/846/1166 1191/854/1174 1186/849/1169
f 1192/855/1175 1188/851/1171 1189/852/1172
f 1188/851/1171 1192/855/1175 1191/854/1174
f 1192/855/1175 1189/852/1172 1193/856/1176
f 1194/857/1177 1191/854/1174 1192/855/1175
f 1192/855/1175 1193/856/1176 1194/857/1177
f 1191/854/1174 1195/858/1178 1186/849/1169
f 1194/857/1177 1196/859/1179 1191/854/1174
f 1195/858/1178 1191/854/1174 1196/859/1179
f 1197/860/1180 1194/857/1177 1193/856/1176
f 1194/857/1177 1197/860/1180 1196/859/1179
f 1198/861/1181 1193/856/1176 1189/852/1172
f 1189/852/1172 1190/853/1173 1198/861/1181
f 1193/856/1176 1199/862/1182 1197/860/1180
f 1193/856/1176 1198/861/1181 1200/863/1183
f 1199/862/1182 1193/856/1176 1200/863/1183
f 1201/864/1184 1198/861/1181 1190/853/1173
f 1202/865/1185 1200/863/1183 1198/861/1181
f 1202/865/1185 1198/861/1181 1201/864/1184
f 1190/853/1173 1165/828/1149 1203/866/1186
f 1190/853/1173 1203/866/1186 1201/864/1184
f 1203/866/1186 1165/828/1149 1169/832/1153
f 1204/867/1187 1201/864/1184 1203/866/1186
f 1205/868/1188 1203/866/1186 1169/832/1153
f 1204/867/1187 1203/866/1186 1205/868/1188
f 1205/868/1188 1169/832/1153 1206/869/1189
f 1206/869/1189 1169/832/1153 1166/829/1150
f 1207/870/1190 1204/867/1187 1205/868/1188
f 1205/868/1188 1206/869/1189 1208/871/1191
f 1207/870/1190 1205/868/1188 1208/871/1191
f 1209/872/1192 1201/864/1184 1204/867/1187
f 1209/872/1192 1204/867/1187 1207/870/1190
f 1210/873/1193 1201/864/1184 1209/872/1192
f 1202/865/1185 1201/864/1184 1210/873/1193
f 1211/874/1194 1209/872/1192 1207/870/1190
f 1212/875/1195 1202/865/1185 1210/873/1193
f 1210/873/1193 1209/872/1192 1213/876/1196
f 1212/875/1195 1210/873/1193 1213/876/1196
f 1214/877/1197 1213/876/1196 1209/872/1192
f 1214/877/1197 1209/872/1192 1211/874/1194
f 1212/875/1195 1215/878/1198 1202/865/1185
f 1200/863/1183 1202/865/1185 1215/878/1198
f 1216/879/1199 1212/875/1195 1213/876/1196
f 1217/880/1200 1200/863/1183 1215/878/1198
f 1200/863/1183 1217/880/1200 1199/862/1182
f 1215/878/1198 1212/875/1195 1218/881/1201
f 1216/879/1199 1218/881/1201 1212/875/1195
f 1219/882/1202 1217/880/1200 1215/878/1198
f 1219/882/1202 1215/878/1198 1218/881/1201
f 1217/880/1200 1220/883/1203 1199/862/1182
f 1219/882/1202 1221/884/1204 1217/880/1200
f 1220/883/1203 1217/880/1200 1221/884/1204
f 1222/885/1205 1199/862/1182 1220/883/1203
f 1199/862/1182 1222/885/1205 1197/860/1180
f 1223/886/1206 1197/860/1180 1222/885/1205
f 1223/886/1206 1196/859/1179 1197/860/1180
f 1223/886/1206 1222/885/1205 1224/887/1207
f 1196/859/1179 1223/886/1206 1224/887/1207
f 1222/885/1205 1220/883/1203 1225/888/1208
f 1225/888/1208 1224/887/1207 1222/885/1205
f 1226/889/1209 1225/888/1208 1220/883/1203
f 1220/883/1203 1221/884/1204 1226/889/1209
f 1196/859/1179 1224/887/1207 1227/890/1210
f 1227/890/1210 1195/858/1178 1196/859/1179
f 1224/887/1207 1225/888/1208 1228/891/1211
f 1195/858/1178 1227/890/1210 1229/892/1212
f 1195/858/1178 1229/892/1212 1186/849/1169
f 1227/890/1210 1224/887/1207 1230/893/1213
f 1227/890/1210 1230/893/1213 1229/892/1212
f 1228/891/1211 1230/893/1213 1224/887/1207
f 1231/894/1214 1186/849/1169 1229/892/1212
f 1186/849/1169 1231/894/1214 1184/847/1167
f 1232/895/1215 1229/892/1212 1230/893/1213
f 1229/892/1212 1232/895/1215 1231/894/1214
f 1233/896/1216 1184/847/1167 1231/894/1214
f 1234/897/1217 1231/894/1214 1232/895/1215
f 1234/897/1217 1233/896/1216 1231/894/1214
f 1184/847/1167 1233/896/1216 1235/898/1218
f 1182/845/1165 1184/847/1167 1235/898/1218
f 1233/896/1216 1234/897/1217 1236/899/1219
f 1235/898/1218 1237/900/1220 1182/845/1165
f 1237/900/1220 1179/842/1162 1182/845/1165
f 1235/898/1218 1233/896/1216 1238/901/1221
f 1236/899/1219 1238/901/1221 1233/896/1216
f 1237/900/1220 1235/898/1218 1239/902/1222
f 1235/898/1218 1238/901/1221 1239/902/1222
f 1237/900/1220 1240/903/1223 1179/842/1162
f 1239/902/1222 1240/903/1223 1237/900/1220
f 1241/904/1224 1179/842/1162 1240/903/1223
f 1177/840/1160 1179/842/1162 1241/904/1224
f 1239/902/1222 1238/901/1221 1242/905/1225
f 1241/904/1224 1243/906/1226 1177/840/1160
f 1181/844/1164 1177/840/1160 1243/906/1226
f 1238/901/1221 1244/907/1227 1242/905/1225
f 1238/901/1221 1236/899/1219 1244/907/1227
f 1239/902/1222 1242/905/1225 1245/908/1228
f 1240/903/1223 1239/902/1222 1245/908/1228
f 1246/909/1229 1245/908/1228 1242/905/1225
f 1242/905/1225 1244/907/1227 1246/909/1229
f 1245/908/1228 1247/910/1230 1240/903/1223
f 1245/908/1228 1246/909/1229 1247/910/1230
f 1240/903/1223 1248/911/1231 1241/904/1224
f 1248/911/1231 1240/903/1223 1247/910/1230
f 1243/906/1226 1241/904/1224 1248/911/1231
f 1249/912/1232 1247/910/1230 1246/909/1229
f 1247/910/1230 1250/913/1233 1248/911/1231
f 1247/910/1230 1249/912/1232 1250/913/1233
f 1248/911/1231 1251/914/1234 1243/906/1226
f 1251/914/1234 1248/911/1231 1250/913/1233
f 1246/909/1229 1252/915/1235 1249/912/1232
f 1252/915/1235 1246/909/1229 1244/907/1227
f 1253/916/1236 1250/913/1233 1249/912/1232
f 1244/907/1227 1254/917/1237 1252/915/1235
f 1236/899/1219 1254/917/1237 1244/907/1227
f 1252/915/1235 1255/918/1238 1249/912/1232
f 1249/912/1232 1255/918/1238 1253/916/1236
f 1254/917/1237 1256/919/1239 1252/915/1235
f 1252/915/1235 1256/919/1239 1255/918/1238
f 1257/920/1240 1254/917/1237 1236/899/1219
f 1234/897/1217 1257/920/1240 1236/899/1219
f 1234/897/1217 1232/895/1215 1257/920/1240
f 1254/917/1237 1258/921/1241 1256/919/1239
f 1257/920/1240 1258/921/1241 1254/917/1237
f 1259/922/1242 1257/920/1240 1232/895/1215
f 1260/923/1243 1258/921/1241 1257/920/1240
f 1259/922/1242 1260/923/1243 1257/920/1240
f 1259/922/1242 1232/895/1215 1261/924/1244
f 1230/893/1213 1261/924/1244 1232/895/1215
f 1260/923/1243 1259/922/1242 1262/925/1245
f 1261/924/1244 1262/925/1245 1259/922/1242
f 1261/924/1244 1230/893/1213 1263/926/1246
f 1228/891/1211 1263/926/1246 1230/893/1213
f 1262/925/1245 1261/924/1244 1264/927/1247
f 1263/926/1246 1264/927/1247 1261/924/1244
f 1262/925/1245 1265/928/1248 1260/923/1243
f 1264/927/1247 1266/929/1249 1262/925/1245
f 1265/928/1248 1262/925/1245 1266/929/1249
f 1267/930/1250 1260/923/1243 1265/928/1248
f 1260/923/1243 1267/930/1250 1258/921/1241
f 1265/928/1248 1268/931/1251 1267/930/1250
f 1258/921/1241 1267/930/1250 1269/932/1252
f 1268/931/1251 1269/932/1252 1267/930/1250
f 1269/932/1252 1256/919/1239 1258/921/1241
f 1268/931/1251 1265/928/1248 1270/933/1253
f 1266/929/1249 1270/933/1253 1265/928/1248
f 1256/919/1239 1269/932/1252 1271/934/1254
f 1256/919/1239 1271/934/1254 1255/918/1238
f 1268/931/1251 1272/935/1255 1269/932/1252
f 1271/934/1254 1273/936/1256 1255/918/1238
f 1255/918/1238 1273/936/1256 1253/916/1236
f 1269/932/1252 1274/937/1257 1271/934/1254
f 1269/932/1252 1272/935/1255 1274/937/1257
f 1253/916/1236 1273/936/1256 1275/938/1258
f 1276/939/1259 1272/935/1255 1268/931/1251
f 1270/933/1253 1276/939/1259 1268/931/1251
f 1272/935/1255 1277/940/1260 1274/937/1257
f 1276/939/1259 1278/941/1261 1272/935/1255
f 1278/941/1261 1277/940/1260 1272/935/1255
f 1270/933/1253 1279/942/1262 1276/939/1259
f 1274/937/1257 1277/940/1260 1280/943/1263
f 1274/937/1257 1280/943/1263 1271/934/1254
f 1279/942/1262 1270/933/1253 1281/944/1264
f 1266/929/1249 1281/944/1264 1270/933/1253
f 1279/942/1262 1282/945/1265 1276/939/1259
f 1282/945/1265 1278/941/1261 1276/939/1259
f 1281/944/1264 1266/929/1249 1283/946/1266
f 1266/929/1249 1264/927/1247 1283/946/1266
f 1284/947/1267 1279/942/1262 1281/944/1264
f 1285/948/1268 1283/946/1266 1264/927/1247
f 1263/926/1246 1285/948/1268 1264/927/1247
f 1281/944/1264 1283/946/1266 1286/949/1269
f 1286/949/1269 1284/947/1267 1281/944/1264
f 1283/946/1266 1285/948/1268 1287/950/1270
f 1287/950/1270 1286/949/1269 1283/946/1266
f 1285/948/1268 1263/926/1246 1288/951/1271
f 1263/926/1246 1228/891/1211 1288/951/1271
f 1285/948/1268 1288/951/1271 1289/952/1272
f 1289/952/1272 1287/950/1270 1285/948/1268
f 1290/953/1273 1288/951/1271 1228/891/1211
f 1225/888/1208 1290/953/1273 1228/891/1211
f 1290/953/1273 1225/888/1208 1226/889/1209
f 1291/954/1274 1289/952/1272 1288/951/1271
f 1288/951/1271 1290/953/1273 1291/954/1274
f 1226/889/1209 1292/955/1275 1290/953/1273
f 1292/955/1275 1291/954/1274 1290/953/1273
f 1293/956/1276 1289/952/1272 1291/954/1274
f 1293/956/1276 1287/950/1270 1289/952/1272
f 1291/954/1274 1292/955/1275 1294/957/1277
f 1293/956/1276 1291/954/1274 1294/957/1277
f 1226/889/1209 1295/958/1278 1292/955/1275
f 1295/958/1278 1226/889/1209 1221/884/1204
f 1295/958/1278 1296/959/1279 1292/955/1275
f 1221/884/1204 1297/960/1280 1295/958/1278
f 1296/959/1279 1295/958/1278 1297/960/1280
f 1221/884/1204 1219/882/1202 1297/960/1280
f 1298/961/1281 1292/955/1275 1296/959/1279
f 1298/961/1281 1294/957/1277 1292/955/1275
f 1296/959/1279 1299/962/1282 1298/961/1281
f 1299/962/1282 1296/959/1279 1297/960/1280
f 1298/961/1281 1300/963/1283 1294/957/1277
f 1300/963/1283 1298/961/1281 1299/962/1282
f 1301/964/1284 1297/960/1280 1219/882/1202
f 1299/962/1282 1297/960/1280 1302/965/1285
f 1297/960/1280 1301/964/1284 1302/965/1285
f 1301/964/1284 1219/882/1202 1303/966/1286
f 1218/881/1201 1303/966/1286 1219/882/1202
f 1304/967/1287 1302/965/1285 1301/964/1284
f 1301/964/1284 1303/966/1286 1304/967/1287
f 1303/966/1286 1218/881/1201 1305/968/1288
f 1216/879/1199 1305/968/1288 1218/881/1201
f 1306/969/1289 1304/967/1287 1303/966/1286
f 1303/966/1286 1305/968/1288 1306/969/1289
f 1304/967/1287 1307/970/1290 1302/965/1285
f 1304/967/1287 1306/969/1289 1308/971/1291
f 1308/971/1291 1307/970/1290 1304/967/1287
f 1307/970/1290 1309/972/1292 1302/965/1285
f 1299/962/1282 1302/965/1285 1309/972/1292
f 1307/970/1290 1308/971/1291 1310/973/1293
f 1307/970/1290 1310/973/1293 1309/972/1292
f 1311/974/1294 1308/971/1291 1306/969/1289
f 1312/975/1295 1310/973/1293 1308/971/1291
f 1312/975/1295 1308/971/1291 1311/974/1294
f 1313/976/1296 1309/972/1292 1310/973/1293
f 1306/969/1289 1314/977/1297 1311/974/1294
f 1314/977/1297 1306/969/1289 1305/968/1288
f 1299/962/1282 1309/972/1292 1315/978/1298
f 1299/962/1282 1315/978/1298 1300/963/1283
f 1315/978/1298 1309/972/1292 1316/979/1299
f 1313/976/1296 1316/979/1299 1309/972/1292
f 1317/980/1300 1300/963/1283 1315/978/1298
f 1313/976/1296 1318/981/1301 1316/979/1299
f 1300/963/1283 1317/980/1300 1319/982/1302
f 1319/982/1302 1294/957/1277 1300/963/1283
f 1320/983/1303 1317/980/1300 1315/978/1298
f 1320/983/1303 1315/978/1298 1316/979/1299
f 1319/982/1302 1321/984/1304 1294/957/1277
f 1293/956/1276 1294/957/1277 1321/984/1304
f 1322/985/1305 1319/982/1302 1317/980/1300
f 1319/982/1302 1322/985/1305 1321/984/1304
f 1317/980/1300 1320/983/1303 1322/985/1305
f 1321/984/1304 1323/986/1306 1293/956/1276
f 1324/987/1307 1321/984/1304 1322/985/1305
f 1324/987/1307 1323/986/1306 1321/984/1304
f 1325/988/1308 1293/956/1276 1323/986/1306
f 1293/956/1276 1325/988/1308 1287/950/1270
f 1325/988/1308 1326/989/1309 1287/950/1270
f 1326/989/1309 1325/988/1308 1323/986/1306
f 1287/950/1270 1326/989/1309 1286/949/1269
f 1324/987/1307 1327/990/1310 1323/986/1306
f 1326/989/1309 1328/991/1311 1286/949/1269
f 1284/947/1267 1286/949/1269 1328/991/1311
f 1326/989/1309 1323/986/1306 1329/992/1312
f 1329/992/1312 1323/986/1306 1327/990/1310
f 1328/991/1311 1326/989/1309 1330/993/1313
f 1329/992/1312 1330/993/1313 1326/989/1309
f 1331/994/1314 1327/990/1310 1324/987/1307
f 1331/994/1314 1324/987/1307 1322/985/1305
f 1327/990/1310 1332/995/1315 1329/992/1312
f 1327/990/1310 1331/994/1314 1332/995/1315
f 1331/994/1314 1322/985/1305 1333/996/1316
f 1333/996/1316 1322/985/1305 1320/983/1303
f 1333/996/1316 1334/997/1317 1331/994/1314
f 1334/997/1317 1332/995/1315 1331/994/1314
f 1333/996/1316 1320/983/1303 1335/998/1318
f 1334/997/1317 1333/996/1316 1335/998/1318
f 1336/999/1319 1329/992/1312 1332/995/1315
f 1329/992/1312 1336/999/1319 1330/993/1313
f 1337/1000/1320 1332/995/1315 1334/997/1317
f 1338/1001/1321 1330/993/1313 1336/999/1319
f 1332/995/1315 1339/1002/1322 1336/999/1319
f 1332/995/1315 1337/1000/1320 1339/1002/1322
f 1330/993/1313 1338/1001/1321 1340/1003/1323
f 1330/993/1313 1340/1003/1323 1328/991/1311
f 1336/999/1319 1341/1004/1324 1338/1001/1321
f 1341/1004/1324 1336/999/1319 1339/1002/1322
f 1342/1005/1325 1340/1003/1323 1338/1001/1321
f 1338/1001/1321 1341/1004/1324 1342/1005/1325
f 1343/1006/1326 1328/991/1311 1340/1003/1323
f 1328/991/1311 1343/1006/1326 1284/947/1267
f 1340/1003/1323 1342/1005/1325 1344/1007/1327
f 1344/1007/1327 1343/1006/1326 1340/1003/1323
f 1343/1006/1326 1345/1008/1328 1284/947/1267
f 1284/947/1267 1345/1008/1328 1279/942/1262
f 1279/942/1262 1345/1008/1328 1282/945/1265
f 1346/1009/1329 1345/1008/1328 1343/1006/1326
f 1344/1007/1327 1346/1009/1329 1343/1006/1326
f 1347/1010/1330 1282/945/1265 1345/1008/1328
f 1345/1008/1328 1346/1009/1329 1347/1010/1330
f 1347/1010/1330 1348/1011/1331 1282/945/1265
f 1346/1009/1329 1349/1012/1332 1347/1010/1330
f 1349/1012/1332 1348/1011/1331 1347/1010/1330
f 1344/1007/1327 1350/1013/1333 1346/1009/1329
f 1350/1013/1333 1349/1012/1332 1346/1009/1329
f 1344/1007/1327 1351/1014/1334 1350/1013/1333
f 1351/1014/1334 1344/1007/1327 1342/1005/1325
f 1350/1013/1333 1352/1015/1335 1349/1012/1332
f 1352/1015/1335 1350/1013/1333 1351/1014/1334
f 1342/1005/1325 1353/1016/1336 1351/1014/1334
f 1353/1016/1336 1342/1005/1325 1341/1004/1324
f 1354/1017/1337 1351/1014/1334 1353/1016/1336
f 1351/1014/1334 1354/1017/1337 1352/1015/1335
f 1355/1018/1338 1353/1016/1336 1341/1004/1324
f 1354/1017/1337 1353/1016/1336 1355/1018/1338
f 1356/1019/1339 1349/1012/1332 1352/1015/1335
f 1348/1011/1331 1349/1012/1332 1356/1019/1339
f 1357/1020/1340 1352/1015/1335 1354/1017/1337
f 1352/1015/1335 1357/1020/1340 1356/1019/1339
f 1358/1021/1341 1354/1017/1337 1355/1018/1338
f 1354/1017/1337 1358/1021/1341 1357/1020/1340
f 1359/1022/1342 1355/1018/1338 1341/1004/1324
f 1359/1022/1342 1341/1004/1324 1339/1002/1322
f 1360/1023/1343 1358/1021/1341 1355/1018/1338
f 1359/1022/1342 1360/1023/1343 1355/1018/1338
f 1361/1024/1344 1357/1020/1340 1358/1021/1341
f 1362/1025/1345 1360/1023/1343 1359/1022/1342
f 1363/1026/1346 1356/1019/1339 1357/1020/1340
f 1357/1020/1340 1361/1024/1344 1363/1026/1346
f 1356/1019/1339 1363/1026/1346 1364/1027/1347
f 1348/1011/1331 1356/1019/1339 1364/1027/1347
f 1365/1028/1348 1363/1026/1346 1361/1024/1344
f 1366/1029/1349 1348/1011/1331 1364/1027/1347
f 1282/945/1265 1348/1011/1331 1366/1029/1349
f 1282/945/1265 1366/1029/1349 1278/941/1261
f 1367/1030/1350 1364/1027/1347 1363/1026/1346
f 1363/1026/1346 1365/1028/1348 1367/1030/1350
f 1366/1029/1349 1364/1027/1347 1368/1031/1351
f 1364/1027/1347 1367/1030/1350 1368/1031/1351
f 1278/941/1261 1366/1029/1349 1369/1032/1352
f 1366/1029/1349 1368/1031/1351 1369/1032/1352
f 1278/941/1261 1369/1032/1352 1277/940/1260
f 1370/1033/1353 1368/1031/1351 1367/1030/1350
f 1277/940/1260 1369/1032/1352 1371/1034/1354
f 1372/1035/1355 1369/1032/1352 1368/1031/1351
f 1369/1032/1352 1372/1035/1355 1371/1034/1354
f 1368/1031/1351 1370/1033/1353 1372/1035/1355
f 1277/940/1260 1371/1034/1354 1280/943/1263
f 1367/1030/1350 1373/1036/1356 1370/1033/1353
f 1373/1036/1356 1367/1030/1350 1365/1028/1348
f 1374/1037/1357 1372/1035/1355 1370/1033/1353
f 1375/1038/1358 1370/1033/1353 1373/1036/1356
f 1370/1033/1353 1375/1038/1358 1374/1037/1357
f 1373/1036/1356 1365/1028/1348 1376/1039/1359
f 1375/1038/1358 1373/1036/1356 1377/1040/1360
f 1377/1040/1360 1373/1036/1356 1376/1039/1359
f 1376/1039/1359 1365/1028/1348 1378/1041/1361
f 1361/1024/1344 1378/1041/1361 1365/1028/1348
f 1376/1039/1359 1379/1042/1348 1377/1040/1360
f 1378/1041/1361 1361/1024/1344 1380/1043/1362
f 1358/1021/1341 1380/1043/1362 1361/1024/1344
f 1378/1041/1361 1381/1044/1363 1376/1039/1359
f 1379/1042/1348 1376/1039/1359 1381/1044/1363
f 1380/1043/1362 1382/1045/1364 1378/1041/1361
f 1381/1044/1363 1378/1041/1361 1382/1045/1364
f 1380/1043/1362 1358/1021/1341 1383/1046/1365
f 1360/1023/1343 1383/1046/1365 1358/1021/1341
f 1382/1045/1364 1380/1043/1362 1384/1047/1366
f 1383/1046/1365 1384/1047/1366 1380/1043/1362
f 1383/1046/1365 1360/1023/1343 1385/1048/1367
f 1362/1025/1345 1385/1048/1367 1360/1023/1343
f 1384/1047/1366 1383/1046/1365 1386/1049/1368
f 1385/1048/1367 1386/1049/1368 1383/1046/1365
f 1384/1047/1366 1387/1050/1369 1382/1045/1364
f 1386/1049/1368 1388/1051/1370 1384/1047/1366
f 1387/1050/1369 1384/1047/1366 1388/1051/1370
f 1386/1049/1368 1385/1048/1367 1389/1052/1371
f 1388/1051/1370 1386/1049/1368 1390/1053/1372
f 1389/1052/1371 1390/1053/1372 1386/1049/1368
f 1391/1054/1373 1389/1052/1371 1385/1048/1367
f 1385/1048/1367 1362/1025/1345 1391/1054/1373
f 1390/1053/1372 1389/1052/1371 1392/1055/1374
f 1393/1056/1375 1391/1054/1373 1362/1025/1345
f 1389/1052/1371 1391/1054/1373 1394/1057/1376
f 1392/1055/1374 1389/1052/1371 1394/1057/1376
f 1393/1056/1375 1362/1025/1345 1395/1058/1377
f 1362/1025/1345 1359/1022/1342 1395/1058/1377
f 1395/1058/1377 1359/1022/1342 1339/1002/1322
f 1391/1054/1373 1393/1056/1375 1396/1059/1378
f 1391/1054/1373 1396/1059/1378 1394/1057/1376
f 1393/1056/1375 1395/1058/1377 1397/1060/1379
f 1397/1060/1379 1396/1059/1378 1393/1056/1375
f 1395/1058/1377 1339/1002/1322 1398/1061/1380
f 1398/1061/1380 1397/1060/1379 1395/1058/1377
f 1337/1000/1320 1398/1061/1380 1339/1002/1322
f 1397/1060/1379 1398/1061/1380 1399/1062/1381
f 1398/1061/1380 1337/1000/1320 1400/1063/1382
f 1400/1063/1382 1399/1062/1381 1398/1061/1380
f 1401/1064/1383 1400/1063/1382 1337/1000/1320
f 1401/1064/1383 1337/1000/1320 1334/997/1317
f 1399/1062/1381 1402/1065/1384 1397/1060/1379
f 1396/1059/1378 1397/1060/1379 1402/1065/1384
f 1401/1064/1383 1334/997/1317 1403/1066/1385
f 1335/998/1318 1403/1066/1385 1334/997/1317
f 1400/1063/1382 1401/1064/1383 1404/1067/1386
f 1403/1066/1385 1404/1067/1386 1401/1064/1383
f 1399/1062/1381 1400/1063/1382 1405/1068/1387
f 1404/1067/1386 1405/1068/1387 1400/1063/1382
f 1405/1068/1387 1406/1069/1388 1399/1062/1381
f 1402/1065/1384 1399/1062/1381 1406/1069/1388
f 1405/1068/1387 1404/1067/1386 1407/1070/1389
f 1406/1069/1388 1405/1068/1387 1408/1071/1390
f 1408/1071/1390 1405/1068/1387 1407/1070/1389
f 1409/1072/1391 1402/1065/1384 1406/1069/1388
f 1406/1069/1388 1408/1071/1390 1409/1072/1391
f 1403/1066/1385 1410/1073/1380 1404/1067/1386
f 1407/1070/1389 1404/1067/1386 1410/1073/1380
f 1410/1073/1380 1403/1066/1385 1411/1074/1392
f 1411/1074/1392 1403/1066/1385 1335/998/1318
f 1410/1073/1380 1412/1075/1393 1407/1070/1389
f 1410/1073/1380 1411/1074/1392 1412/1075/1393
f 1411/1074/1392 1335/998/1318 1413/1076/1394
f 1413/1076/1394 1335/998/1318 1320/983/1303
f 1414/1077/1395 1412/1075/1393 1411/1074/1392
f 1411/1074/1392 1413/1076/1394 1414/1077/1395
f 1413/1076/1394 1320/983/1303 1415/1078/1396
f 1415/1078/1396 1414/1077/1395 1413/1076/1394
f 1316/979/1299 1415/1078/1396 1320/983/1303
f 1415/1078/1396 1316/979/1299 1318/981/1301
f 1414/1077/1395 1415/1078/1396 1416/1079/1397
f 1318/981/1301 1416/1079/1397 1415/1078/1396
f 1412/1075/1393 1414/1077/1395 1417/1080/1398
f 1416/1079/1397 1417/1080/1398 1414/1077/1395
f 1416/1079/1397 1318/981/1301 1418/1081/1399
f 1318/981/1301 1313/976/1296 1418/1081/1399
f 1310/973/1293 1418/1081/1399 1313/976/1296
f 1310/973/1293 1312/975/1295 1418/1081/1399
f 1416/1079/1397 1418/1081/1399 1419/1082/1400
f 1416/1079/1397 1419/1082/1400 1417/1080/1398
f 1420/1083/1401 1418/1081/1399 1312/975/1295
f 1418/1081/1399 1420/1083/1401 1419/1082/1400
f 1312/975/1295 1421/1084/1402 1420/1083/1401
f 1312/975/1295 1311/974/1294 1421/1084/1402
f 1422/1085/1403 1419/1082/1400 1420/1083/1401
f 1311/974/1294 1423/1086/1404 1421/1084/1402
f 1423/1086/1404 1311/974/1294 1314/977/1297
f 1424/1087/1405 1420/1083/1401 1421/1084/1402
f 1420/1083/1401 1424/1087/1405 1422/1085/1403
f 1425/1088/1406 1421/1084/1402 1423/1086/1404
f 1421/1084/1402 1425/1088/1406 1424/1087/1405
f 1419/1082/1400 1422/1085/1403 1426/1089/1407
f 1426/1089/1407 1417/1080/1398 1419/1082/1400
f 1427/1090/1408 1422/1085/1403 1424/1087/1405
f 1417/1080/1398 1426/1089/1407 1428/1091/1409
f 1429/1092/1410 1426/1089/1407 1422/1085/1403
f 1422/1085/1403 1427/1090/1408 1429/1092/1410
f 1430/1093/1411 1428/1091/1409 1426/1089/1407
f 1426/1089/1407 1429/1092/1410 1430/1093/1411
f 1428/1091/1409 1431/1094/1412 1417/1080/1398
f 1412/1075/1393 1417/1080/1398 1431/1094/1412
f 1431/1094/1412 1407/1070/1389 1412/1075/1393
f 1432/1095/1413 1431/1094/1412 1428/1091/1409
f 1428/1091/1409 1430/1093/1411 1432/1095/1413
f 1433/1096/1414 1407/1070/1389 1431/1094/1412
f 1433/1096/1414 1431/1094/1412 1432/1095/1413
f 1408/1071/1390 1407/1070/1389 1433/1096/1414
f 1408/1071/1390 1433/1096/1414 1434/1097/1415
f 1434/1097/1415 1409/1072/1391 1408/1071/1390
f 1433/1096/1414 1432/1095/1413 1435/1098/1416
f 1435/1098/1416 1434/1097/1415 1433/1096/1414
f 1436/1099/1417 1432/1095/1413 1430/1093/1411
f 1437/1100/1418 1435/1098/1416 1432/1095/1413
f 1432/1095/1413 1436/1099/1417 1437/1100/1418
f 1430/1093/1411 1438/1101/1419 1436/1099/1417
f 1438/1101/1419 1430/1093/1411 1429/1092/1410
f 1439/1102/1420 1437/1100/1418 1436/1099/1417
f 1440/1103/1421 1436/1099/1417 1438/1101/1419
f 1436/1099/1417 1440/1103/1421 1439/1102/1420
f 1438/1101/1419 1429/1092/1410 1441/1104/1422
f 1440/1103/1421 1438/1101/1419 1442/1105/1423
f 1441/1104/1422 1442/1105/1423 1438/1101/1419
f 1443/1106/1424 1439/1102/1420 1440/1103/1421
f 1442/1105/1423 1444/1107/1425 1440/1103/1421
f 1443/1106/1424 1440/1103/1421 1444/1107/1425
f 1439/1102/1420 1443/1106/1424 1445/1108/1426
f 1445/1108/1426 1437/1100/1418 1439/1102/1420
f 1446/1109/1427 1445/1108/1426 1443/1106/1424
f 1443/1106/1424 1444/1107/1425 1446/1109/1427
f 1447/1110/1428 1437/1100/1418 1445/1108/1426
f 1447/1110/1428 1435/1098/1416 1437/1100/1418
f 1445/1108/1426 1446/1109/1427 1448/1111/1429
f 1445/1108/1426 1448/1111/1429 1447/1110/1428
f 1449/1112/1430 1435/1098/1416 1447/1110/1428
f 1449/1112/1430 1434/1097/1415 1435/1098/1416
f 1450/1113/1431 1447/1110/1428 1448/1111/1429
f 1447/1110/1428 1450/1113/1431 1449/1112/1430
f 1451/1114/1432 1448/1111/1429 1446/1109/1427
f 1434/1097/1415 1449/1112/1430 1452/1115/1433
f 1446/1109/1427 1453/1116/1434 1451/1114/1432
f 1453/1116/1434 1446/1109/1427 1444/1107/1425
f 1449/1112/1430 1454/1117/1435 1452/1115/1433
f 1454/1117/1435 1449/1112/1430 1450/1113/1431
f 1452/1115/1433 1455/1118/1436 1434/1097/1415
f 1409/1072/1391 1434/1097/1415 1455/1118/1436
f 1456/1119/1437 1452/1115/1433 1454/1117/1435
f 1456/1119/1437 1455/1118/1436 1452/1115/1433
f 1450/1113/1431 1457/1120/1438 1454/1117/1435
f 1409/1072/1391 1455/1118/1436 1458/1121/1439
f 1402/1065/1384 1409/1072/1391 1458/1121/1439
f 1402/1065/1384 1458/1121/1439 1396/1059/1378
f 1459/1122/1440 1454/1117/1435 1457/1120/1438
f 1459/1122/1440 1456/1119/1437 1454/1117/1435
f 1460/1123/1441 1396/1059/1378 1458/1121/1439
f 1394/1057/1376 1396/1059/1378 1460/1123/1441
f 1460/1123/1441 1458/1121/1439 1461/1124/1442
f 1462/1125/1443 1394/1057/1376 1460/1123/1441
f 1460/1123/1441 1461/1124/1442 1462/1125/1443
f 1463/1126/1444 1461/1124/1442 1458/1121/1439
f 1458/1121/1439 1455/1118/1436 1463/1126/1444
f 1462/1125/1443 1464/1127/1445 1394/1057/1376
f 1392/1055/1374 1394/1057/1376 1464/1127/1445
f 1465/1128/1446 1463/1126/1444 1455/1118/1436
f 1455/1118/1436 1456/1119/1437 1465/1128/1446
f 1466/1129/1447 1461/1124/1442 1463/1126/1444
f 1463/1126/1444 1465/1128/1446 1466/1129/1447
f 1461/1124/1442 1467/1130/1448 1462/1125/1443
f 1461/1124/1442 1466/1129/1447 1467/1130/1448
f 1468/1131/1449 1465/1128/1446 1456/1119/1437
f 1468/1131/1449 1456/1119/1437 1459/1122/1440
f 1465/1128/1446 1469/1132/1450 1466/1129/1447
f 1465/1128/1446 1468/1131/1449 1469/1132/1450
f 1470/1133/1451 1462/1125/1443 1467/1130/1448
f 1470/1133/1451 1464/1127/1445 1462/1125/1443
f 1471/1134/1452 1467/1130/1448 1466/1129/1447
f 1464/1127/1445 1470/1133/1451 1472/1135/1453
f 1467/1130/1448 1473/1136/1454 1470/1133/1451
f 1473/1136/1454 1472/1135/1453 1470/1133/1451
f 1467/1130/1448 1471/1134/1452 1473/1136/1454
f 1472/1135/1453 1474/1137/1455 1464/1127/1445
f 1464/1127/1445 1474/1137/1455 1392/1055/1374
f 1466/1129/1447 1475/1138/1456 1471/1134/1452
f 1475/1138/1456 1466/1129/1447 1469/1132/1450
f 1475/1138/1456 1476/1139/1457 1471/1134/1452
f 1476/1139/1457 1475/1138/1456 1469/1132/1450
f 1476/1139/1457 1477/1140/1458 1471/1134/1452
f 1477/1140/1458 1473/1136/1454 1471/1134/1452
f 1469/1132/1450 1478/1141/1459 1476/1139/1457
f 1468/1131/1449 1478/1141/1459 1469/1132/1450
f 1478/1141/1459 1468/1131/1449 1479/1142/1460
f 1468/1131/1449 1459/1122/1440 1479/1142/1460
f 1480/1143/1461 1476/1139/1457 1478/1141/1459
f 1479/1142/1460 1480/1143/1461 1478/1141/1459
f 1476/1139/1457 1480/1143/1461 1477/1140/1458
f 1479/1142/1460 1459/1122/1440 1481/1144/1462
f 1481/1144/1462 1480/1143/1461 1479/1142/1460
f 1481/1144/1462 1459/1122/1440 1457/1120/1438
f 1482/1145/1463 1481/1144/1462 1457/1120/1438
f 1481/1144/1462 1482/1145/1463 1480/1143/1461
f 1457/1120/1438 1483/1146/1464 1482/1145/1463
f 1457/1120/1438 1450/1113/1431 1483/1146/1464
f 1448/1111/1429 1483/1146/1464 1450/1113/1431
f 1448/1111/1429 1451/1114/1432 1483/1146/1464
f 1482/1145/1463 1483/1146/1464 1484/1147/1465
f 1484/1147/1465 1480/1143/1461 1482/1145/1463
f 1485/1148/1466 1483/1146/1464 1451/1114/1432
f 1485/1148/1466 1484/1147/1465 1483/1146/1464
f 1451/1114/1432 1486/1149/1467 1485/1148/1466
f 1486/1149/1467 1451/1114/1432 1453/1116/1434
f 1484/1147/1465 1485/1148/1466 1487/1150/1468
f 1487/1150/1468 1485/1148/1466 1486/1149/1467
f 1487/1150/1468 1488/1151/1469 1484/1147/1465
f 1488/1151/1469 1480/1143/1461 1484/1147/1465
f 1453/1116/1434 1489/1152/1470 1486/1149/1467
f 1453/1116/1434 1444/1107/1425 1489/1152/1470
f 1486/1149/1467 1490/1153/1471 1487/1150/1468
f 1489/1152/1470 1490/1153/1471 1486/1149/1467
f 1487/1150/1468 1491/1154/1472 1488/1151/1469
f 1490/1153/1471 1491/1154/1472 1487/1150/1468
f 1492/1155/1473 1489/1152/1470 1444/1107/1425
f 1493/1156/1474 1488/1151/1469 1491/1154/1472
f 1493/1156/1474 1480/1143/1461 1488/1151/1469
f 1490/1153/1471 1489/1152/1470 1494/1157/1475
f 1489/1152/1470 1492/1155/1473 1494/1157/1475
f 1490/1153/1471 1495/1158/1476 1491/1154/1472
f 1494/1157/1475 1495/1158/1476 1490/1153/1471
f 1496/1159/1477 1491/1154/1472 1495/1158/1476
f 1493/1156/1474 1491/1154/1472 1496/1159/1477
f 1494/1157/1475 1497/1160/1478 1495/1158/1476
f 1495/1158/1476 1498/1161/1479 1496/1159/1477
f 1497/1160/1478 1498/1161/1479 1495/1158/1476
f 1499/1162/1480 1494/1157/1475 1492/1155/1473
f 1500/1163/1481 1497/1160/1478 1494/1157/1475
f 1499/1162/1480 1500/1163/1481 1494/1157/1475
f 1492/1155/1473 1501/1164/1482 1499/1162/1480
f 1492/1155/1473 1444/1107/1425 1501/1164/1482
f 1442/1105/1423 1501/1164/1482 1444/1107/1425
f 1442/1105/1423 1441/1104/1422 1501/1164/1482
f 1502/1165/1483 1499/1162/1480 1501/1164/1482
f 1499/1162/1480 1502/1165/1483 1500/1163/1481
f 1503/1166/1484 1501/1164/1482 1441/1104/1422
f 1501/1164/1482 1503/1166/1484 1502/1165/1483
f 1504/1167/1485 1500/1163/1481 1502/1165/1483
f 1505/1168/1486 1502/1165/1483 1503/1166/1484
f 1505/1168/1486 1504/1167/1485 1502/1165/1483
f 1503/1166/1484 1441/1104/1422 1506/1169/1487
f 1500/1163/1481 1504/1167/1485 1507/1170/1488
f 1500/1163/1481 1507/1170/1488 1497/1160/1478
f 1508/1171/1489 1506/1169/1487 1441/1104/1422
f 1508/1171/1489 1441/1104/1422 1429/1092/1410
f 1508/1171/1489 1429/1092/1410 1427/1090/1408
f 1506/1169/1487 1509/1172/1490 1503/1166/1484
f 1505/1168/1486 1503/1166/1484 1509/1172/1490
f 1506/1169/1487 1508/1171/1489 1510/1173/1491
f 1427/1090/1408 1510/1173/1491 1508/1171/1489
f 1506/1169/1487 1510/1173/1491 1509/1172/1490
f 1510/1173/1491 1427/1090/1408 1511/1174/1492
f 1424/1087/1405 1511/1174/1492 1427/1090/1408
f 1511/1174/1492 1424/1087/1405 1425/1088/1406
f 1512/1175/1493 1509/1172/1490 1510/1173/1491
f 1511/1174/1492 1513/1176/1494 1510/1173/1491
f 1512/1175/1493 1510/1173/1491 1513/1176/1494
f 1425/1088/1406 1514/1177/1495 1511/1174/1492
f 1514/1177/1495 1513/1176/1494 1511/1174/1492
f 1514/1177/1495 1425/1088/1406 1515/1178/1496
f 1423/1086/1404 1515/1178/1496 1425/1088/1406
f 1514/1177/1495 1516/1179/1497 1513/1176/1494
f 1423/1086/1404 1517/1180/1498 1515/1178/1496
f 1314/977/1297 1517/1180/1498 1423/1086/1404
f 1515/1178/1496 1518/1181/1499 1514/1177/1495
f 1514/1177/1495 1518/1181/1499 1516/1179/1497
f 1519/1182/1500 1515/1178/1496 1517/1180/1498
f 1518/1181/1499 1515/1178/1496 1519/1182/1500
f 1517/1180/1498 1314/977/1297 1520/1183/1501
f 1520/1183/1501 1314/977/1297 1305/968/1288
f 1521/1184/1502 1519/1182/1500 1517/1180/1498
f 1520/1183/1501 1305/968/1288 1522/1185/1503
f 1305/968/1288 1216/879/1199 1522/1185/1503
f 1517/1180/1498 1520/1183/1501 1523/1186/1504
f 1521/1184/1502 1517/1180/1498 1523/1186/1504
f 1523/1186/1504 1520/1183/1501 1524/1187/1505
f 1524/1187/1505 1520/1183/1501 1522/1185/1503
f 1523/1186/1504 1524/1187/1505 1525/1188/1506
f 1521/1184/1502 1523/1186/1504 1525/1188/1506
f 1524/1187/1505 1522/1185/1503 1526/1189/1507
f 1526/1189/1507 1525/1188/1506 1524/1187/1505
f 1522/1185/1503 1216/879/1199 1527/1190/1508
f 1216/879/1199 1213/876/1196 1527/1190/1508
f 1213/876/1196 1214/877/1197 1527/1190/1508
f 1522/1185/1503 1527/1190/1508 1528/1191/1509
f 1528/1191/1509 1526/1189/1507 1522/1185/1503
f 1529/1192/1510 1527/1190/1508 1214/877/1197
f 1527/1190/1508 1529/1192/1510 1528/1191/1509
f 1529/1192/1510 1214/877/1197 1530/1193/1511
f 1530/1193/1511 1214/877/1197 1211/874/1194
f 1531/1194/1512 1528/1191/1509 1529/1192/1510
f 1526/1189/1507 1528/1191/1509 1532/1195/1513
f 1528/1191/1509 1531/1194/1512 1532/1195/1513
f 1526/1189/1507 1532/1195/1513 1533/1196/1514
f 1525/1188/1506 1526/1189/1507 1533/1196/1514
f 1534/1197/1515 1532/1195/1513 1531/1194/1512
f 1533/1196/1514 1532/1195/1513 1535/1198/1516
f 1535/1198/1516 1532/1195/1513 1534/1197/1515
f 1536/1199/1517 1525/1188/1506 1533/1196/1514
f 1533/1196/1514 1535/1198/1516 1536/1199/1517
f 1537/1200/1518 1525/1188/1506 1536/1199/1517
f 1521/1184/1502 1525/1188/1506 1537/1200/1518
f 1538/1201/1519 1536/1199/1517 1535/1198/1516
f 1521/1184/1502 1537/1200/1518 1539/1202/1520
f 1539/1202/1520 1519/1182/1500 1521/1184/1502
f 1537/1200/1518 1536/1199/1517 1540/1203/1521
f 1540/1203/1521 1539/1202/1520 1537/1200/1518
f 1541/1204/1522 1540/1203/1521 1536/1199/1517
f 1536/1199/1517 1538/1201/1519 1541/1204/1522
f 1519/1182/1500 1539/1202/1520 1542/1205/1523
f 1519/1182/1500 1542/1205/1523 1518/1181/1499
f 1539/1202/1520 1540/1203/1521 1543/1206/1524
f 1518/1181/1499 1542/1205/1523 1544/1207/1525
f 1518/1181/1499 1544/1207/1525 1516/1179/1497
f 1539/1202/1520 1545/1208/1526 1542/1205/1523
f 1543/1206/1524 1545/1208/1526 1539/1202/1520
f 1542/1205/1523 1546/1209/1527 1544/1207/1525
f 1546/1209/1527 1542/1205/1523 1545/1208/1526
f 1516/1179/1497 1544/1207/1525 1547/1210/1528
f 1548/1211/1529 1544/1207/1525 1546/1209/1527
f 1547/1210/1528 1544/1207/1525 1548/1211/1529
f 1545/1208/1526 1549/1212/1530 1546/1209/1527
f 1548/1211/1529 1546/1209/1527 1550/1213/1531
f 1550/1213/1531 1546/1209/1527 1549/1212/1530
f 1549/1212/1530 1545/1208/1526 1551/1214/1532
f 1543/1206/1524 1551/1214/1532 1545/1208/1526
f 1549/1212/1530 1552/1215/1533 1550/1213/1531
f 1549/1212/1530 1551/1214/1532 1553/1216/1534
f 1549/1212/1530 1553/1216/1534 1552/1215/1533
f 1551/1214/1532 1543/1206/1524 1554/1217/1535
f 1553/1216/1534 1551/1214/1532 1555/1218/1536
f 1551/1214/1532 1554/1217/1535 1555/1218/1536
f 1543/1206/1524 1540/1203/1521 1556/1219/1537
f 1543/1206/1524 1556/1219/1537 1554/1217/1535
f 1540/1203/1521 1541/1204/1522 1556/1219/1537
f 1554/1217/1535 1556/1219/1537 1557/1220/1538
f 1556/1219/1537 1541/1204/1522 1558/1221/1539
f 1556/1219/1537 1558/1221/1539 1557/1220/1538
f 1541/1204/1522 1559/1222/1540 1558/1221/1539
f 1559/1222/1540 1541/1204/1522 1538/1201/1519
f 1557/1220/1538 1560/1223/1541 1554/1217/1535
f 1555/1218/1536 1554/1217/1535 1560/1223/1541
f 1561/1224/1542 1557/1220/1538 1558/1221/1539
f 1562/1225/1543 1560/1223/1541 1557/1220/1538
f 1557/1220/1538 1561/1224/1542 1562/1225/1543
f 1559/1222/1540 1563/1226/1544 1558/1221/1539
f 1561/1224/1542 1558/1221/1539 1563/1226/1544
f 1538/1201/1519 1564/1227/1545 1559/1222/1540
f 1563/1226/1544 1559/1222/1540 1564/1227/1545
f 1564/1227/1545 1538/1201/1519 1565/1228/1546
f 1535/1198/1516 1565/1228/1546 1538/1201/1519
f 1535/1198/1516 1534/1197/1515 1565/1228/1546
f 1564/1227/1545 1566/1229/1547 1563/1226/1544
f 1565/1228/1546 1534/1197/1515 1567/1230/1548
f 1534/1197/1515 1531/1194/1512 1567/1230/1548
f 1565/1228/1546 1568/1231/1549 1564/1227/1545
f 1566/1229/1547 1564/1227/1545 1568/1231/1549
f 1567/1230/1548 1569/1232/1550 1565/1228/1546
f 1568/1231/1549 1565/1228/1546 1569/1232/1550
f 1567/1230/1548 1531/1194/1512 1570/1233/1551
f 1567/1230/1548 1570/1233/1551 1569/1232/1550
f 1531/1194/1512 1529/1192/1510 1570/1233/1551
f 1570/1233/1551 1529/1192/1510 1530/1193/1511
f 1569/1232/1550 1571/1234/1552 1568/1231/1549
f 1569/1232/1550 1570/1233/1551 1571/1234/1552
f 1570/1233/1551 1530/1193/1511 1572/1235/1553
f 1571/1234/1552 1570/1233/1551 1572/1235/1553
f 1573/1236/1554 1568/1231/1549 1571/1234/1552
f 1568/1231/1549 1573/1236/1554 1566/1229/1547
f 1572/1235/1553 1574/1237/1555 1571/1234/1552
f 1574/1237/1555 1573/1236/1554 1571/1234/1552
f 1530/1193/1511 1575/1238/1556 1572/1235/1553
f 1530/1193/1511 1211/874/1194 1575/1238/1556
f 1576/1239/1557 1574/1237/1555 1572/1235/1553
f 1572/1235/1553 1575/1238/1556 1576/1239/1557
f 1211/874/1194 1577/1240/1558 1575/1238/1556
f 1211/874/1194 1207/870/1190 1577/1240/1558
f 1207/870/1190 1208/871/1191 1577/1240/1558
f 1575/1238/1556 1577/1240/1558 1578/1241/1559
f 1575/1238/1556 1578/1241/1559 1576/1239/1557
f 1577/1240/1558 1208/871/1191 1579/1242/1560
f 1577/1240/1558 1579/1242/1560 1578/1241/1559
f 1208/871/1191 1580/1243/1561 1579/1242/1560
f 1208/871/1191 1206/869/1189 1580/1243/1561
f 1578/1241/1559 1579/1242/1560 1581/1244/1562
f 1582/1245/1563 1580/1243/1561 1206/869/1189
f 1206/869/1189 1166/829/1150 1582/1245/1563
f 1579/1242/1560 1580/1243/1561 1583/1246/1564
f 1579/1242/1560 1583/1246/1564 1581/1244/1562
f 1580/1243/1561 1582/1245/1563 1584/1247/1565
f 1584/1247/1565 1583/1246/1564 1580/1243/1561
f 1585/1248/1566 1582/1245/1563 1166/829/1150
f 1166/829/1150 1164/827/1148 1585/1248/1566
f 1586/1249/1567 1585/1248/1566 1164/827/1148
f 1586/1249/1567 1164/827/1148 1160/823/1144
f 1585/1248/1566 1587/1250/1568 1582/1245/1563
f 1586/1249/1567 1588/1251/1569 1585/1248/1566
f 1588/1251/1569 1586/1249/1567 1160/823/1144
f 1587/1250/1568 1585/1248/1566 1588/1251/1569
f 1589/1252/1570 1582/1245/1563 1587/1250/1568
f 1589/1252/1570 1584/1247/1565 1582/1245/1563
f 1587/1250/1568 1588/1251/1569 1590/1253/1571
f 1587/1250/1568 1590/1253/1571 1589/1252/1570
f 1160/823/1144 1591/1254/1572 1588/1251/1569
f 1591/1254/1572 1160/823/1144 1156/819/1140
f 1588/1251/1569 1592/1255/1573 1590/1253/1571
f 1588/1251/1569 1591/1254/1572 1592/1255/1573
f 1593/1256/1574 1589/1252/1570 1590/1253/1571
f 1591/1254/1572 1156/819/1140 1594/1257/1575
f 1156/819/1140 1155/818/1139 1594/1257/1575
f 1593/1256/1574 1595/1258/1576 1589/1252/1570
f 1584/1247/1565 1589/1252/1570 1595/1258/1576
f 1590/1253/1571 1596/1259/1577 1593/1256/1574
f 1593/1256/1574 1596/1259/1577 1595/1258/1576
f 1595/1258/1576 1597/1260/1578 1584/1247/1565
f 1583/1246/1564 1584/1247/1565 1597/1260/1578
f 1598/1261/1579 1595/1258/1576 1596/1259/1577
f 1595/1258/1576 1598/1261/1579 1597/1260/1578
f 1590/1253/1571 1599/1262/1580 1596/1259/1577
f 1590/1253/1571 1592/1255/1573 1599/1262/1580
f 1596/1259/1577 1600/1263/1581 1598/1261/1579
f 1599/1262/1580 1600/1263/1581 1596/1259/1577
f 1601/1264/1582 1597/1260/1578 1598/1261/1579
f 1597/1260/1578 1602/1265/1583 1583/1246/1564
f 1597/1260/1578 1601/1264/1582 1602/1265/1583
f 1581/1244/1562 1583/1246/1564 1602/1265/1583
f 1598/1261/1579 1603/1266/1584 1601/1264/1582
f 1603/1266/1584 1598/1261/1579 1600/1263/1581
f 1604/1267/1585 1602/1265/1583 1601/1264/1582
f 1605/1268/1586 1601/1264/1582 1603/1266/1584
f 1601/1264/1582 1605/1268/1586 1604/1267/1585
f 1602/1265/1583 1606/1269/1587 1581/1244/1562
f 1604/1267/1585 1607/1270/1588 1602/1265/1583
f 1606/1269/1587 1602/1265/1583 1607/1270/1588
f 1608/1271/1589 1604/1267/1585 1605/1268/1586
f 1604/1267/1585 1608/1271/1589 1607/1270/1588
f 1609/1272/1590 1581/1244/1562 1606/1269/1587
f 1578/1241/1559 1581/1244/1562 1609/1272/1590
f 1607/1270/1588 1610/1273/1591 1606/1269/1587
f 1611/1274/1592 1578/1241/1559 1609/1272/1590
f 1611/1274/1592 1576/1239/1557 1578/1241/1559
f 1606/1269/1587 1612/1275/1593 1609/1272/1590
f 1612/1275/1593 1606/1269/1587 1610/1273/1591
f 1613/1276/1594 1611/1274/1592 1609/1272/1590
f 1613/1276/1594 1609/1272/1590 1612/1275/1593
f 1576/1239/1557 1611/1274/1592 1614/1277/1595
f 1614/1277/1595 1611/1274/1592 1613/1276/1594
f 1615/1278/1596 1576/1239/1557 1614/1277/1595
f 1576/1239/1557 1615/1278/1596 1574/1237/1555
f 1616/1279/1597 1614/1277/1595 1613/1276/1594
f 1574/1237/1555 1615/1278/1596 1617/1280/1598
f 1574/1237/1555 1617/1280/1598 1573/1236/1554
f 1618/1281/1599 1615/1278/1596 1614/1277/1595
f 1618/1281/1599 1614/1277/1595 1616/1279/1597
f 1617/1280/1598 1619/1282/1600 1573/1236/1554
f 1619/1282/1600 1566/1229/1547 1573/1236/1554
f 1617/1280/1598 1615/1278/1596 1620/1283/1601
f 1566/1229/1547 1619/1282/1600 1621/1284/1602
f 1621/1284/1602 1563/1226/1544 1566/1229/1547
f 1563/1226/1544 1621/1284/1602 1561/1224/1542
f 1617/1280/1598 1622/1285/1603 1619/1282/1600
f 1617/1280/1598 1620/1283/1601 1622/1285/1603
f 1623/1286/1604 1621/1284/1602 1619/1282/1600
f 1619/1282/1600 1622/1285/1603 1623/1286/1604
f 1624/1287/1605 1561/1224/1542 1621/1284/1602
f 1624/1287/1605 1621/1284/1602 1623/1286/1604
f 1562/1225/1543 1561/1224/1542 1624/1287/1605
f 1625/1288/1606 1623/1286/1604 1622/1285/1603
f 1624/1287/1605 1623/1286/1604 1626/1289/1607
f 1623/1286/1604 1625/1288/1606 1626/1289/1607
f 1562/1225/1543 1624/1287/1605 1627/1290/1608
f 1627/1290/1608 1624/1287/1605 1626/1289/1607
f 1622/1285/1603 1628/1291/1609 1625/1288/1606
f 1622/1285/1603 1620/1283/1601 1628/1291/1609
f 1626/1289/1607 1625/1288/1606 1629/1292/1610
f 1630/1293/1611 1625/1288/1606 1628/1291/1609
f 1630/1293/1611 1629/1292/1610 1625/1288/1606
f 1627/1290/1608 1626/1289/1607 1631/1294/1612
f 1629/1292/1610 1631/1294/1612 1626/1289/1607
f 1562/1225/1543 1627/1290/1608 1632/1295/1613
f 1560/1223/1541 1562/1225/1543 1632/1295/1613
f 1627/1290/1608 1631/1294/1612 1633/1296/1614
f 1633/1296/1614 1632/1295/1613 1627/1290/1608
f 1632/1295/1613 1634/1297/1615 1560/1223/1541
f 1560/1223/1541 1634/1297/1615 1555/1218/1536
f 1635/1298/1616 1632/1295/1613 1633/1296/1614
f 1634/1297/1615 1632/1295/1613 1635/1298/1616
f 1636/1299/1617 1555/1218/1536 1634/1297/1615
f 1634/1297/1615 1635/1298/1616 1637/1300/1618
f 1634/1297/1615 1637/1300/1618 1636/1299/1617
f 1636/1299/1617 1638/1301/1619 1555/1218/1536
f 1553/1216/1534 1555/1218/1536 1638/1301/1619
f 1639/1302/1620 1636/1299/1617 1637/1300/1618
f 1640/1303/1621 1553/1216/1534 1638/1301/1619
f 1640/1303/1621 1552/1215/1533 1553/1216/1534
f 1636/1299/1617 1641/1304/1622 1638/1301/1619
f 1641/1304/1622 1636/1299/1617 1639/1302/1620
f 1640/1303/1621 1638/1301/1619 1642/1305/1623
f 1641/1304/1622 1642/1305/1623 1638/1301/1619
f 1640/1303/1621 1643/1306/1624 1552/1215/1533
f 1642/1305/1623 1644/1307/1243 1640/1303/1621
f 1643/1306/1624 1640/1303/1621 1644/1307/1243
f 1645/1308/1625 1642/1305/1623 1641/1304/1622
f 1646/1309/1626 1552/1215/1533 1643/1306/1624
f 1646/1309/1626 1550/1213/1531 1552/1215/1533
f 1645/1308/1625 1641/1304/1622 1647/1310/1627
f 1647/1310/1627 1641/1304/1622 1639/1302/1620
f 1645/1308/1625 1648/1311/1628 1642/1305/1623
f 1644/1307/1243 1642/1305/1623 1648/1311/1628
f 1645/1308/1625 1647/1310/1627 1649/1312/1629
f 1645/1308/1625 1649/1312/1629 1648/1311/1628
f 1647/1310/1627 1639/1302/1620 1650/1313/1630
f 1637/1300/1618 1650/1313/1630 1639/1302/1620
f 1649/1312/1629 1647/1310/1627 1651/1314/1631
f 1647/1310/1627 1650/1313/1630 1651/1314/1631
f 1650/1313/1630 1637/1300/1618 1652/1315/1632
f 1637/1300/1618 1653/1316/1633 1652/1315/1632
f 1653/1316/1633 1637/1300/1618 1635/1298/1616
f 1652/1315/1632 1654/1317/1634 1650/1313/1630
f 1635/1298/1616 1655/1318/1635 1653/1316/1633
f 1635/1298/1616 1633/1296/1614 1655/1318/1635
f 1656/1319/1636 1652/1315/1632 1653/1316/1633
f 1652/1315/1632 1656/1319/1636 1654/1317/1634
f 1657/1320/1637 1653/1316/1633 1655/1318/1635
f 1653/1316/1633 1657/1320/1637 1656/1319/1636
f 1655/1318/1635 1633/1296/1614 1658/1321/1638
f 1657/1320/1637 1655/1318/1635 1659/1322/1639
f 1659/1322/1639 1655/1318/1635 1658/1321/1638
f 1660/1323/1640 1656/1319/1636 1657/1320/1637
f 1661/1324/1641 1658/1321/1638 1633/1296/1614
f 1661/1324/1641 1633/1296/1614 1631/1294/1612
f 1657/1320/1637 1659/1322/1639 1662/1325/1642
f 1660/1323/1640 1657/1320/1637 1662/1325/1642
f 1663/1326/1643 1661/1324/1641 1631/1294/1612
f 1631/1294/1612 1629/1292/1610 1663/1326/1643
f 1658/1321/1638 1661/1324/1641 1664/1327/1644
f 1663/1326/1643 1629/1292/1610 1665/1328/1645
f 1629/1292/1610 1630/1293/1611 1665/1328/1645
f 1661/1324/1641 1663/1326/1643 1666/1329/1646
f 1664/1327/1644 1661/1324/1641 1666/1329/1646
f 1667/1330/1647 1663/1326/1643 1665/1328/1645
f 1663/1326/1643 1667/1330/1647 1666/1329/1646
f 1630/1293/1611 1668/1331/1648 1665/1328/1645
f 1669/1332/1649 1666/1329/1646 1667/1330/1647
f 1668/1331/1648 1630/1293/1611 1670/1333/1650
f 1628/1291/1609 1670/1333/1650 1630/1293/1611
f 1666/1329/1646 1669/1332/1649 1671/1334/1651
f 1664/1327/1644 1666/1329/1646 1671/1334/1651
f 1672/1335/1652 1670/1333/1650 1628/1291/1609
f 1628/1291/1609 1620/1283/1601 1672/1335/1652
f 1671/1334/1651 1673/1336/1653 1664/1327/1644
f 1672/1335/1652 1620/1283/1601 1674/1337/1654
f 1675/1338/1655 1664/1327/1644 1673/1336/1653
f 1675/1338/1655 1658/1321/1638 1664/1327/1644
f 1659/1322/1639 1658/1321/1638 1675/1338/1655
f 1620/1283/1601 1676/1339/1656 1674/1337/1654
f 1676/1339/1656 1620/1283/1601 1615/1278/1596
f 1676/1339/1656 1615/1278/1596 1618/1281/1599
f 1674/1337/1654 1676/1339/1656 1677/1340/1657
f 1676/1339/1656 1618/1281/1599 1677/1340/1657
f 1678/1341/1658 1672/1335/1652 1674/1337/1654
f 1674/1337/1654 1677/1340/1657 1678/1341/1658
f 1677/1340/1657 1618/1281/1599 1679/1342/1659
f 1616/1279/1597 1679/1342/1659 1618/1281/1599
f 1680/1343/1660 1678/1341/1658 1677/1340/1657
f 1681/1344/1661 1677/1340/1657 1679/1342/1659
f 1680/1343/1660 1677/1340/1657 1681/1344/1661
f 1679/1342/1659 1616/1279/1597 1682/1345/1662
f 1681/1344/1661 1679/1342/1659 1683/1346/1663
f 1679/1342/1659 1682/1345/1662 1683/1346/1663
f 1684/1347/1664 1680/1343/1660 1681/1344/1661
f 1685/1348/1665 1682/1345/1662 1616/1279/1597
f 1616/1279/1597 1613/1276/1594 1685/1348/1665
f 1685/1348/1665 1613/1276/1594 1612/1275/1593
f 1685/1348/1665 1686/1349/1666 1682/1345/1662
f 1612/1275/1593 1687/1350/1667 1685/1348/1665
f 1686/1349/1666 1685/1348/1665 1687/1350/1667
f 1687/1350/1667 1612/1275/1593 1610/1273/1591
f 1686/1349/1666 1688/1351/1668 1682/1345/1662
f 1683/1346/1663 1682/1345/1662 1688/1351/1668
f 1687/1350/1667 1689/1352/1669 1686/1349/1666
f 1686/1349/1666 1689/1352/1669 1688/1351/1668
f 1687/1350/1667 1610/1273/1591 1690/1353/1670
f 1689/1352/1669 1687/1350/1667 1690/1353/1670
f 1610/1273/1591 1691/1354/1671 1690/1353/1670
f 1607/1270/1588 1691/1354/1671 1610/1273/1591
f 1689/1352/1669 1690/1353/1670 1692/1355/1672
f 1691/1354/1671 1607/1270/1588 1693/1356/1673
f 1693/1356/1673 1607/1270/1588 1608/1271/1589
f 1694/1357/1674 1690/1353/1670 1691/1354/1671
f 1694/1357/1674 1692/1355/1672 1690/1353/1670
f 1693/1356/1673 1695/1358/1675 1691/1354/1671
f 1691/1354/1671 1696/1359/1676 1694/1357/1674
f 1696/1359/1676 1691/1354/1671 1695/1358/1675
f 1693/1356/1673 1608/1271/1589 1697/1360/1677
f 1695/1358/1675 1693/1356/1673 1697/1360/1677
f 1697/1360/1677 1608/1271/1589 1698/1361/1678
f 1608/1271/1589 1605/1268/1586 1698/1361/1678
f 1695/1358/1675 1697/1360/1677 1699/1362/1679
f 1698/1361/1678 1605/1268/1586 1700/1363/1680
f 1605/1268/1586 1603/1266/1584 1700/1363/1680
f 1697/1360/1677 1698/1361/1678 1701/1364/1681
f 1699/1362/1679 1697/1360/1677 1701/1364/1681
f 1698/1361/1678 1700/1363/1680 1702/1365/1682
f 1702/1365/1682 1701/1364/1681 1698/1361/1678
f 1603/1266/1584 1703/1366/1683 1700/1363/1680
f 1600/1263/1581 1703/1366/1683 1603/1266/1584
f 1702/1365/1682 1700/1363/1680 1704/1367/1684
f 1700/1363/1680 1703/1366/1683 1704/1367/1684
f 1705/1368/1685 1701/1364/1681 1702/1365/1682
f 1702/1365/1682 1704/1367/1684 1705/1368/1685
f 1706/1369/1686 1701/1364/1681 1705/1368/1685
f 1701/1364/1681 1706/1369/1686 1699/1362/1679
f 1704/1367/1684 1707/1370/1687 1705/1368/1685
f 1708/1371/1688 1704/1367/1684 1703/1366/1683
f 1708/1371/1688 1707/1370/1687 1704/1367/1684
f 1709/1372/1689 1706/1369/1686 1705/1368/1685
f 1707/1370/1687 1709/1372/1689 1705/1368/1685
f 1710/1373/1690 1708/1371/1688 1703/1366/1683
f 1600/1263/1581 1710/1373/1690 1703/1366/1683
f 1708/1371/1688 1711/1374/1691 1707/1370/1687
f 1712/1375/1692 1710/1373/1690 1600/1263/1581
f 1599/1262/1580 1712/1375/1692 1600/1263/1581
f 1710/1373/1690 1713/1376/1693 1708/1371/1688
f 1713/1376/1693 1711/1374/1691 1708/1371/1688
f 1599/1262/1580 1714/1377/1694 1712/1375/1692
f 1714/1377/1694 1599/1262/1580 1592/1255/1573
f 1715/1378/1695 1710/1373/1690 1712/1375/1692
f 1715/1378/1695 1712/1375/1692 1714/1377/1694
f 1716/1379/1696 1714/1377/1694 1592/1255/1573
f 1591/1254/1572 1716/1379/1696 1592/1255/1573
f 1594/1257/1575 1716/1379/1696 1591/1254/1572
f 1716/1379/1696 1717/1380/1697 1714/1377/1694
f 1594/1257/1575 1717/1380/1697 1716/1379/1696
f 1717/1380/1697 1715/1378/1695 1714/1377/1694
f 1715/1378/1695 1718/1381/1698 1710/1373/1690
f 1718/1381/1698 1713/1376/1693 1710/1373/1690
f 1717/1380/1697 1719/1382/1699 1715/1378/1695
f 1719/1382/1699 1718/1381/1698 1715/1378/1695
f 1594/1257/1575 1720/1383/1700 1717/1380/1697
f 1720/1383/1700 1719/1382/1699 1717/1380/1697
f 1594/1257/1575 1721/1384/1701 1720/1383/1700
f 1721/1384/1701 1594/1257/1575 1155/818/1139
f 1721/1384/1701 1155/818/1139 1158/821/1142
f 1720/1383/1700 1722/1385/1702 1719/1382/1699
f 1723/1386/1703 1720/1383/1700 1721/1384/1701
f 1720/1383/1700 1723/1386/1703 1722/1385/1702
f 1721/1384/1701 1158/821/1142 1724/1387/1704
f 1723/1386/1703 1721/1384/1701 1724/1387/1704
f 1722/1385/1702 1725/1388/1705 1719/1382/1699
f 1719/1382/1699 1725/1388/1705 1718/1381/1698
f 1726/1389/1706 1722/1385/1702 1723/1386/1703
f 1718/1381/1698 1725/1388/1705 1727/1390/1707
f 1718/1381/1698 1727/1390/1707 1713/1376/1693
f 1728/1391/1708 1725/1388/1705 1722/1385/1702
f 1722/1385/1702 1726/1389/1706 1728/1391/1708
f 1729/1392/1709 1727/1390/1707 1725/1388/1705
f 1728/1391/1708 1729/1392/1709 1725/1388/1705
f 1727/1390/1707 1730/1393/1710 1713/1376/1693
f 1713/1376/1693 1730/1393/1710 1711/1374/1691
f 1729/1392/1709 1731/1394/1711 1727/1390/1707
f 1727/1390/1707 1731/1394/1711 1730/1393/1710
f 1728/1391/1708 1732/1395/1712 1729/1392/1709
f 1729/1392/1709 1732/1395/1712 1731/1394/1711
f 1730/1393/1710 1733/1396/1713 1711/1374/1691
f 1731/1394/1711 1734/1397/1714 1730/1393/1710
f 1730/1393/1710 1734/1397/1714 1733/1396/1713
f 1731/1394/1711 1732/1395/1712 1735/1398/1715
f 1731/1394/1711 1735/1398/1715 1734/1397/1714
f 1736/1399/1716 1732/1395/1712 1728/1391/1708
f 1736/1399/1716 1735/1398/1715 1732/1395/1712
f 1728/1391/1708 1737/1400/1717 1736/1399/1716
f 1737/1400/1717 1728/1391/1708 1726/1389/1706
f 1738/1401/1718 1735/1398/1715 1736/1399/1716
f 1726/1389/1706 1739/1402/1719 1737/1400/1717
f 1740/1403/1720 1736/1399/1716 1737/1400/1717
f 1741/1404/1721 1739/1402/1719 1726/1389/1706
f 1726/1389/1706 1723/1386/1703 1741/1404/1721
f 1741/1404/1721 1723/1386/1703 1724/1387/1704
f 1742/1405/1722 1737/1400/1717 1739/1402/1719
f 1737/1400/1717 1742/1405/1722 1740/1403/1720
f 1743/1406/1723 1739/1402/1719 1741/1404/1721
f 1741/1404/1721 1724/1387/1704 1743/1406/1723
f 1739/1402/1719 1744/1407/1724 1742/1405/1722
f 1743/1406/1723 1744/1407/1724 1739/1402/1719
f 1743/1406/1723 1724/1387/1704 1745/1408/1725
f 1743/1406/1723 1745/1408/1725 1744/1407/1724
f 1158/821/1142 1745/1408/1725 1724/1387/1704
f 1158/821/1142 1147/810/1131 1745/1408/1725
f 1745/1408/1725 1147/810/1131 1746/1409/1726
f 1744/1407/1724 1745/1408/1725 1746/1409/1726
f 1746/1409/1726 1147/810/1131 1143/806/1127
f 1746/1409/1726 1143/806/1127 1144/807/1128
f 1744/1407/1724 1746/1409/1726 1747/1410/1727
f 1746/1409/1726 1144/807/1128 1747/1410/1727
f 1744/1407/1724 1747/1410/1727 1742/1405/1722
f 1747/1410/1727 1144/807/1128 1748/1411/1728
f 1742/1405/1722 1747/1410/1727 1749/1412/1729
f 1748/1411/1728 1749/1412/1729 1747/1410/1727
f 1749/1412/1729 1740/1403/1720 1742/1405/1722
f 1141/804/1125 1748/1411/1728 1144/807/1128
f 1750/1413/1730 1740/1403/1720 1749/1412/1729
f 1740/1403/1720 1750/1413/1730 1736/1399/1716
f 1738/1401/1718 1736/1399/1716 1750/1413/1730
f 1749/1412/1729 1748/1411/1728 1751/1414/1731
f 1749/1412/1729 1751/1414/1731 1750/1413/1730
f 1748/1411/1728 1141/804/1125 1752/1415/1732
f 1752/1415/1732 1751/1414/1731 1748/1411/1728
f 1753/1416/1733 1752/1415/1732 1141/804/1125
f 1753/1416/1733 1141/804/1125 1134/797/1118
f 1134/797/1118 1130/793/1114 1753/1416/1733
f 1752/1415/1732 1754/1417/1734 1751/1414/1731
f 1752/1415/1732 1753/1416/1733 1754/1417/1734
f 1130/793/1114 1755/1418/1735 1753/1416/1733
f 1755/1418/1735 1754/1417/1734 1753/1416/1733
f 1755/1418/1735 1130/793/1114 1756/1419/1736
f 1755/1418/1735 1756/1419/1736 1754/1417/1734
f 1125/788/1109 1756/1419/1736 1130/793/1114
f 1756/1419/1736 1125/788/1109 1126/789/1110
f 1757/1420/1737 1751/1414/1731 1754/1417/1734
f 1751/1414/1731 1757/1420/1737 1750/1413/1730
f 1758/1421/1738 1754/1417/1734 1756/1419/1736
f 1754/1417/1734 1758/1421/1738 1757/1420/1737
f 1756/1419/1736 1126/789/1110 1758/1421/1738
f 1759/1422/1739 1750/1413/1730 1757/1420/1737
f 1750/1413/1730 1759/1422/1739 1738/1401/1718
f 1760/1423/1740 1758/1421/1738 1126/789/1110
f 1126/789/1110 1124/787/1108 1760/1423/1740
f 1761/1424/1741 1757/1420/1737 1758/1421/1738
f 1757/1420/1737 1761/1424/1741 1759/1422/1739
f 1762/1425/1742 1760/1423/1740 1124/787/1108
f 1123/786/1107 1762/1425/1742 1124/787/1108
f 1760/1423/1740 1763/1426/1743 1758/1421/1738
f 1760/1423/1740 1762/1425/1742 1763/1426/1743
f 1758/1421/1738 1763/1426/1743 1761/1424/1741
f 1764/1427/1744 1762/1425/1742 1123/786/1107
f 1123/786/1107 1116/779/1100 1764/1427/1744
f 1765/1428/1745 1763/1426/1743 1762/1425/1742
f 1762/1425/1742 1764/1427/1744 1765/1428/1745
f 1766/1429/1746 1764/1427/1744 1116/779/1100
f 1116/779/1100 1115/778/1099 1766/1429/1746
f 1767/1430/1747 1765/1428/1745 1764/1427/1744
f 1766/1429/1746 1767/1430/1747 1764/1427/1744
f 1768/1431/1748 1763/1426/1743 1765/1428/1745
f 1769/1432/1749 1763/1426/1743 1768/1431/1748
f 1769/1432/1749 1761/1424/1741 1763/1426/1743
f 1765/1428/1745 1770/1433/1750 1768/1431/1748
f 1768/1431/1748 1771/1434/1751 1769/1432/1749
f 1771/1434/1751 1768/1431/1748 1770/1433/1750
f 1769/1432/1749 1772/1435/1752 1761/1424/1741
f 1772/1435/1752 1769/1432/1749 1771/1434/1751
f 1770/1433/1750 1765/1428/1745 1773/1436/1753
f 1767/1430/1747 1773/1436/1753 1765/1428/1745
f 1773/1436/1753 1774/1437/1754 1770/1433/1750
f 1767/1430/1747 1775/1438/1755 1773/1436/1753
f 1774/1437/1754 1773/1436/1753 1775/1438/1755
f 1776/1439/1756 1770/1433/1750 1774/1437/1754
f 1770/1433/1750 1776/1439/1756 1771/1434/1751
f 1774/1437/1754 1775/1438/1755 1777/1440/1757
f 1774/1437/1754 1778/1441/1758 1776/1439/1756
f 1774/1437/1754 1777/1440/1757 1778/1441/1758
f 1779/1442/1759 1771/1434/1751 1776/1439/1756
f 1780/1443/1760 1776/1439/1756 1778/1441/1758
f 1780/1443/1760 1779/1442/1759 1776/1439/1756
f 1781/1444/1761 1778/1441/1758 1777/1440/1757
f 1779/1442/1759 1782/1445/1762 1771/1434/1751
f 1781/1444/1761 1783/1446/1763 1778/1441/1758
f 1784/1447/1764 1771/1434/1751 1782/1445/1762
f 1784/1447/1764 1772/1435/1752 1771/1434/1751
f 1779/1442/1759 1785/1448/1765 1782/1445/1762
f 1784/1447/1764 1782/1445/1762 1786/1449/1766
f 1786/1449/1766 1782/1445/1762 1785/1448/1765
f 1787/1450/1767 1785/1448/1765 1779/1442/1759
f 1779/1442/1759 1780/1443/1760 1787/1450/1767
f 1785/1448/1765 1788/1451/1768 1786/1449/1766
f 1787/1450/1767 1788/1451/1768 1785/1448/1765
f 1778/1441/1758 1789/1452/1769 1780/1443/1760
f 1789/1452/1769 1778/1441/1758 1783/1446/1763
f 1787/1450/1767 1780/1443/1760 1790/1453/1770
f 1790/1453/1770 1780/1443/1760 1789/1452/1769
f 1791/1454/1771 1788/1451/1768 1787/1450/1767
f 1792/1455/1772 1787/1450/1767 1790/1453/1770
f 1787/1450/1767 1792/1455/1772 1791/1454/1771
f 1790/1453/1770 1789/1452/1769 1793/1456/1773
f 1790/1453/1770 1794/1457/1774 1792/1455/1772
f 1794/1457/1774 1790/1453/1770 1793/1456/1773
f 1793/1456/1773 1789/1452/1769 1795/1458/1775
f 1783/1446/1763 1795/1458/1775 1789/1452/1769
f 1793/1456/1773 1796/1459/1776 1794/1457/1774
f 1797/1460/1777 1793/1456/1773 1795/1458/1775
f 1796/1459/1776 1793/1456/1773 1797/1460/1777
f 1794/1457/1774 1798/1461/1778 1792/1455/1772
f 1798/1461/1778 1794/1457/1774 1796/1459/1776
f 1799/1462/1779 1792/1455/1772 1798/1461/1778
f 1799/1462/1779 1791/1454/1771 1792/1455/1772
f 1798/1461/1778 1796/1459/1776 1800/1463/1780
f 1799/1462/1779 1798/1461/1778 1801/1464/1781
f 1800/1463/1780 1801/1464/1781 1798/1461/1778
f 1791/1454/1771 1799/1462/1779 1802/1465/1782
f 1803/1466/1783 1800/1463/1780 1796/1459/1776
f 1796/1459/1776 1797/1460/1777 1803/1466/1783
f 1802/1465/1782 1799/1462/1779 1804/1467/1784
f 1801/1464/1781 1804/1467/1784 1799/1462/1779
f 1791/1454/1771 1802/1465/1782 1805/1468/1785
f 1804/1467/1784 1806/1469/1786 1802/1465/1782
f 1805/1468/1785 1802/1465/1782 1806/1469/1786
f 1801/1464/1781 1807/1470/1787 1804/1467/1784
f 1808/1471/1788 1791/1454/1771 1805/1468/1785
f 1791/1454/1771 1808/1471/1788 1788/1451/1768
f 1807/1470/1787 1801/1464/1781 1809/1472/1789
f 1809/1472/1789 1801/1464/1781 1800/1463/1780
f 1810/1473/1790 1788/1451/1768 1808/1471/1788
f 1810/1473/1790 1786/1449/1766 1788/1451/1768
f 1811/1474/1791 1786/1449/1766 1810/1473/1790
f 1786/1449/1766 1811/1474/1791 1784/1447/1764
f 1810/1473/1790 1808/1471/1788 1812/1475/1792
f 1812/1475/1792 1811/1474/1791 1810/1473/1790
f 1813/1476/1793 1784/1447/1764 1811/1474/1791
f 1784/1447/1764 1813/1476/1793 1772/1435/1752
f 1811/1474/1791 1812/1475/1792 1814/1477/1794
f 1813/1476/1793 1811/1474/1791 1814/1477/1794
f 1772/1435/1752 1813/1476/1793 1815/1478/1795
f 1772/1435/1752 1815/1478/1795 1761/1424/1741
f 1813/1476/1793 1814/1477/1794 1816/1479/1796
f 1817/1480/1797 1815/1478/1795 1813/1476/1793
f 1817/1480/1797 1813/1476/1793 1816/1479/1796
f 1812/1475/1792 1818/1481/1798 1814/1477/1794
f 1816/1479/1796 1814/1477/1794 1818/1481/1798
f 1808/1471/1788 1819/1482/1799 1812/1475/1792
f 1812/1475/1792 1819/1482/1799 1818/1481/1798
f 1820/1483/1800 1819/1482/1799 1808/1471/1788
f 1808/1471/1788 1805/1468/1785 1820/1483/1800
f 1819/1482/1799 1821/1484/1801 1818/1481/1798
f 1820/1483/1800 1805/1468/1785 1822/1485/1802
f 1806/1469/1786 1822/1485/1802 1805/1468/1785
f 1823/1486/1803 1819/1482/1799 1820/1483/1800
f 1823/1486/1803 1821/1484/1801 1819/1482/1799
f 1822/1485/1802 1824/1487/1804 1820/1483/1800
f 1823/1486/1803 1820/1483/1800 1824/1487/1804
f 1825/1488/1805 1822/1485/1802 1806/1469/1786
f 1822/1485/1802 1825/1488/1805 1824/1487/1804
f 1825/1488/1805 1806/1469/1786 1826/1489/1806
f 1826/1489/1806 1806/1469/1786 1804/1467/1784
f 1827/1490/1807 1824/1487/1804 1825/1488/1805
f 1828/1491/1808 1826/1489/1806 1804/1467/1784
f 1828/1491/1808 1804/1467/1784 1807/1470/1787
f 1829/1492/1809 1825/1488/1805 1826/1489/1806
f 1829/1492/1809 1827/1490/1807 1825/1488/1805
f 1826/1489/1806 1828/1491/1808 1830/1493/1810
f 1830/1493/1810 1829/1492/1809 1826/1489/1806
f 1807/1470/1787 1831/1494/1811 1828/1491/1808
f 1807/1470/1787 1809/1472/1789 1831/1494/1811
f 1830/1493/1810 1828/1491/1808 1832/1495/1812
f 1832/1495/1812 1828/1491/1808 1831/1494/1811
f 1833/1496/1813 1830/1493/1810 1832/1495/1812
f 1834/1497/1814 1832/1495/1812 1831/1494/1811
f 1832/1495/1812 1834/1497/1814 1833/1496/1813
f 1835/1498/1815 1829/1492/1809 1830/1493/1810
f 1830/1493/1810 1833/1496/1813 1835/1498/1815
f 1829/1492/1809 1835/1498/1815 1836/1499/1816
f 1835/1498/1815 1833/1496/1813 1837/1500/1817
f 1836/1499/1816 1838/1501/1818 1829/1492/1809
f 1829/1492/1809 1838/1501/1818 1827/1490/1807
f 1836/1499/1816 1835/1498/1815 1839/1502/1819
f 1837/1500/1817 1839/1502/1819 1835/1498/1815
f 1838/1501/1818 1836/1499/1816 1840/1503/1820
f 1839/1502/1819 1841/1504/1821 1836/1499/1816
f 1840/1503/1820 1836/1499/1816 1841/1504/1821
f 1827/1490/1807 1838/1501/1818 1842/1505/1822
f 1840/1503/1820 1842/1505/1822 1838/1501/1818
f 1827/1490/1807 1842/1505/1822 1843/1506/1823
f 1842/1505/1822 1840/1503/1820 1844/1507/1824
f 1842/1505/1822 1844/1507/1824 1843/1506/1823
f 1840/1503/1820 1841/1504/1821 1845/1508/1825
f 1845/1508/1825 1844/1507/1824 1840/1503/1820
f 1846/1509/1826 1845/1508/1825 1841/1504/1821
f 1845/1508/1825 1846/1509/1826 1844/1507/1824
f 1847/1510/1827 1827/1490/1807 1843/1506/1823
f 1847/1510/1827 1824/1487/1804 1827/1490/1807
f 1823/1486/1803 1824/1487/1804 1847/1510/1827
f 1848/1511/1828 1843/1506/1823 1844/1507/1824
f 1847/1510/1827 1849/1512/1829 1823/1486/1803
f 1821/1484/1801 1823/1486/1803 1849/1512/1829
f 1843/1506/1823 1850/1513/1830 1847/1510/1827
f 1849/1512/1829 1847/1510/1827 1850/1513/1830
f 1843/1506/1823 1848/1511/1828 1850/1513/1830
f 1849/1512/1829 1851/1514/1831 1821/1484/1801
f 1821/1484/1801 1851/1514/1831 1818/1481/1798
f 1850/1513/1830 1852/1515/1832 1849/1512/1829
f 1849/1512/1829 1852/1515/1832 1851/1514/1831
f 1853/1516/1833 1818/1481/1798 1851/1514/1831
f 1818/1481/1798 1853/1516/1833 1816/1479/1796
f 1854/1517/1834 1851/1514/1831 1852/1515/1832
f 1854/1517/1834 1853/1516/1833 1851/1514/1831
f 1850/1513/1830 1855/1518/1835 1852/1515/1832
f 1855/1518/1835 1850/1513/1830 1848/1511/1828
f 1816/1479/1796 1853/1516/1833 1856/1519/1836
f 1817/1480/1797 1816/1479/1796 1856/1519/1836
f 1857/1520/1837 1856/1519/1836 1853/1516/1833
f 1854/1517/1834 1857/1520/1837 1853/1516/1833
f 1858/1521/1838 1817/1480/1797 1856/1519/1836
f 1859/1522/1839 1856/1519/1836 1857/1520/1837
f 1856/1519/1836 1859/1522/1839 1858/1521/1838
f 1854/1517/1834 1860/1523/1840 1857/1520/1837
f 1859/1522/1839 1857/1520/1837 1860/1523/1840
f 1852/1515/1832 1861/1524/1841 1854/1517/1834
f 1860/1523/1840 1854/1517/1834 1861/1524/1841
f 1861/1524/1841 1852/1515/1832 1855/1518/1835
f 1859/1522/1839 1860/1523/1840 1862/1525/1842
f 1863/1526/1843 1858/1521/1838 1859/1522/1839
f 1862/1525/1842 1863/1526/1843 1859/1522/1839
f 1864/1527/1844 1817/1480/1797 1858/1521/1838
f 1858/1521/1838 1863/1526/1843 1864/1527/1844
f 1864/1527/1844 1865/1528/1845 1817/1480/1797
f 1815/1478/1795 1817/1480/1797 1865/1528/1845
f 1866/1529/1846 1864/1527/1844 1863/1526/1843
f 1867/1530/1847 1815/1478/1795 1865/1528/1845
f 1761/1424/1741 1815/1478/1795 1867/1530/1847
f 1865/1528/1845 1864/1527/1844 1868/1531/1848
f 1865/1528/1845 1868/1531/1848 1867/1530/1847
f 1866/1529/1846 1868/1531/1848 1864/1527/1844
f 1867/1530/1847 1869/1532/1849 1761/1424/1741
f 1869/1532/1849 1759/1422/1739 1761/1424/1741
f 1867/1530/1847 1868/1531/1848 1870/1533/1850
f 1867/1530/1847 1870/1533/1850 1869/1532/1849
f 1759/1422/1739 1869/1532/1849 1871/1534/1851
f 1871/1534/1851 1738/1401/1718 1759/1422/1739
f 1870/1533/1850 1872/1535/1852 1869/1532/1849
f 1738/1401/1718 1871/1534/1851 1873/1536/1853
f 1735/1398/1715 1738/1401/1718 1873/1536/1853
f 1874/1537/1854 1871/1534/1851 1869/1532/1849
f 1869/1532/1849 1872/1535/1852 1874/1537/1854
f 1875/1538/1855 1873/1536/1853 1871/1534/1851
f 1875/1538/1855 1871/1534/1851 1874/1537/1854
f 1735/1398/1715 1873/1536/1853 1876/1539/1856
f 1873/1536/1853 1875/1538/1855 1876/1539/1856
f 1876/1539/1856 1734/1397/1714 1735/1398/1715
f 1875/1538/1855 1874/1537/1854 1877/1540/1857
f 1734/1397/1714 1876/1539/1856 1878/1541/1858
f 1734/1397/1714 1878/1541/1858 1733/1396/1713
f 1879/1542/1859 1876/1539/1856 1875/1538/1855
f 1875/1538/1855 1877/1540/1857 1879/1542/1859
f 1880/1543/1860 1878/1541/1858 1876/1539/1856
f 1879/1542/1859 1880/1543/1860 1876/1539/1856
f 1878/1541/1858 1881/1544/1861 1733/1396/1713
f 1878/1541/1858 1880/1543/1860 1882/1545/1862
f 1882/1545/1862 1881/1544/1861 1878/1541/1858
f 1883/1546/1863 1880/1543/1860 1879/1542/1859
f 1884/1547/1864 1733/1396/1713 1881/1544/1861
f 1733/1396/1713 1884/1547/1864 1711/1374/1691
f 1707/1370/1687 1711/1374/1691 1884/1547/1864
f 1707/1370/1687 1884/1547/1864 1709/1372/1689
f 1884/1547/1864 1881/1544/1861 1885/1548/1865
f 1884/1547/1864 1885/1548/1865 1709/1372/1689
f 1881/1544/1861 1886/1549/1866 1885/1548/1865
f 1881/1544/1861 1882/1545/1862 1886/1549/1866
f 1887/1550/1867 1709/1372/1689 1885/1548/1865
f 1885/1548/1865 1886/1549/1866 1888/1551/1868
f 1885/1548/1865 1888/1551/1868 1887/1550/1867
f 1889/1552/1869 1886/1549/1866 1882/1545/1862
f 1890/1553/1870 1709/1372/1689 1887/1550/1867
f 1709/1372/1689 1890/1553/1870 1706/1369/1686
f 1889/1552/1869 1891/1554/1871 1886/1549/1866
f 1888/1551/1868 1886/1549/1866 1891/1554/1871
f 1706/1369/1686 1890/1553/1870 1892/1555/1872
f 1699/1362/1679 1706/1369/1686 1892/1555/1872
f 1890/1553/1870 1887/1550/1867 1893/1556/1873
f 1890/1553/1870 1893/1556/1873 1892/1555/1872
f 1892/1555/1872 1894/1557/1874 1699/1362/1679
f 1699/1362/1679 1894/1557/1874 1695/1358/1675
f 1696/1359/1676 1695/1358/1675 1894/1557/1874
f 1894/1557/1874 1892/1555/1872 1895/1558/1875
f 1894/1557/1874 1895/1558/1875 1696/1359/1676
f 1892/1555/1872 1893/1556/1873 1896/1559/1876
f 1896/1559/1876 1895/1558/1875 1892/1555/1872
f 1897/1560/1877 1893/1556/1873 1887/1550/1867
f 1898/1561/1878 1696/1359/1676 1895/1558/1875
f 1898/1561/1878 1694/1357/1674 1696/1359/1676
f 1694/1357/1674 1898/1561/1878 1692/1355/1672
f 1893/1556/1873 1899/1562/1879 1896/1559/1876
f 1893/1556/1873 1897/1560/1877 1899/1562/1879
f 1895/1558/1875 1896/1559/1876 1900/1563/1880
f 1900/1563/1880 1896/1559/1876 1899/1562/1879
f 1895/1558/1875 1901/1564/1881 1898/1561/1878
f 1895/1558/1875 1900/1563/1880 1901/1564/1881
f 1692/1355/1672 1898/1561/1878 1902/1565/1882
f 1903/1566/1883 1898/1561/1878 1901/1564/1881
f 1903/1566/1883 1902/1565/1882 1898/1561/1878
f 1901/1564/1881 1900/1563/1880 1904/1567/1884
f 1902/1565/1882 1905/1568/1885 1692/1355/1672
f 1689/1352/1669 1692/1355/1672 1905/1568/1885
f 1905/1568/1885 1688/1351/1668 1689/1352/1669
f 1905/1568/1885 1902/1565/1882 1906/1569/1886
f 1688/1351/1668 1905/1568/1885 1907/1570/1887
f 1906/1569/1886 1907/1570/1887 1905/1568/1885
f 1688/1351/1668 1907/1570/1887 1683/1346/1663
f 1908/1571/1888 1906/1569/1886 1902/1565/1882
f 1902/1565/1882 1903/1566/1883 1908/1571/1888
f 1906/1569/1886 1909/1572/1889 1907/1570/1887
f 1906/1569/1886 1908/1571/1888 1909/1572/1889
f 1910/1573/1890 1683/1346/1663 1907/1570/1887
f 1681/1344/1661 1683/1346/1663 1910/1573/1890
f 1684/1347/1664 1681/1344/1661 1910/1573/1890
f 1911/1574/1891 1910/1573/1890 1907/1570/1887
f 1911/1574/1891 1907/1570/1887 1909/1572/1889
f 1912/1575/1892 1684/1347/1664 1910/1573/1890
f 1912/1575/1892 1910/1573/1890 1911/1574/1891
f 1913/1576/1893 1908/1571/1888 1903/1566/1883
f 1903/1566/1883 1901/1564/1881 1913/1576/1893
f 1904/1567/1884 1913/1576/1893 1901/1564/1881
f 1908/1571/1888 1913/1576/1893 1914/1577/1894
f 1914/1577/1894 1909/1572/1889 1908/1571/1888
f 1913/1576/1893 1904/1567/1884 1915/1578/1895
f 1915/1578/1895 1914/1577/1894 1913/1576/1893
f 1916/1579/1896 1915/1578/1895 1904/1567/1884
f 1917/1580/1897 1914/1577/1894 1915/1578/1895
f 1915/1578/1895 1916/1579/1896 1917/1580/1897
f 1914/1577/1894 1918/1581/1898 1909/1572/1889
f 1914/1577/1894 1917/1580/1897 1918/1581/1898
f 1904/1567/1884 1919/1582/1899 1916/1579/1896
f 1919/1582/1899 1904/1567/1884 1900/1563/1880
f 1900/1563/1880 1899/1562/1879 1919/1582/1899
f 1920/1583/1900 1909/1572/1889 1918/1581/1898
f 1909/1572/1889 1920/1583/1900 1911/1574/1891
f 1921/1584/1901 1919/1582/1899 1899/1562/1879
f 1922/1585/1902 1911/1574/1891 1920/1583/1900
f 1911/1574/1891 1922/1585/1902 1912/1575/1892
f 1923/1586/1903 1916/1579/1896 1919/1582/1899
f 1919/1582/1899 1921/1584/1901 1923/1586/1903
f 1916/1579/1896 1923/1586/1903 1924/1587/1904
f 1924/1587/1904 1917/1580/1897 1916/1579/1896
f 1925/1588/1905 1923/1586/1903 1921/1584/1901
f 1926/1589/1906 1924/1587/1904 1923/1586/1903
f 1923/1586/1903 1925/1588/1905 1926/1589/1906
f 1917/1580/1897 1924/1587/1904 1927/1590/1907
f 1921/1584/1901 1928/1591/1908 1925/1588/1905
f 1924/1587/1904 1926/1589/1906 1929/1592/1909
f 1929/1592/1909 1927/1590/1907 1924/1587/1904
f 1930/1593/1910 1926/1589/1906 1925/1588/1905
f 1925/1588/1905 1928/1591/1908 1930/1593/1910
f 1931/1594/1911 1929/1592/1909 1926/1589/1906
f 1926/1589/1906 1930/1593/1910 1931/1594/1911
f 1932/1595/1912 1928/1591/1908 1921/1584/1901
f 1932/1595/1912 1921/1584/1901 1899/1562/1879
f 1933/1596/1913 1930/1593/1910 1928/1591/1908
f 1934/1597/1914 1932/1595/1912 1899/1562/1879
f 1934/1597/1914 1899/1562/1879 1897/1560/1877
f 1932/1595/1912 1935/1598/1915 1928/1591/1908
f 1928/1591/1908 1935/1598/1915 1933/1596/1913
f 1936/1599/1916 1932/1595/1912 1934/1597/1914
f 1936/1599/1916 1935/1598/1915 1932/1595/1912
f 1897/1560/1877 1937/1600/1917 1934/1597/1914
f 1897/1560/1877 1887/1550/1867 1937/1600/1917
f 1937/1600/1917 1887/1550/1867 1888/1551/1868
f 1938/1601/1918 1934/1597/1914 1937/1600/1917
f 1938/1601/1918 1936/1599/1916 1934/1597/1914
f 1937/1600/1917 1888/1551/1868 1939/1602/1919
f 1937/1600/1917 1939/1602/1919 1938/1601/1918
f 1891/1554/1871 1939/1602/1919 1888/1551/1868
f 1936/1599/1916 1938/1601/1918 1940/1603/1920
f 1941/1604/1921 1938/1601/1918 1939/1602/1919
f 1941/1604/1921 1940/1603/1920 1938/1601/1918
f 1891/1554/1871 1942/1605/1922 1939/1602/1919
f 1939/1602/1919 1942/1605/1922 1941/1604/1921
f 1891/1554/1871 1943/1606/1923 1942/1605/1922
f 1889/1552/1869 1943/1606/1923 1891/1554/1871
f 1944/1607/1924 1941/1604/1921 1942/1605/1922
f 1942/1605/1922 1943/1606/1923 1944/1607/1924
f 1941/1604/1921 1944/1607/1924 1940/1603/1920
f 1889/1552/1869 1945/1608/1925 1943/1606/1923
f 1889/1552/1869 1882/1545/1862 1945/1608/1925
f 1946/1609/1926 1944/1607/1924 1943/1606/1923
f 1946/1609/1926 1943/1606/1923 1945/1608/1925
f 1947/1610/1927 1945/1608/1925 1882/1545/1862
f 1882/1545/1862 1880/1543/1860 1947/1610/1927
f 1883/1546/1863 1947/1610/1927 1880/1543/1860
f 1948/1611/1928 1946/1609/1926 1945/1608/1925
f 1945/1608/1925 1947/1610/1927 1948/1611/1928
f 1946/1609/1926 1949/1612/1929 1944/1607/1924
f 1946/1609/1926 1948/1611/1928 1949/1612/1929
f 1950/1613/1930 1947/1610/1927 1883/1546/1863
f 1950/1613/1930 1948/1611/1928 1947/1610/1927
f 1951/1614/1931 1944/1607/1924 1949/1612/1929
f 1951/1614/1931 1940/1603/1920 1944/1607/1924
f 1952/1615/1932 1949/1612/1929 1948/1611/1928
f 1953/1616/1933 1940/1603/1920 1951/1614/1931
f 1940/1603/1920 1953/1616/1933 1936/1599/1916
f 1936/1599/1916 1953/1616/1933 1935/1598/1915
f 1935/1598/1915 1953/1616/1933 1954/1617/1934
f 1954/1617/1934 1933/1596/1913 1935/1598/1915
f 1953/1616/1933 1951/1614/1931 1955/1618/1935
f 1955/1618/1935 1954/1617/1934 1953/1616/1933
f 1951/1614/1931 1949/1612/1929 1956/1619/1936
f 1956/1619/1936 1955/1618/1935 1951/1614/1931
f 1933/1596/1913 1954/1617/1934 1957/1620/1937
f 1954/1617/1934 1955/1618/1935 1958/1621/1582
f 1958/1621/1582 1957/1620/1937 1954/1617/1934
f 1955/1618/1935 1956/1619/1936 1959/1622/1938
f 1959/1622/1938 1958/1621/1582 1955/1618/1935
f 1957/1620/1937 1960/1623/1939 1933/1596/1913
f 1930/1593/1910 1933/1596/1913 1960/1623/1939
f 1960/1623/1939 1931/1594/1911 1930/1593/1910
f 1957/1620/1937 1958/1621/1582 1961/1624/1940
f 1960/1623/1939 1957/1620/1937 1962/1625/1941
f 1961/1624/1940 1962/1625/1941 1957/1620/1937
f 1963/1626/1942 1931/1594/1911 1960/1623/1939
f 1962/1625/1941 1963/1626/1942 1960/1623/1939
f 1964/1627/1943 1961/1624/1940 1958/1621/1582
f 1958/1621/1582 1959/1622/1938 1964/1627/1943
f 1962/1625/1941 1961/1624/1940 1965/1628/1944
f 1961/1624/1940 1964/1627/1943 1966/1629/1945
f 1966/1629/1945 1965/1628/1944 1961/1624/1940
f 1967/1630/1946 1964/1627/1943 1959/1622/1938
f 1968/1631/1947 1962/1625/1941 1965/1628/1944
f 1963/1626/1942 1962/1625/1941 1968/1631/1947
f 1969/1632/1948 1966/1629/1945 1964/1627/1943
f 1964/1627/1943 1967/1630/1946 1969/1632/1948
f 1966/1629/1945 1970/1633/1949 1965/1628/1944
f 1959/1622/1938 1971/1634/1950 1967/1630/1946
f 1971/1634/1950 1959/1622/1938 1956/1619/1936
f 1970/1633/1949 1972/1635/1951 1965/1628/1944
f 1965/1628/1944 1972/1635/1951 1968/1631/1947
f 1956/1619/1936 1973/1636/1952 1971/1634/1950
f 1973/1636/1952 1956/1619/1936 1949/1612/1929
f 1973/1636/1952 1949/1612/1929 1974/1637/1953
f 1949/1612/1929 1952/1615/1932 1974/1637/1953
f 1975/1638/1954 1971/1634/1950 1973/1636/1952
f 1973/1636/1952 1974/1637/1953 1975/1638/1954
f 1971/1634/1950 1975/1638/1954 1976/1639/1955
f 1976/1639/1955 1967/1630/1946 1971/1634/1950
f 1977/1640/1956 1975/1638/1954 1974/1637/1953
f 1967/1630/1946 1976/1639/1955 1978/1641/1957
f 1978/1641/1957 1969/1632/1948 1967/1630/1946
f 1979/1642/1958 1976/1639/1955 1975/1638/1954
f 1975/1638/1954 1977/1640/1956 1979/1642/1958
f 1980/1643/1959 1978/1641/1957 1976/1639/1955
f 1976/1639/1955 1979/1642/1958 1980/1643/1959
f 1969/1632/1948 1978/1641/1957 1981/1644/1960
f 1982/1645/1961 1980/1643/1959 1979/1642/1958
f 1978/1641/1957 1980/1643/1959 1983/1646/1962
f 1983/1646/1962 1981/1644/1960 1978/1641/1957
f 1980/1643/1959 1982/1645/1961 1984/1647/1963
f 1984/1647/1963 1983/1646/1962 1980/1643/1959
f 1979/1642/1958 1985/1648/1964 1982/1645/1961
f 1979/1642/1958 1977/1640/1956 1985/1648/1964
f 1986/1649/1965 1984/1647/1963 1982/1645/1961
f 1987/1650/1966 1982/1645/1961 1985/1648/1964
f 1982/1645/1961 1987/1650/1966 1986/1649/1965
f 1977/1640/1956 1988/1651/1967 1985/1648/1964
f 1986/1649/1965 1989/1652/1968 1984/1647/1963
f 1977/1640/1956 1990/1653/1969 1988/1651/1967
f 1977/1640/1956 1974/1637/1953 1990/1653/1969
f 1974/1637/1953 1952/1615/1932 1990/1653/1969
f 1991/1654/1970 1984/1647/1963 1989/1652/1968
f 1991/1654/1970 1983/1646/1962 1984/1647/1963
f 1990/1653/1969 1952/1615/1932 1992/1655/1971
f 1952/1615/1932 1948/1611/1928 1992/1655/1971
f 1950/1613/1930 1992/1655/1971 1948/1611/1928
f 1950/1613/1930 1993/1656/1972 1992/1655/1971
f 1993/1656/1972 1950/1613/1930 1883/1546/1863
f 1994/1657/1973 1990/1653/1969 1992/1655/1971
f 1993/1656/1972 1883/1546/1863 1995/1658/1852
f 1995/1658/1852 1883/1546/1863 1879/1542/1859
f 1995/1658/1852 1879/1542/1859 1877/1540/1857
f 1996/1659/1974 1992/1655/1971 1993/1656/1972
f 1994/1657/1973 1992/1655/1971 1996/1659/1974
f 1997/1660/1975 1993/1656/1972 1995/1658/1852
f 1877/1540/1857 1998/1661/1976 1995/1658/1852
f 1997/1660/1975 1995/1658/1852 1998/1661/1976
f 1874/1537/1854 1998/1661/1976 1877/1540/1857
f 1997/1660/1975 1999/1662/1977 1993/1656/1972
f 1996/1659/1974 1993/1656/1972 1999/1662/1977
f 1874/1537/1854 2000/1663/1854 1998/1661/1976
f 2000/1663/1854 1874/1537/1854 1872/1535/1852
f 2001/1664/1978 1997/1660/1975 1998/1661/1976
f 1997/1660/1975 2001/1664/1978 1999/1662/1977
f 2000/1663/1854 2002/1665/1979 1998/1661/1976
f 2002/1665/1979 2000/1663/1854 1872/1535/1852
f 2001/1664/1978 1998/1661/1976 2003/1666/1980
f 2002/1665/1979 2003/1666/1980 1998/1661/1976
f 2004/1667/1981 1999/1662/1977 2001/1664/1978
f 2005/1668/1982 1996/1659/1974 1999/1662/1977
f 1999/1662/1977 2004/1667/1981 2005/1668/1982
f 1996/1659/1974 2005/1668/1982 1994/1657/1973
f 2004/1667/1981 2001/1664/1978 2006/1669/1983
f 2003/1666/1980 2006/1669/1983 2001/1664/1978
f 2007/1670/1984 2005/1668/1982 2004/1667/1981
f 2004/1667/1981 2006/1669/1983 2007/1670/1984
f 2008/1671/1985 1994/1657/1973 2005/1668/1982
f 2005/1668/1982 2007/1670/1984 2008/1671/1985
f 1994/1657/1973 2008/1671/1985 2009/1672/1986
f 2009/1672/1986 1990/1653/1969 1994/1657/1973
f 2009/1672/1986 1988/1651/1967 1990/1653/1969
f 2007/1670/1984 2010/1673/1739 2008/1671/1985
f 2009/1672/1986 2011/1674/1987 1988/1651/1967
f 2008/1671/1985 2012/1675/1988 2009/1672/1986
f 2011/1674/1987 2009/1672/1986 2012/1675/1988
f 2012/1675/1988 2008/1671/1985 2010/1673/1739
f 2013/1676/1989 1988/1651/1967 2011/1674/1987
f 1985/1648/1964 1988/1651/1967 2013/1676/1989
f 2011/1674/1987 2012/1675/1988 2014/1677/1990
f 2015/1678/1991 1985/1648/1964 2013/1676/1989
f 1987/1650/1966 1985/1648/1964 2015/1678/1991
f 2013/1676/1989 2011/1674/1987 2016/1679/1992
f 2014/1677/1990 2016/1679/1992 2011/1674/1987
f 2015/1678/1991 2013/1676/1989 2017/1680/1993
f 2016/1679/1992 2017/1680/1993 2013/1676/1989
f 2015/1678/1991 2018/1681/1994 1987/1650/1966
f 2017/1680/1993 2019/1682/1995 2015/1678/1991
f 2018/1681/1994 2015/1678/1991 2019/1682/1995
f 2017/1680/1993 2016/1679/1992 2020/1683/1996
f 2019/1682/1995 2017/1680/1993 2021/1684/1997
f 2020/1683/1996 2021/1684/1997 2017/1680/1993
f 2022/1685/1998 2020/1683/1996 2016/1679/1992
f 2016/1679/1992 2014/1677/1990 2022/1685/1998
f 2021/1684/1997 2020/1683/1996 2023/1686/1999
f 2020/1683/1996 2022/1685/1998 2024/1687/2000
f 2024/1687/2000 2023/1686/1999 2020/1683/1996
f 2021/1684/1997 2025/1688/2001 2019/1682/1995
f 2021/1684/1997 2023/1686/1999 2025/1688/2001
f 2026/1689/2002 2019/1682/1995 2025/1688/2001
f 2019/1682/1995 2026/1689/2002 2018/1681/1994
f 2027/1690/2003 2025/1688/2001 2023/1686/1999
f 2018/1681/1994 2026/1689/2002 2028/1691/2004
f 2028/1691/2004 2029/1692/2005 2018/1681/1994
f 1987/1650/1966 2018/1681/1994 2029/1692/2005
f 2029/1692/2005 1986/1649/1965 1987/1650/1966
f 2028/1691/2004 2026/1689/2002 2030/1693/2006
f 2030/1693/2006 2029/1692/2005 2028/1691/2004
f 2031/1694/2007 1986/1649/1965 2029/1692/2005
f 2030/1693/2006 2031/1694/2007 2029/1692/2005
f 1986/1649/1965 2031/1694/2007 1989/1652/1968
f 2032/1695/2008 2030/1693/2006 2026/1689/2002
f 2032/1695/2008 2026/1689/2002 2025/1688/2001
f 2033/1696/2009 2031/1694/2007 2030/1693/2006
f 2034/1697/2010 1989/1652/1968 2031/1694/2007
f 2033/1696/2009 2034/1697/2010 2031/1694/2007
f 2034/1697/2010 2035/1698/2011 1989/1652/1968
f 2035/1698/2011 1991/1654/1970 1989/1652/1968
f 2033/1696/2009 2030/1693/2006 2036/1699/2012
f 2036/1699/2012 2030/1693/2006 2032/1695/2008
f 2037/1700/2013 2034/1697/2010 2033/1696/2009
f 2038/1701/2014 2033/1696/2009 2036/1699/2012
f 2037/1700/2013 2033/1696/2009 2038/1701/2014
f 2039/1702/2015 2034/1697/2010 2037/1700/2013
f 2039/1702/2015 2035/1698/2011 2034/1697/2010
f 2037/1700/2013 2038/1701/2014 2040/1703/2016
f 2039/1702/2015 2037/1700/2013 2041/1704/2017
f 2041/1704/2017 2037/1700/2013 2040/1703/2016
f 2039/1702/2015 2042/1705/2018 2035/1698/2011
f 2043/1706/2019 2039/1702/2015 2041/1704/2017
f 2043/1706/2019 2042/1705/2018 2039/1702/2015
f 2042/1705/2018 2044/1707/2020 2035/1698/2011
f 2035/1698/2011 2044/1707/2020 1991/1654/1970
f 2045/1708/2021 2042/1705/2018 2043/1706/2019
f 2044/1707/2020 2046/1709/2022 1991/1654/1970
f 1983/1646/1962 1991/1654/1970 2046/1709/2022
f 2042/1705/2018 2047/1710/2023 2044/1707/2020
f 2045/1708/2021 2047/1710/2023 2042/1705/2018
f 2044/1707/2020 2048/1711/2024 2046/1709/2022
f 2047/1710/2023 2048/1711/2024 2044/1707/2020
f 2046/1709/2022 2049/1712/2025 1983/1646/1962
f 1981/1644/1960 1983/1646/1962 2049/1712/2025
f 2048/1711/2024 2050/1713/2026 2046/1709/2022
f 2049/1712/2025 2046/1709/2022 2050/1713/2026
f 2047/1710/2023 2051/1714/2027 2048/1711/2024
f 2050/1713/2026 2048/1711/2024 2052/1715/2028
f 2051/1714/2027 2052/1715/2028 2048/1711/2024
f 2047/1710/2023 2053/1716/2029 2051/1714/2027
f 2053/1716/2029 2047/1710/2023 2045/1708/2021
f 2054/1717/2030 2052/1715/2028 2051/1714/2027
f 2054/1717/2030 2051/1714/2027 2053/1716/2029
f 2054/1717/2030 2055/1718/2031 2052/1715/2028
f 2054/1717/2030 2053/1716/2029 2056/1719/2032
f 2056/1719/2032 2055/1718/2031 2054/1717/2030
f 2052/1715/2028 2057/1720/2033 2050/1713/2026
f 2052/1715/2028 2055/1718/2031 2057/1720/2033
f 2050/1713/2026 2058/1721/2034 2049/1712/2025
f 2058/1721/2034 2050/1713/2026 2057/1720/2033
f 2049/1712/2025 2058/1721/2034 2059/1722/2035
f 1981/1644/1960 2049/1712/2025 2059/1722/2035
f 2057/1720/2033 2060/1723/2036 2058/1721/2034
f 2059/1722/2035 2061/1724/2037 1981/1644/1960
f 1981/1644/1960 2061/1724/2037 1969/1632/1948
f 1966/1629/1945 1969/1632/1948 2061/1724/2037
f 1970/1633/1949 1966/1629/1945 2061/1724/2037
f 2058/1721/2034 2062/1725/2038 2059/1722/2035
f 2058/1721/2034 2060/1723/2036 2062/1725/2038
f 2059/1722/2035 2063/1726/2039 2061/1724/2037
f 2061/1724/2037 2063/1726/2039 1970/1633/1949
f 2062/1725/2038 2063/1726/2039 2059/1722/2035
f 2063/1726/2039 2064/1727/2040 1970/1633/1949
f 1970/1633/1949 2064/1727/2040 1972/1635/1951
f 2062/1725/2038 2065/1728/2041 2063/1726/2039
f 2063/1726/2039 2065/1728/2041 2064/1727/2040
f 2060/1723/2036 2066/1729/2042 2062/1725/2038
f 2062/1725/2038 2066/1729/2042 2065/1728/2041
f 1972/1635/1951 2064/1727/2040 2067/1730/2043
f 2064/1727/2040 2065/1728/2041 2068/1731/2044
f 2068/1731/2044 2067/1730/2043 2064/1727/2040
f 2065/1728/2041 2066/1729/2042 2069/1732/2045
f 2069/1732/2045 2068/1731/2044 2065/1728/2041
f 2067/1730/2043 2070/1733/2046 1972/1635/1951
f 1968/1631/1947 1972/1635/1951 2070/1733/2046
f 2071/1734/2047 2067/1730/2043 2068/1731/2044
f 2070/1733/2046 2072/1735/2048 1968/1631/1947
f 1963/1626/1942 1968/1631/1947 2072/1735/2048
f 2067/1730/2043 2073/1736/2049 2070/1733/2046
f 2067/1730/2043 2071/1734/2047 2073/1736/2049
f 2072/1735/2048 2074/1737/2050 1963/1626/1942
f 1931/1594/1911 1963/1626/1942 2074/1737/2050
f 1931/1594/1911 2074/1737/2050 1929/1592/1909
f 2068/1731/2044 2075/1738/2051 2071/1734/2047
f 2075/1738/2051 2068/1731/2044 2069/1732/2045
f 2076/1739/2052 1929/1592/1909 2074/1737/2050
f 1929/1592/1909 2076/1739/2052 1927/1590/1907
f 2076/1739/2052 2074/1737/2050 2077/1740/2053
f 2078/1741/2054 1927/1590/1907 2076/1739/2052
f 2079/1742/2055 2077/1740/2053 2074/1737/2050
f 2079/1742/2055 2074/1737/2050 2072/1735/2048
f 2077/1740/2053 2080/1743/2056 2076/1739/2052
f 2078/1741/2054 2076/1739/2052 2080/1743/2056
f 2077/1740/2053 2079/1742/2055 2081/1744/2057
f 2080/1743/2056 2077/1740/2053 2082/1745/2058
f 2081/1744/2057 2082/1745/2058 2077/1740/2053
f 2078/1741/2054 2080/1743/2056 2083/1746/2059
f 2080/1743/2056 2082/1745/2058 2083/1746/2059
f 1927/1590/1907 2078/1741/2054 2084/1747/2060
f 2084/1747/2060 2078/1741/2054 2083/1746/2059
f 2085/1748/2061 1927/1590/1907 2084/1747/2060
f 1917/1580/1897 1927/1590/1907 2085/1748/2061
f 1918/1581/1898 1917/1580/1897 2085/1748/2061
f 2085/1748/2061 2086/1749/2062 1918/1581/1898
f 2085/1748/2061 2084/1747/2060 2086/1749/2062
f 1920/1583/1900 1918/1581/1898 2086/1749/2062
f 2087/1750/2063 2086/1749/2062 2084/1747/2060
f 2083/1746/2059 2087/1750/2063 2084/1747/2060
f 2086/1749/2062 2088/1751/2064 1920/1583/1900
f 2087/1750/2063 2088/1751/2064 2086/1749/2062
f 1922/1585/1902 1920/1583/1900 2088/1751/2064
f 2087/1750/2063 2083/1746/2059 2089/1752/2065
f 2088/1751/2064 2090/1753/2066 1922/1585/1902
f 2090/1753/2066 1912/1575/1892 1922/1585/1902
f 2091/1754/2067 2088/1751/2064 2087/1750/2063
f 2089/1752/2065 2091/1754/2067 2087/1750/2063
f 2092/1755/2068 2090/1753/2066 2088/1751/2064
f 2091/1754/2067 2092/1755/2068 2088/1751/2064
f 2090/1753/2066 2093/1756/2069 1912/1575/1892
f 1684/1347/1664 1912/1575/1892 2093/1756/2069
f 2092/1755/2068 2094/1757/2070 2090/1753/2066
f 2094/1757/2070 2093/1756/2069 2090/1753/2066
f 2093/1756/2069 2095/1758/2071 1684/1347/1664
f 2095/1758/2071 1680/1343/1660 1684/1347/1664
f 1678/1341/1658 1680/1343/1660 2095/1758/2071
f 2095/1758/2071 2093/1756/2069 2096/1759/2072
f 2094/1757/2070 2096/1759/2072 2093/1756/2069
f 2097/1760/2073 1678/1341/1658 2095/1758/2071
f 2096/1759/2072 2097/1760/2073 2095/1758/2071
f 2098/1761/2074 1678/1341/1658 2097/1760/2073
f 1678/1341/1658 2098/1761/2074 1672/1335/1652
f 1672/1335/1652 2098/1761/2074 1670/1333/1650
f 2097/1760/2073 2096/1759/2072 2099/1762/2075
f 2100/1763/2076 1670/1333/1650 2098/1761/2074
f 1670/1333/1650 2100/1763/2076 1668/1331/1648
f 2097/1760/2073 2101/1764/2077 2098/1761/2074
f 2102/1765/2078 1668/1331/1648 2100/1763/2076
f 2101/1764/2077 2103/1766/2079 2098/1761/2074
f 2100/1763/2076 2098/1761/2074 2103/1766/2079
f 2101/1764/2077 2097/1760/2073 2104/1767/2080
f 2099/1762/2075 2104/1767/2080 2097/1760/2073
f 2103/1766/2079 2101/1764/2077 2105/1768/2081
f 2104/1767/2080 2105/1768/2081 2101/1764/2077
f 2106/1769/2082 2100/1763/2076 2103/1766/2079
f 2100/1763/2076 2106/1769/2082 2102/1765/2078
f 2105/1768/2081 2107/1770/2083 2103/1766/2079
f 2106/1769/2082 2103/1766/2079 2107/1770/2083
f 2102/1765/2078 2106/1769/2082 2108/1771/2084
f 2109/1772/2085 2106/1769/2082 2107/1770/2083
f 2109/1772/2085 2108/1771/2084 2106/1769/2082
f 1668/1331/1648 2102/1765/2078 2110/1773/2086
f 2108/1771/2084 2110/1773/2086 2102/1765/2078
f 2110/1773/2086 1665/1328/1645 1668/1331/1648
f 2110/1773/2086 1667/1330/1647 1665/1328/1645
f 2108/1771/2084 2111/1774/2087 2110/1773/2086
f 2108/1771/2084 2109/1772/2085 2111/1774/2087
f 2112/1775/2088 1667/1330/1647 2110/1773/2086
f 2112/1775/2088 2110/1773/2086 2111/1774/2087
f 2112/1775/2088 2113/1776/2089 1667/1330/1647
f 1669/1332/1649 1667/1330/1647 2113/1776/2089
f 2111/1774/2087 2114/1777/2090 2112/1775/2088
f 2113/1776/2089 2112/1775/2088 2114/1777/2090
f 2115/1778/2091 2111/1774/2087 2109/1772/2085
f 2115/1778/2091 2114/1777/2090 2111/1774/2087
f 2109/1772/2085 2116/1779/2092 2115/1778/2091
f 2109/1772/2085 2107/1770/2083 2116/1779/2092
f 2117/1780/2093 2114/1777/2090 2115/1778/2091
f 2116/1779/2092 2107/1770/2083 2118/1781/2094
f 2107/1770/2083 2105/1768/2081 2118/1781/2094
f 2119/1782/2095 2115/1778/2091 2116/1779/2092
f 2119/1782/2095 2117/1780/2093 2115/1778/2091
f 2120/1783/2096 2118/1781/2094 2105/1768/2081
f 2105/1768/2081 2104/1767/2080 2120/1783/2096
f 2116/1779/2092 2118/1781/2094 2121/1784/2097
f 2121/1784/2097 2119/1782/2095 2116/1779/2092
f 2118/1781/2094 2120/1783/2096 2122/1785/2098
f 2122/1785/2098 2121/1784/2097 2118/1781/2094
f 2123/1786/2099 2120/1783/2096 2104/1767/2080
f 2119/1782/2095 2121/1784/2097 2124/1787/2100
f 2125/1788/2101 2122/1785/2098 2120/1783/2096
f 2125/1788/2101 2120/1783/2096 2123/1786/2099
f 2126/1789/2102 2121/1784/2097 2122/1785/2098
f 2127/1790/2103 2122/1785/2098 2125/1788/2101
f 2122/1785/2098 2127/1790/2103 2126/1789/2102
f 2124/1787/2100 2121/1784/2097 2128/1791/2104
f 2126/1789/2102 2128/1791/2104 2121/1784/2097
f 2124/1787/2100 2129/1792/2105 2119/1782/2095
f 2129/1792/2105 2117/1780/2093 2119/1782/2095
f 2130/1793/2106 2124/1787/2100 2128/1791/2104
f 2130/1793/2106 2129/1792/2105 2124/1787/2100
f 2117/1780/2093 2129/1792/2105 2131/1794/2107
f 2130/1793/2106 2132/1795/2108 2129/1792/2105
f 2132/1795/2108 2131/1794/2107 2129/1792/2105
f 2131/1794/2107 2133/1796/2109 2117/1780/2093
f 2114/1777/2090 2117/1780/2093 2133/1796/2109
f 2114/1777/2090 2133/1796/2109 2113/1776/2089
f 2133/1796/2109 2131/1794/2107 2134/1797/2110
f 2135/1798/2111 2113/1776/2089 2133/1796/2109
f 2133/1796/2109 2134/1797/2110 2135/1798/2111
f 2113/1776/2089 2135/1798/2111 2136/1799/2112
f 2113/1776/2089 2136/1799/2112 1669/1332/1649
f 1669/1332/1649 2136/1799/2112 1671/1334/1651
f 2137/1800/2113 2135/1798/2111 2134/1797/2110
f 2135/1798/2111 2137/1800/2113 2136/1799/2112
f 2138/1801/2114 1671/1334/1651 2136/1799/2112
f 1671/1334/1651 2138/1801/2114 1673/1336/1653
f 2139/1802/2115 2136/1799/2112 2137/1800/2113
f 2136/1799/2112 2139/1802/2115 2138/1801/2114
f 2134/1797/2110 2140/1803/2116 2137/1800/2113
f 2137/1800/2113 2141/1804/2117 2139/1802/2115
f 2140/1803/2116 2141/1804/2117 2137/1800/2113
f 2142/1805/2118 2134/1797/2110 2131/1794/2107
f 2134/1797/2110 2142/1805/2118 2140/1803/2116
f 2131/1794/2107 2132/1795/2108 2142/1805/2118
f 2140/1803/2116 2056/1719/2032 2141/1804/2117
f 2143/1806/2119 2142/1805/2118 2132/1795/2108
f 2141/1804/2117 2056/1719/2032 2144/1807/2120
f 2145/1808/2121 2140/1803/2116 2142/1805/2118
f 2144/1807/2120 2056/1719/2032 2053/1716/2029
f 2146/1809/2122 2056/1719/2032 2140/1803/2116
f 2145/1808/2121 2146/1809/2122 2140/1803/2116
f 2146/1809/2122 2055/1718/2031 2056/1719/2032
f 2142/1805/2118 2147/1810/2123 2145/1808/2121
f 2143/1806/2119 2147/1810/2123 2142/1805/2118
f 2055/1718/2031 2146/1809/2122 2148/1811/2124
f 2148/1811/2124 2057/1720/2033 2055/1718/2031
f 2146/1809/2122 2145/1808/2121 2149/1812/2125
f 2149/1812/2125 2148/1811/2124 2146/1809/2122
f 2147/1810/2123 2149/1812/2125 2145/1808/2121
f 2148/1811/2124 2150/1813/2126 2057/1720/2033
f 2149/1812/2125 2150/1813/2126 2148/1811/2124
f 2150/1813/2126 2060/1723/2036 2057/1720/2033
f 2060/1723/2036 2150/1813/2126 2066/1729/2042
f 2151/1814/2127 2149/1812/2125 2147/1810/2123
f 2149/1812/2125 2151/1814/2127 2150/1813/2126
f 2152/1815/2128 2066/1729/2042 2150/1813/2126
f 2150/1813/2126 2151/1814/2127 2152/1815/2128
f 2153/1816/2129 2151/1814/2127 2147/1810/2123
f 2153/1816/2129 2147/1810/2123 2143/1806/2119
f 2154/1817/2130 2152/1815/2128 2151/1814/2127
f 2151/1814/2127 2153/1816/2129 2154/1817/2130
f 2066/1729/2042 2152/1815/2128 2155/1818/2131
f 2155/1818/2131 2069/1732/2045 2066/1729/2042
f 2152/1815/2128 2154/1817/2130 2156/1819/2132
f 2156/1819/2132 2155/1818/2131 2152/1815/2128
f 2157/1820/2133 2069/1732/2045 2155/1818/2131
f 2069/1732/2045 2157/1820/2133 2075/1738/2051
f 2158/1821/2134 2155/1818/2131 2156/1819/2132
f 2157/1820/2133 2155/1818/2131 2158/1821/2134
f 2159/1822/2135 2156/1819/2132 2154/1817/2130
f 2156/1819/2132 2159/1822/2135 2158/1821/2134
f 2160/1823/2136 2154/1817/2130 2153/1816/2129
f 2154/1817/2130 2160/1823/2136 2159/1822/2135
f 2160/1823/2136 2153/1816/2129 2161/1824/2137
f 2161/1824/2137 2153/1816/2129 2143/1806/2119
f 2162/1825/2138 2159/1822/2135 2160/1823/2136
f 2161/1824/2137 2143/1806/2119 2163/1826/2139
f 2132/1795/2108 2163/1826/2139 2143/1806/2119
f 2132/1795/2108 2130/1793/2106 2163/1826/2139
f 2164/1827/2140 2160/1823/2136 2161/1824/2137
f 2162/1825/2138 2160/1823/2136 2164/1827/2140
f 2163/1826/2139 2165/1828/2141 2161/1824/2137
f 2164/1827/2140 2161/1824/2137 2165/1828/2141
f 2166/1829/2142 2163/1826/2139 2130/1793/2106
f 2163/1826/2139 2166/1829/2142 2165/1828/2141
f 2166/1829/2142 2130/1793/2106 2128/1791/2104
f 2165/1828/2141 2167/1830/2143 2164/1827/2140
f 2166/1829/2142 2168/1831/2144 2165/1828/2141
f 2167/1830/2143 2165/1828/2141 2168/1831/2144
f 2169/1832/2145 2166/1829/2142 2128/1791/2104
f 2166/1829/2142 2169/1832/2145 2168/1831/2144
f 2169/1832/2145 2128/1791/2104 2170/1833/2146
f 2126/1789/2102 2170/1833/2146 2128/1791/2104
f 2171/1834/2147 2168/1831/2144 2169/1832/2145
f 2170/1833/2146 2126/1789/2102 2172/1835/2148
f 2127/1790/2103 2172/1835/2148 2126/1789/2102
f 2169/1832/2145 2170/1833/2146 2173/1836/2149
f 2171/1834/2147 2169/1832/2145 2173/1836/2149
f 2172/1835/2148 2174/1837/2150 2170/1833/2146
f 2173/1836/2149 2170/1833/2146 2174/1837/2150
f 2172/1835/2148 2127/1790/2103 2175/1838/2151
f 2175/1838/2151 2127/1790/2103 2125/1788/2101
f 2176/1839/2152 2172/1835/2148 2175/1838/2151
f 2174/1837/2150 2172/1835/2148 2176/1839/2152
f 2175/1838/2151 2125/1788/2101 2177/1840/2153
f 2177/1840/2153 2125/1788/2101 2123/1786/2099
f 2176/1839/2152 2175/1838/2151 2178/1841/2154
f 2178/1841/2154 2175/1838/2151 2177/1840/2153
f 2179/1842/2155 2176/1839/2152 2178/1841/2154
f 2177/1840/2153 2180/1843/2156 2178/1841/2154
f 2178/1841/2154 2180/1843/2156 2179/1842/2155
f 2177/1840/2153 2123/1786/2099 2181/1844/2157
f 2180/1843/2156 2177/1840/2153 2181/1844/2157
f 2182/1845/2158 2181/1844/2157 2123/1786/2099
f 2123/1786/2099 2104/1767/2080 2182/1845/2158
f 2099/1762/2075 2182/1845/2158 2104/1767/2080
f 2099/1762/2075 2096/1759/2072 2182/1845/2158
f 2183/1846/2159 2182/1845/2158 2096/1759/2072
f 2182/1845/2158 2183/1846/2159 2181/1844/2157
f 2183/1846/2159 2096/1759/2072 2094/1757/2070
f 2184/1847/2160 2181/1844/2157 2183/1846/2159
f 2183/1846/2159 2094/1757/2070 2184/1847/2160
f 2181/1844/2157 2184/1847/2160 2180/1843/2156
f 2185/1848/2161 2184/1847/2160 2094/1757/2070
f 2185/1848/2161 2094/1757/2070 2092/1755/2068
f 2186/1849/2162 2180/1843/2156 2184/1847/2160
f 2187/1850/2163 2185/1848/2161 2092/1755/2068
f 2187/1850/2163 2092/1755/2068 2091/1754/2067
f 2188/1851/2164 2184/1847/2160 2185/1848/2161
f 2188/1851/2164 2185/1848/2161 2187/1850/2163
f 2186/1849/2162 2184/1847/2160 2188/1851/2164
f 2189/1852/2165 2187/1850/2163 2091/1754/2067
f 2189/1852/2165 2091/1754/2067 2089/1752/2065
f 2190/1853/2166 2188/1851/2164 2187/1850/2163
f 2190/1853/2166 2187/1850/2163 2189/1852/2165
f 2186/1849/2162 2188/1851/2164 2191/1854/2167
f 2180/1843/2156 2186/1849/2162 2192/1855/2168
f 2191/1854/2167 2192/1855/2168 2186/1849/2162
f 2192/1855/2168 2179/1842/2155 2180/1843/2156
f 2193/1856/2169 2191/1854/2167 2188/1851/2164
f 2188/1851/2164 2190/1853/2166 2193/1856/2169
f 2194/1857/2170 2192/1855/2168 2191/1854/2167
f 2195/1858/2171 2193/1856/2169 2190/1853/2166
f 2196/1859/2172 2191/1854/2167 2193/1856/2169
f 2193/1856/2169 2195/1858/2171 2196/1859/2172
f 2194/1857/2170 2191/1854/2167 2196/1859/2172
f 2195/1858/2171 2190/1853/2166 2197/1860/2173
f 2197/1860/2173 2190/1853/2166 2189/1852/2165
f 2198/1861/2174 2196/1859/2172 2195/1858/2171
f 2195/1858/2171 2197/1860/2173 2198/1861/2174
f 2199/1862/2175 2194/1857/2170 2196/1859/2172
f 2196/1859/2172 2198/1861/2174 2199/1862/2175
f 2197/1860/2173 2189/1852/2165 2200/1863/2176
f 2089/1752/2065 2200/1863/2176 2189/1852/2165
f 2201/1864/2177 2198/1861/2174 2197/1860/2173
f 2200/1863/2176 2089/1752/2065 2202/1865/2178
f 2083/1746/2059 2202/1865/2178 2089/1752/2065
f 2202/1865/2178 2083/1746/2059 2082/1745/2058
f 2200/1863/2176 2203/1866/2179 2197/1860/2173
f 2200/1863/2176 2202/1865/2178 2203/1866/2179
f 2201/1864/2177 2197/1860/2173 2203/1866/2179
f 2202/1865/2178 2082/1745/2058 2204/1867/2180
f 2202/1865/2178 2204/1867/2180 2203/1866/2179
f 2205/1868/2181 2204/1867/2180 2082/1745/2058
f 2082/1745/2058 2081/1744/2057 2205/1868/2181
f 2206/1869/2182 2203/1866/2179 2204/1867/2180
f 2207/1870/2183 2204/1867/2180 2205/1868/2181
f 2206/1869/2182 2204/1867/2180 2207/1870/2183
f 2203/1866/2179 2206/1869/2182 2208/1871/2184
f 2208/1871/2184 2201/1864/2177 2203/1866/2179
f 2207/1870/2183 2209/1872/2185 2206/1869/2182
f 2208/1871/2184 2206/1869/2182 2209/1872/2185
f 2201/1864/2177 2208/1871/2184 2210/1873/2186
f 2201/1864/2177 2210/1873/2186 2198/1861/2174
f 2208/1871/2184 2209/1872/2185 2210/1873/2186
f 2210/1873/2186 2211/1874/2187 2198/1861/2174
f 2210/1873/2186 2209/1872/2185 2211/1874/2187
f 2199/1862/2175 2198/1861/2174 2211/1874/2187
f 2211/1874/2187 2212/1875/2188 2199/1862/2175
f 2212/1875/2188 2194/1857/2170 2199/1862/2175
f 2213/1876/2189 2212/1875/2188 2211/1874/2187
f 2213/1876/2189 2211/1874/2187 2209/1872/2185
f 2194/1857/2170 2212/1875/2188 2214/1877/2190
f 2192/1855/2168 2194/1857/2170 2214/1877/2190
f 2192/1855/2168 2214/1877/2190 2179/1842/2155
f 2215/1878/2191 2214/1877/2190 2212/1875/2188
f 2212/1875/2188 2213/1876/2189 2215/1878/2191
f 2216/1879/2192 2179/1842/2155 2214/1877/2190
f 2214/1877/2190 2215/1878/2191 2216/1879/2192
f 2217/1880/2193 2179/1842/2155 2216/1879/2192
f 2217/1880/2193 2176/1839/2152 2179/1842/2155
f 2176/1839/2152 2217/1880/2193 2174/1837/2150
f 2218/1881/2194 2216/1879/2192 2215/1878/2191
f 2216/1879/2192 2218/1881/2194 2217/1880/2193
f 2215/1878/2191 2213/1876/2189 2219/1882/2195
f 2219/1882/2195 2218/1881/2194 2215/1878/2191
f 2220/1883/2196 2217/1880/2193 2218/1881/2194
f 2217/1880/2193 2220/1883/2196 2174/1837/2150
f 2221/1884/2197 2218/1881/2194 2219/1882/2195
f 2218/1881/2194 2221/1884/2197 2220/1883/2196
f 2219/1882/2195 2213/1876/2189 2222/1885/2198
f 2222/1885/2198 2213/1876/2189 2223/1886/2199
f 2223/1886/2199 2213/1876/2189 2209/1872/2185
f 2222/1885/2198 2224/1887/2200 2219/1882/2195
f 2222/1885/2198 2223/1886/2199 2224/1887/2200
f 2219/1882/2195 2225/1888/2201 2221/1884/2197
f 2225/1888/2201 2219/1882/2195 2224/1887/2200
f 2226/1889/2202 2224/1887/2200 2223/1886/2199
f 2209/1872/2185 2226/1889/2202 2223/1886/2199
f 2225/1888/2201 2224/1887/2200 2227/1890/2203
f 2228/1891/2204 2224/1887/2200 2226/1889/2202
f 2228/1891/2204 2227/1890/2203 2224/1887/2200
f 2228/1891/2204 2226/1889/2202 2229/1892/2205
f 2209/1872/2185 2229/1892/2205 2226/1889/2202
f 2225/1888/2201 2227/1890/2203 2230/1893/2206
f 2230/1893/2206 2221/1884/2197 2225/1888/2201
f 2229/1892/2205 2231/1894/2207 2228/1891/2204
f 2230/1893/2206 2232/1895/2208 2221/1884/2197
f 2231/1894/2207 2229/1892/2205 2233/1896/2209
f 2233/1896/2209 2229/1892/2205 2209/1872/2185
f 2231/1894/2207 2234/1897/2210 2228/1891/2204
f 2227/1890/2203 2228/1891/2204 2234/1897/2210
f 2235/1898/2211 2231/1894/2207 2233/1896/2209
f 2231/1894/2207 2235/1898/2211 2234/1897/2210
f 2236/1899/2212 2230/1893/2206 2227/1890/2203
f 2230/1893/2206 2236/1899/2212 2232/1895/2208
f 2234/1897/2210 2237/1900/2213 2227/1890/2203
f 2237/1900/2213 2236/1899/2212 2227/1890/2203
f 2238/1901/2214 2237/1900/2213 2234/1897/2210
f 2235/1898/2211 2238/1901/2214 2234/1897/2210
f 2237/1900/2213 2239/1902/2215 2236/1899/2212
f 2237/1900/2213 2238/1901/2214 2240/1903/2216
f 2239/1902/2215 2237/1900/2213 2240/1903/2216
f 2239/1902/2215 2241/1904/2217 2236/1899/2212
f 2241/1904/2217 2232/1895/2208 2236/1899/2212
f 2239/1902/2215 2242/1905/2218 2241/1904/2217
f 2242/1905/2218 2239/1902/2215 2240/1903/2216
f 2241/1904/2217 2243/1906/2219 2232/1895/2208
f 2242/1905/2218 2243/1906/2219 2241/1904/2217
f 2238/1901/2214 2244/1907/2220 2240/1903/2216
f 2244/1907/2220 2238/1901/2214 2235/1898/2211
f 2240/1903/2216 2245/1908/2221 2242/1905/2218
f 2245/1908/2221 2240/1903/2216 2244/1907/2220
f 2242/1905/2218 2245/1908/2221 2246/1909/2222
f 2242/1905/2218 2246/1909/2222 2243/1906/2219
f 2247/1910/2223 2245/1908/2221 2244/1907/2220
f 2248/1911/2224 2246/1909/2222 2245/1908/2221
f 2245/1908/2221 2247/1910/2223 2248/1911/2224
f 2235/1898/2211 2249/1912/2225 2244/1907/2220
f 2247/1910/2223 2244/1907/2220 2249/1912/2225
f 2249/1912/2225 2235/1898/2211 2250/1913/2226
f 2233/1896/2209 2250/1913/2226 2235/1898/2211
f 2209/1872/2185 2250/1913/2226 2233/1896/2209
f 2251/1914/2227 2247/1910/2223 2249/1912/2225
f 2250/1913/2226 2252/1915/2228 2249/1912/2225
f 2251/1914/2227 2249/1912/2225 2252/1915/2228
f 2247/1910/2223 2251/1914/2227 2167/1830/2143
f 2167/1830/2143 2248/1911/2224 2247/1910/2223
f 2248/1911/2224 2167/1830/2143 2168/1831/2144
f 2168/1831/2144 2171/1834/2147 2248/1911/2224
f 2246/1909/2222 2248/1911/2224 2171/1834/2147
f 2253/1916/2229 2167/1830/2143 2251/1914/2227
f 2253/1916/2229 2164/1827/2140 2167/1830/2143
f 2253/1916/2229 2162/1825/2138 2164/1827/2140
f 2171/1834/2147 2254/1917/2230 2246/1909/2222
f 2254/1917/2230 2171/1834/2147 2173/1836/2149
f 2254/1917/2230 2243/1906/2219 2246/1909/2222
f 2254/1917/2230 2173/1836/2149 2174/1837/2150
f 2174/1837/2150 2255/1918/2231 2254/1917/2230
f 2243/1906/2219 2254/1917/2230 2255/1918/2231
f 2255/1918/2231 2174/1837/2150 2220/1883/2196
f 2255/1918/2231 2256/1919/2232 2243/1906/2219
f 2256/1919/2232 2255/1918/2231 2220/1883/2196
f 2256/1919/2232 2232/1895/2208 2243/1906/2219
f 2256/1919/2232 2220/1883/2196 2257/1920/2233
f 2256/1919/2232 2257/1920/2233 2232/1895/2208
f 2257/1920/2233 2220/1883/2196 2221/1884/2197
f 2257/1920/2233 2221/1884/2197 2232/1895/2208
f 2162/1825/2138 2253/1916/2229 2258/1921/2234
f 2253/1916/2229 2251/1914/2227 2258/1921/2234
f 2162/1825/2138 2258/1921/2234 2159/1822/2135
f 2258/1921/2234 2251/1914/2227 2252/1915/2228
f 2259/1922/2235 2159/1822/2135 2258/1921/2234
f 2259/1922/2235 2158/1821/2134 2159/1822/2135
f 2259/1922/2235 2258/1921/2234 2260/1923/2236
f 2252/1915/2228 2260/1923/2236 2258/1921/2234
f 2260/1923/2236 2158/1821/2134 2259/1922/2235
f 2260/1923/2236 2252/1915/2228 2261/1924/2237
f 2250/1913/2226 2261/1924/2237 2252/1915/2228
f 2262/1925/2238 2158/1821/2134 2260/1923/2236
f 2260/1923/2236 2261/1924/2237 2262/1925/2238
f 2209/1872/2185 2261/1924/2237 2250/1913/2226
f 2262/1925/2238 2263/1926/2239 2158/1821/2134
f 2157/1820/2133 2158/1821/2134 2263/1926/2239
f 2264/1927/2240 2262/1925/2238 2261/1924/2237
f 2264/1927/2240 2263/1926/2239 2262/1925/2238
f 2264/1927/2240 2261/1924/2237 2265/1928/2241
f 2209/1872/2185 2265/1928/2241 2261/1924/2237
f 2266/1929/2242 2263/1926/2239 2264/1927/2240
f 2266/1929/2242 2264/1927/2240 2265/1928/2241
f 2263/1926/2239 2267/1930/2243 2157/1820/2133
f 2263/1926/2239 2266/1929/2242 2267/1930/2243
f 2075/1738/2051 2157/1820/2133 2267/1930/2243
f 2265/1928/2241 2268/1931/2244 2266/1929/2242
f 2265/1928/2241 2209/1872/2185 2268/1931/2244
f 2269/1932/2245 2267/1930/2243 2266/1929/2242
f 2269/1932/2245 2266/1929/2242 2268/1931/2244
f 2267/1930/2243 2270/1933/2246 2075/1738/2051
f 2071/1734/2047 2075/1738/2051 2270/1933/2246
f 2269/1932/2245 2271/1934/2247 2267/1930/2243
f 2270/1933/2246 2267/1930/2243 2271/1934/2247
f 2269/1932/2245 2268/1931/2244 2271/1934/2247
f 2270/1933/2246 2272/1935/2248 2071/1734/2047
f 2270/1933/2246 2271/1934/2247 2272/1935/2248
f 2073/1736/2049 2071/1734/2047 2272/1935/2248
f 2273/1936/2249 2272/1935/2248 2271/1934/2247
f 2271/1934/2247 2268/1931/2244 2273/1936/2249
f 2272/1935/2248 2274/1937/2250 2073/1736/2049
f 2272/1935/2248 2273/1936/2249 2274/1937/2250
f 2273/1936/2249 2268/1931/2244 2275/1938/2251
f 2275/1938/2251 2274/1937/2250 2273/1936/2249
f 2276/1939/2252 2073/1736/2049 2274/1937/2250
f 2276/1939/2252 2070/1733/2046 2073/1736/2049
f 2277/1940/2253 2276/1939/2252 2274/1937/2250
f 2275/1938/2251 2277/1940/2253 2274/1937/2250
f 2276/1939/2252 2278/1941/2254 2070/1733/2046
f 2276/1939/2252 2277/1940/2253 2278/1941/2254
f 2072/1735/2048 2070/1733/2046 2278/1941/2254
f 2277/1940/2253 2275/1938/2251 2279/1942/2255
f 2278/1941/2254 2280/1943/2256 2072/1735/2048
f 2079/1742/2055 2072/1735/2048 2280/1943/2256
f 2280/1943/2256 2081/1744/2057 2079/1742/2055
f 2281/1944/2257 2278/1941/2254 2277/1940/2253
f 2277/1940/2253 2279/1942/2255 2281/1944/2257
f 2281/1944/2257 2280/1943/2256 2278/1941/2254
f 2282/1945/2258 2279/1942/2255 2275/1938/2251
f 2279/1942/2255 2282/1945/2258 2281/1944/2257
f 2268/1931/2244 2282/1945/2258 2275/1938/2251
f 2282/1945/2258 2268/1931/2244 2209/1872/2185
f 2280/1943/2256 2281/1944/2257 2283/1946/2259
f 2283/1946/2259 2281/1944/2257 2282/1945/2258
f 2081/1744/2057 2280/1943/2256 2284/1947/2260
f 2283/1946/2259 2284/1947/2260 2280/1943/2256
f 2284/1947/2260 2205/1868/2181 2081/1744/2057
f 2283/1946/2259 2282/1945/2258 2285/1948/2261
f 2284/1947/2260 2283/1946/2259 2285/1948/2261
f 2285/1948/2261 2282/1945/2258 2209/1872/2185
f 2284/1947/2260 2285/1948/2261 2205/1868/2181
f 2207/1870/2183 2285/1948/2261 2209/1872/2185
f 2207/1870/2183 2205/1868/2181 2285/1948/2261
f 2288/1949/2262 2286/1950/2263 2287/1951/2264
f 2287/1951/2264 2286/1950/2263 2289/1952/2265
f 2287/1951/2264 2290/1953/2266 2288/1949/2262
f 2291/1954/2267 2287/1951/2264 2289/1952/2265
f 2291/1954/2267 2290/1953/2266 2287/1951/2264
f 2291/1954/2267 2289/1952/2265 2292/1955/2268
f 2291/1954/2267 2292/1955/2268 2290/1953/2266
f 2293/1956/2269 2292/1955/2268 2289/1952/2265
f 2290/1953/2266 2292/1955/2268 2294/1957/2270
f 2294/1957/2270 2292/1955/2268 2293/1956/2269
f 2290/1953/2266 2294/1957/2270 2295/1958/2271
f 2296/1959/2272 2294/1957/2270 2293/1956/2269
f 2295/1958/2271 2294/1957/2270 2296/1959/2272
f 1250/913/1233 1253/916/1236 2297/1960/2273
f 2297/1960/2273 1251/914/1234 1250/913/1233
f 1253/916/1236 1275/938/1258 2297/1960/2273
f 2297/1960/2273 2298/1961/2274 1251/914/1234
f 2297/1960/2273 1275/938/1258 2299/1962/2275
f 2297/1960/2273 2299/1962/2275 2298/1961/2274
f 1251/914/1234 2298/1961/2274 2300/1963/2276
f 2300/1963/2276 1243/906/1226 1251/914/1234
f 1243/906/1226 2300/1963/2276 1181/844/1164
f 2301/1964/2277 1181/844/1164 2300/1963/2276
f 1181/844/1164 2301/1964/2277 1178/841/1161
f 2302/1965/2278 1178/841/1161 2301/1964/2277
f 2303/1966/1116 2302/1965/2278 2301/1964/2277
f 2300/1963/2276 2304/1967/2279 2301/1964/2277
f 2304/1967/2279 2300/1963/2276 2298/1961/2274
f 2303/1966/1116 2301/1964/2277 2305/1968/2280
f 2305/1968/2280 2301/1964/2277 2304/1967/2279
f 2303/1966/1116 2305/1968/2280 2306/1969/1113
f 2307/1970/2281 2306/1969/1113 2305/1968/2280
f 2305/1968/2280 2304/1967/2279 2307/1970/2281
f 2306/1969/1113 2307/1970/2281 2308/1971/2282
f 2304/1967/2279 2298/1961/2274 2309/1972/2283
f 2309/1972/2283 2307/1970/2281 2304/1967/2279
f 2310/1973/2284 2308/1971/2282 2307/1970/2281
f 2307/1970/2281 2309/1972/2283 2310/1973/2284
f 2311/1974/2285 2309/1972/2283 2298/1961/2274
f 2298/1961/2274 2299/1962/2275 2311/1974/2285
f 2312/1975/2286 2310/1973/2284 2309/1972/2283
f 2311/1974/2285 2312/1975/2286 2309/1972/2283
f 2310/1973/2284 2313/1976/2287 2308/1971/2282
f 2313/1976/2287 2314/1977/2288 2308/1971/2282
f 2312/1975/2286 2315/1978/2289 2310/1973/2284
f 2313/1976/2287 2310/1973/2284 2315/1978/2289
f 2311/1974/2285 2316/1979/2290 2312/1975/2286
f 2313/1976/2287 2317/1980/2291 2314/1977/2288
f 2318/1981/2292 2314/1977/2288 2317/1980/2291
f 2316/1979/2290 2319/1982/2293 2312/1975/2286
f 2315/1978/2289 2312/1975/2286 2319/1982/2293
f 2316/1979/2290 2311/1974/2285 2320/1983/2294
f 2316/1979/2290 2320/1983/2294 2319/1982/2293
f 2299/1962/2275 2320/1983/2294 2311/1974/2285
f 2319/1982/2293 2321/1984/2295 2315/1978/2289
f 2320/1983/2294 2299/1962/2275 2322/1985/2296
f 1275/938/1258 2322/1985/2296 2299/1962/2275
f 2319/1982/2293 2320/1983/2294 2323/1986/2297
f 2322/1985/2296 2323/1986/2297 2320/1983/2294
f 2319/1982/2293 2323/1986/2297 2321/1984/2295
f 1275/938/1258 2324/1987/2298 2322/1985/2296
f 1273/936/1256 2324/1987/2298 1275/938/1258
f 1273/936/1256 1271/934/1254 2324/1987/2298
f 2323/1986/2297 2322/1985/2296 2325/1988/2299
f 2324/1987/2298 2325/1988/2299 2322/1985/2296
f 2326/1989/2300 2324/1987/2298 1271/934/1254
f 1271/934/1254 1280/943/1263 2326/1989/2300
f 2326/1989/2300 2327/1990/2301 2324/1987/2298
f 2327/1990/2301 2325/1988/2299 2324/1987/2298
f 1280/943/1263 2328/1991/2302 2326/1989/2300
f 2326/1989/2300 2328/1991/2302 2327/1990/2301
f 2329/1992/2303 2328/1991/2302 1280/943/1263
f 2329/1992/2303 1280/943/1263 1371/1034/1354
f 2328/1991/2302 2330/1993/2304 2327/1990/2301
f 2331/1994/2305 2328/1991/2302 2329/1992/2303
f 2328/1991/2302 2331/1994/2305 2330/1993/2304
f 2329/1992/2303 1371/1034/1354 2332/1995/2306
f 2329/1992/2303 2332/1995/2306 2331/1994/2305
f 2333/1996/2307 2332/1995/2306 1371/1034/1354
f 2333/1996/2307 1371/1034/1354 1372/1035/1355
f 2331/1994/2305 2332/1995/2306 2334/1997/2308
f 2333/1996/2307 1372/1035/1355 2335/1998/2309
f 2333/1996/2307 2336/1999/2310 2332/1995/2306
f 2332/1995/2306 2336/1999/2310 2334/1997/2308
f 2333/1996/2307 2335/1998/2309 2336/1999/2310
f 1374/1037/1357 2335/1998/2309 1372/1035/1355
f 2334/1997/2308 2336/1999/2310 2337/2000/2311
f 2335/1998/2309 2338/2001/2312 2336/1999/2310
f 2338/2001/2312 2337/2000/2311 2336/1999/2310
f 1374/1037/1357 2339/2002/2313 2335/1998/2309
f 2335/1998/2309 2339/2002/2313 2338/2001/2312
f 1374/1037/1357 2340/2003/2314 2339/2002/2313
f 2340/2003/2314 1374/1037/1357 1375/1038/1358
f 2339/2002/2313 2341/2004/2315 2338/2001/2312
f 2340/2003/2314 2342/2005/2316 2339/2002/2313
f 2339/2002/2313 2342/2005/2316 2341/2004/2315
f 2340/2003/2314 1375/1038/1358 2343/2006/2317
f 2340/2003/2314 2343/2006/2317 2342/2005/2316
f 1375/1038/1358 2344/2007/2318 2343/2006/2317
f 1375/1038/1358 1377/1040/1360 2344/2007/2318
f 2342/2005/2316 2343/2006/2317 2345/2008/2319
f 1377/1040/1360 2346/2009/2320 2344/2007/2318
f 2346/2009/2320 1377/1040/1360 1379/1042/1348
f 2343/2006/2317 2344/2007/2318 2347/2010/2321
f 2343/2006/2317 2347/2010/2321 2345/2008/2319
f 2344/2007/2318 2346/2009/2320 2348/2011/2322
f 2344/2007/2318 2348/2011/2322 2347/2010/2321
f 2342/2005/2316 2345/2008/2319 2349/2012/2323
f 2341/2004/2315 2342/2005/2316 2349/2012/2323
f 2347/2010/2321 2350/2013/2324 2345/2008/2319
f 2345/2008/2319 2351/2014/2325 2349/2012/2323
f 2345/2008/2319 2350/2013/2324 2351/2014/2325
f 2349/2012/2323 2352/2015/2326 2341/2004/2315
f 2353/2016/2327 2349/2012/2323 2351/2014/2325
f 2349/2012/2323 2353/2016/2327 2352/2015/2326
f 2350/2013/2324 2354/2017/2328 2351/2014/2325
f 2353/2016/2327 2351/2014/2325 2355/2018/2329
f 2354/2017/2328 2355/2018/2329 2351/2014/2325
f 2347/2010/2321 2356/2019/2330 2350/2013/2324
f 2350/2013/2324 2357/2020/2324 2354/2017/2328
f 2350/2013/2324 2356/2019/2330 2357/2020/2324
f 2347/2010/2321 2358/2021/2331 2356/2019/2330
f 2348/2011/2322 2358/2021/2331 2347/2010/2321
f 2359/2022/852 2357/2020/2324 2356/2019/2330
f 2356/2019/2330 2358/2021/2331 2359/2022/852
f 2357/2020/2324 2360/2023/2324 2354/2017/2328
f 2359/2022/852 2361/2024/2332 2357/2020/2324
f 2357/2020/2324 2361/2024/2332 2360/2023/2324
f 2362/2025/2333 2359/2022/852 2358/2021/2331
f 2359/2022/852 2363/2026/2334 2361/2024/2332
f 2362/2025/2333 2363/2026/2334 2359/2022/852
f 2354/2017/2328 2360/2023/2324 2364/2027/2335
f 2354/2017/2328 2364/2027/2335 2355/2018/2329
f 2360/2023/2324 2361/2024/2332 2365/2028/2336
f 2360/2023/2324 2366/2029/2337 2364/2027/2335
f 2367/2030/2338 2365/2028/2336 2361/2024/2332
f 2368/2031/2339 2366/2029/2337 2360/2023/2324
f 2368/2031/2339 2360/2023/2324 2365/2028/2336
f 2367/2030/2338 2361/2024/2332 2369/2032/2340
f 2363/2026/2334 2369/2032/2340 2361/2024/2332
f 2370/2033/2341 2365/2028/2336 2367/2030/2338
f 2367/2030/2338 2369/2032/2340 2371/2034/2342
f 2367/2030/2338 2371/2034/2342 2370/2033/2341
f 2368/2031/2339 2365/2028/2336 2372/2035/2343
f 2372/2035/2343 2365/2028/2336 2370/2033/2341
f 2373/2036/2344 2368/2031/2339 2372/2035/2343
f 2374/2037/2345 2372/2035/2343 2370/2033/2341
f 2374/2037/2345 2373/2036/2344 2372/2035/2343
f 2375/2038/2346 2368/2031/2339 2373/2036/2344
f 2375/2038/2346 2366/2029/2337 2368/2031/2339
f 2376/2039/2347 2373/2036/2344 2374/2037/2345
f 2377/2040/2348 2366/2029/2337 2375/2038/2346
f 2375/2038/2346 2373/2036/2344 2378/2041/2349
f 2376/2039/2347 2378/2041/2349 2373/2036/2344
f 2379/2042/2350 2366/2029/2337 2377/2040/2348
f 2366/2029/2337 2379/2042/2350 2364/2027/2335
f 2375/2038/2346 2380/2043/2351 2377/2040/2348
f 2378/2041/2349 2380/2043/2351 2375/2038/2346
f 2381/2044/2352 2364/2027/2335 2379/2042/2350
f 2382/2045/2353 2379/2042/2350 2377/2040/2348
f 2379/2042/2350 2382/2045/2353 2381/2044/2352
f 2383/2046/2354 2377/2040/2348 2380/2043/2351
f 2377/2040/2348 2383/2046/2354 2382/2045/2353
f 2381/2044/2352 2384/2047/2355 2364/2027/2335
f 2364/2027/2335 2384/2047/2355 2355/2018/2329
f 2385/2048/2356 2381/2044/2352 2382/2045/2353
f 2381/2044/2352 2385/2048/2356 2384/2047/2355
f 2382/2045/2353 2386/2049/2357 2385/2048/2356
f 2384/2047/2355 2385/2048/2356 2387/2050/2358
f 2385/2048/2356 2386/2049/2357 2387/2050/2358
f 2355/2018/2329 2384/2047/2355 2388/2051/2359
f 2384/2047/2355 2387/2050/2358 2389/2052/2360
f 2384/2047/2355 2389/2052/2360 2388/2051/2359
f 2355/2018/2329 2388/2051/2359 2390/2053/2361
f 2355/2018/2329 2390/2053/2361 2353/2016/2327
f 2391/2054/2362 2388/2051/2359 2389/2052/2360
f 2353/2016/2327 2390/2053/2361 2392/2055/2363
f 2388/2051/2359 2393/2056/2364 2390/2053/2361
f 2393/2056/2364 2392/2055/2363 2390/2053/2361
f 2388/2051/2359 2391/2054/2362 2393/2056/2364
f 2392/2055/2363 2352/2015/2326 2353/2016/2327
f 2391/2054/2362 2389/2052/2360 2394/2057/2365
f 2394/2057/2365 2389/2052/2360 2387/2050/2358
f 2393/2056/2364 2391/2054/2362 2395/2058/2366
f 2387/2050/2358 2396/2059/2367 2394/2057/2365
f 2396/2059/2367 2387/2050/2358 2386/2049/2357
f 2394/2057/2365 2397/2060/2368 2391/2054/2362
f 2391/2054/2362 2397/2060/2368 2395/2058/2366
f 2394/2057/2365 2398/2061/2369 2397/2060/2368
f 2398/2061/2369 2394/2057/2365 2396/2059/2367
f 2397/2060/2368 2399/2062/2370 2395/2058/2366
f 2398/2061/2369 2400/2063/2371 2397/2060/2368
f 2400/2063/2371 2399/2062/2370 2397/2060/2368
f 2401/2064/2372 2400/2063/2371 2398/2061/2369
f 2396/2059/2367 2401/2064/2372 2398/2061/2369
f 2399/2062/2370 2400/2063/2371 2402/2065/2373
f 2400/2063/2371 2401/2064/2372 2402/2065/2373
f 2399/2062/2370 2403/2066/2374 2395/2058/2366
f 2399/2062/2370 2402/2065/2373 2403/2066/2374
f 2393/2056/2364 2395/2058/2366 2403/2066/2374
f 2402/2065/2373 2401/2064/2372 2404/2067/2375
f 2405/2068/2376 2393/2056/2364 2403/2066/2374
f 2405/2068/2376 2392/2055/2363 2393/2056/2364
f 2402/2065/2373 2406/2069/2377 2403/2066/2374
f 2403/2066/2374 2406/2069/2377 2405/2068/2376
f 2405/2068/2376 2407/2070/2378 2392/2055/2363
f 2407/2070/2378 2352/2015/2326 2392/2055/2363
f 2408/2071/2379 2405/2068/2376 2406/2069/2377
f 2405/2068/2376 2408/2071/2379 2407/2070/2378
f 2402/2065/2373 2409/2072/2380 2406/2069/2377
f 2409/2072/2380 2402/2065/2373 2404/2067/2375
f 2406/2069/2377 2410/2073/2381 2408/2071/2379
f 2409/2072/2380 2410/2073/2381 2406/2069/2377
f 2407/2070/2378 2408/2071/2379 2411/2074/2382
f 2411/2074/2382 2408/2071/2379 2410/2073/2381
f 2407/2070/2378 2411/2074/2382 2412/2075/2383
f 2407/2070/2378 2412/2075/2383 2352/2015/2326
f 2411/2074/2382 2410/2073/2381 2413/2076/2384
f 2411/2074/2382 2413/2076/2384 2412/2075/2383
f 2412/2075/2383 2414/2077/2385 2352/2015/2326
f 2414/2077/2385 2341/2004/2315 2352/2015/2326
f 2341/2004/2315 2414/2077/2385 2338/2001/2312
f 2337/2000/2311 2338/2001/2312 2414/2077/2385
f 2415/2078/2386 2414/2077/2385 2412/2075/2383
f 2415/2078/2386 2412/2075/2383 2413/2076/2384
f 2414/2077/2385 2416/2079/2387 2337/2000/2311
f 2416/2079/2387 2414/2077/2385 2415/2078/2386
f 2337/2000/2311 2416/2079/2387 2417/2080/2388
f 2416/2079/2387 2415/2078/2386 2418/2081/2389
f 2418/2081/2389 2417/2080/2388 2416/2079/2387
f 2417/2080/2388 2419/2082/2390 2337/2000/2311
f 2419/2082/2390 2334/1997/2308 2337/2000/2311
f 2419/2082/2390 2331/1994/2305 2334/1997/2308
f 2420/2083/2391 2331/1994/2305 2419/2082/2390
f 2420/2083/2391 2330/1993/2304 2331/1994/2305
f 2421/2084/2392 2419/2082/2390 2417/2080/2388
f 2421/2084/2392 2420/2083/2391 2419/2082/2390
f 2422/2085/2393 2421/2084/2392 2417/2080/2388
f 2422/2085/2393 2417/2080/2388 2418/2081/2389
f 2420/2083/2391 2421/2084/2392 2423/2086/2394
f 2421/2084/2392 2422/2085/2393 2424/2087/2395
f 2421/2084/2392 2424/2087/2395 2423/2086/2394
f 2425/2088/2396 2422/2085/2393 2418/2081/2389
f 2426/2089/1064 2424/2087/2395 2422/2085/2393
f 2426/2089/1064 2422/2085/2393 2425/2088/2396
f 2418/2081/2389 2427/2090/2397 2425/2088/2396
f 2427/2090/2397 2418/2081/2389 2415/2078/2386
f 2428/2091/2398 2426/2089/1064 2425/2088/2396
f 2415/2078/2386 2429/2092/2399 2427/2090/2397
f 2413/2076/2384 2429/2092/2399 2415/2078/2386
f 2425/2088/2396 2427/2090/2397 2430/2093/2400
f 2425/2088/2396 2430/2093/2400 2428/2091/2398
f 2427/2090/2397 2429/2092/2399 2431/2094/2401
f 2427/2090/2397 2431/2094/2401 2430/2093/2400
f 2429/2092/2399 2413/2076/2384 2432/2095/2402
f 2431/2094/2401 2429/2092/2399 2433/2096/2403
f 2432/2095/2402 2433/2096/2403 2429/2092/2399
f 2434/2097/2404 2432/2095/2402 2413/2076/2384
f 2434/2097/2404 2413/2076/2384 2410/2073/2381
f 2435/2098/2405 2433/2096/2403 2432/2095/2402
f 2432/2095/2402 2434/2097/2404 2435/2098/2405
f 2410/2073/2381 2436/2099/2406 2434/2097/2404
f 2436/2099/2406 2410/2073/2381 2409/2072/2380
f 2437/2100/2407 2435/2098/2405 2434/2097/2404
f 2437/2100/2407 2434/2097/2404 2436/2099/2406
f 2438/2101/2408 2436/2099/2406 2409/2072/2380
f 2438/2101/2408 2409/2072/2380 2404/2067/2375
f 2436/2099/2406 2439/2102/2409 2437/2100/2407
f 2438/2101/2408 2404/2067/2375 2440/2103/2410
f 2440/2103/2410 2404/2067/2375 2401/2064/2372
f 2396/2059/2367 2440/2103/2410 2401/2064/2372
f 2438/2101/2408 2441/2104/2411 2436/2099/2406
f 2439/2102/2409 2436/2099/2406 2441/2104/2411
f 2440/2103/2410 2442/2105/2412 2438/2101/2408
f 2443/2106/2413 2440/2103/2410 2396/2059/2367
f 2442/2105/2412 2440/2103/2410 2443/2106/2413
f 2438/2101/2408 2444/2107/2414 2441/2104/2411
f 2444/2107/2414 2438/2101/2408 2442/2105/2412
f 2443/2106/2413 2396/2059/2367 2445/2108/2415
f 2386/2049/2357 2445/2108/2415 2396/2059/2367
f 2446/2109/2416 2442/2105/2412 2443/2106/2413
f 2445/2108/2415 2386/2049/2357 2447/2110/2417
f 2447/2110/2417 2386/2049/2357 2382/2045/2353
f 2445/2108/2415 2448/2111/2418 2443/2106/2413
f 2448/2111/2418 2446/2109/2416 2443/2106/2413
f 2448/2111/2418 2445/2108/2415 2449/2112/2419
f 2446/2109/2416 2448/2111/2418 2449/2112/2419
f 2449/2112/2419 2445/2108/2415 2447/2110/2417
f 2447/2110/2417 2382/2045/2353 2450/2113/2420
f 2449/2112/2419 2447/2110/2417 2450/2113/2420
f 2382/2045/2353 2383/2046/2354 2450/2113/2420
f 2451/2114/2421 2446/2109/2416 2449/2112/2419
f 2449/2112/2419 2450/2113/2420 2452/2115/2422
f 2451/2114/2421 2449/2112/2419 2452/2115/2422
f 2383/2046/2354 2453/2116/2423 2450/2113/2420
f 2452/2115/2422 2450/2113/2420 2453/2116/2423
f 2446/2109/2416 2454/2117/2424 2442/2105/2412
f 2454/2117/2424 2446/2109/2416 2451/2114/2421
f 2442/2105/2412 2454/2117/2424 2444/2107/2414
f 2451/2114/2421 2452/2115/2422 2455/2118/2425
f 2456/2119/2426 2454/2117/2424 2451/2114/2421
f 2456/2119/2426 2451/2114/2421 2455/2118/2425
f 2457/2120/2427 2444/2107/2414 2454/2117/2424
f 2454/2117/2424 2456/2119/2426 2457/2120/2427
f 2444/2107/2414 2457/2120/2427 2458/2121/2428
f 2458/2121/2428 2441/2104/2411 2444/2107/2414
f 2459/2122/2429 2457/2120/2427 2456/2119/2426
f 2460/2123/2430 2441/2104/2411 2458/2121/2428
f 2439/2102/2409 2441/2104/2411 2460/2123/2430
f 2461/2124/2431 2458/2121/2428 2457/2120/2427
f 2459/2122/2429 2461/2124/2431 2457/2120/2427
f 2462/2125/2432 2460/2123/2430 2458/2121/2428
f 2458/2121/2428 2461/2124/2431 2462/2125/2432
f 2460/2123/2430 2463/2126/2433 2439/2102/2409
f 2462/2125/2432 2463/2126/2433 2460/2123/2430
f 2464/2127/2434 2439/2102/2409 2463/2126/2433
f 2439/2102/2409 2464/2127/2434 2437/2100/2407
f 2435/2098/2405 2437/2100/2407 2464/2127/2434
f 2463/2126/2433 2465/2128/2435 2464/2127/2434
f 2464/2127/2434 2465/2128/2435 2435/2098/2405
f 2462/2125/2432 2466/2129/2436 2463/2126/2433
f 2467/2130/2437 2435/2098/2405 2465/2128/2435
f 2435/2098/2405 2467/2130/2437 2433/2096/2403
f 2463/2126/2433 2468/2131/2438 2465/2128/2435
f 2466/2129/2436 2468/2131/2438 2463/2126/2433
f 2467/2130/2437 2465/2128/2435 2469/2132/2439
f 2467/2130/2437 2469/2132/2439 2433/2096/2403
f 2468/2131/2438 2470/2133/2440 2465/2128/2435
f 2470/2133/2440 2469/2132/2439 2465/2128/2435
f 2471/2134/2441 2433/2096/2403 2469/2132/2439
f 2433/2096/2403 2471/2134/2441 2431/2094/2401
f 2468/2131/2438 2472/2135/2442 2470/2133/2440
f 2473/2136/2443 2431/2094/2401 2471/2134/2441
f 2468/2131/2438 2474/2137/2444 2472/2135/2442
f 2466/2129/2436 2474/2137/2444 2468/2131/2438
f 2431/2094/2401 2473/2136/2443 2475/2138/2445
f 2431/2094/2401 2475/2138/2445 2430/2093/2400
f 2476/2139/2446 2473/2136/2443 2471/2134/2441
f 2477/2140/2447 2430/2093/2400 2475/2138/2445
f 2477/2140/2447 2428/2091/2398 2430/2093/2400
f 2473/2136/2443 2478/2141/2448 2475/2138/2445
f 2473/2136/2443 2476/2139/2446 2478/2141/2448
f 2478/2141/2448 2479/2142/2449 2475/2138/2445
f 2479/2142/2449 2477/2140/2447 2475/2138/2445
f 2476/2139/2446 2471/2134/2441 2480/2143/2450
f 2480/2143/2450 2471/2134/2441 2469/2132/2439
f 2481/2144/2451 2478/2141/2448 2476/2139/2446
f 2469/2132/2439 2482/2145/2452 2480/2143/2450
f 2483/2146/2453 2476/2139/2446 2480/2143/2450
f 2483/2146/2453 2480/2143/2450 2482/2145/2452
f 2481/2144/2451 2476/2139/2446 2483/2146/2453
f 2482/2145/2452 2469/2132/2439 2484/2147/2454
f 2482/2145/2452 2484/2147/2454 2483/2146/2453
f 2484/2147/2454 2469/2132/2439 2470/2133/2440
f 2481/2144/2451 2485/2148/2455 2478/2141/2448
f 2479/2142/2449 2478/2141/2448 2485/2148/2455
f 2481/2144/2451 2483/2146/2453 2486/2149/2456
f 2485/2148/2455 2481/2144/2451 2486/2149/2456
f 2487/2150/2457 2483/2146/2453 2484/2147/2454
f 2487/2150/2457 2486/2149/2456 2483/2146/2453
f 2484/2147/2454 2470/2133/2440 2488/2151/2458
f 2484/2147/2454 2488/2151/2458 2487/2150/2457
f 2472/2135/2442 2488/2151/2458 2470/2133/2440
f 2489/2152/2459 2486/2149/2456 2487/2150/2457
f 2490/2153/2460 2487/2150/2457 2488/2151/2458
f 2489/2152/2459 2487/2150/2457 2490/2153/2460
f 2472/2135/2442 2491/2154/2461 2488/2151/2458
f 2488/2151/2458 2491/2154/2461 2490/2153/2460
f 2491/2154/2461 2472/2135/2442 2492/2155/2462
f 2492/2155/2462 2472/2135/2442 2474/2137/2444
f 2491/2154/2461 2493/2156/2463 2490/2153/2460
f 2493/2156/2463 2489/2152/2459 2490/2153/2460
f 2494/2157/2464 2491/2154/2461 2492/2155/2462
f 2474/2137/2444 2494/2157/2464 2492/2155/2462
f 2494/2157/2464 2495/2158/2465 2491/2154/2461
f 2495/2158/2465 2493/2156/2463 2491/2154/2461
f 2496/2159/2466 2494/2157/2464 2474/2137/2444
f 2466/2129/2436 2496/2159/2466 2474/2137/2444
f 2497/2160/2467 2495/2158/2465 2494/2157/2464
f 2496/2159/2466 2497/2160/2467 2494/2157/2464
f 2495/2158/2465 2498/2161/2468 2493/2156/2463
f 2499/2162/2469 2495/2158/2465 2497/2160/2467
f 2499/2162/2469 2498/2161/2468 2495/2158/2465
f 2498/2161/2468 2500/2163/2470 2493/2156/2463
f 2499/2162/2469 2501/2164/2471 2498/2161/2468
f 2498/2161/2468 2501/2164/2471 2500/2163/2470
f 2502/2165/2472 2501/2164/2471 2499/2162/2469
f 2499/2162/2469 2497/2160/2467 2502/2165/2472
f 2503/2166/2473 2500/2163/2470 2501/2164/2471
f 2503/2166/2473 2501/2164/2471 2502/2165/2472
f 2504/2167/2474 2493/2156/2463 2500/2163/2470
f 2493/2156/2463 2504/2167/2474 2489/2152/2459
f 2500/2163/2470 2505/2168/1308 2504/2167/2474
f 2500/2163/2470 2503/2166/2473 2505/2168/1308
f 2504/2167/2474 2506/2169/2475 2489/2152/2459
f 2506/2169/2475 2504/2167/2474 2505/2168/1308
f 2507/2170/2476 2489/2152/2459 2506/2169/2475
f 2489/2152/2459 2507/2170/2476 2486/2149/2456
f 2507/2170/2476 2485/2148/2455 2486/2149/2456
f 2507/2170/2476 2506/2169/2475 2508/2171/2477
f 2507/2170/2476 2509/2172/2478 2485/2148/2455
f 2509/2172/2478 2507/2170/2476 2508/2171/2477
f 2479/2142/2449 2485/2148/2455 2509/2172/2478
f 2510/2173/2479 2508/2171/2477 2506/2169/2475
f 2506/2169/2475 2505/2168/1308 2510/2173/2479
f 2479/2142/2449 2509/2172/2478 2511/2174/2480
f 2477/2140/2447 2479/2142/2449 2511/2174/2480
f 2509/2172/2478 2508/2171/2477 2512/2175/2481
f 2508/2171/2477 2510/2173/2479 2512/2175/2481
f 2509/2172/2478 2513/2176/2482 2511/2174/2480
f 2511/2174/2480 2513/2176/2482 2477/2140/2447
f 2509/2172/2478 2512/2175/2481 2514/2177/2483
f 2509/2172/2478 2514/2177/2483 2513/2176/2482
f 2515/2178/2484 2512/2175/2481 2510/2173/2479
f 2516/2179/2485 2514/2177/2483 2512/2175/2481
f 2516/2179/2485 2512/2175/2481 2515/2178/2484
f 2514/2177/2483 2517/2180/2486 2513/2176/2482
f 2514/2177/2483 2516/2179/2485 2517/2180/2486
f 2518/2181/2487 2477/2140/2447 2513/2176/2482
f 2518/2181/2487 2513/2176/2482 2517/2180/2486
f 2518/2181/2487 2519/2182/2488 2477/2140/2447
f 2428/2091/2398 2477/2140/2447 2519/2182/2488
f 2426/2089/1064 2428/2091/2398 2519/2182/2488
f 2519/2182/2488 2518/2181/2487 2520/2183/2489
f 2517/2180/2486 2520/2183/2489 2518/2181/2487
f 2519/2182/2488 2521/2184/2490 2426/2089/1064
f 2520/2183/2489 2521/2184/2490 2519/2182/2488
f 2521/2184/2490 2424/2087/2395 2426/2089/1064
f 2521/2184/2490 2522/2185/2491 2424/2087/2395
f 2522/2185/2491 2423/2086/2394 2424/2087/2395
f 2521/2184/2490 2520/2183/2489 2523/2186/2492
f 2522/2185/2491 2521/2184/2490 2523/2186/2492
f 2520/2183/2489 2517/2180/2486 2524/2187/2493
f 2524/2187/2493 2523/2186/2492 2520/2183/2489
f 2525/2188/2494 2524/2187/2493 2517/2180/2486
f 2525/2188/2494 2517/2180/2486 2516/2179/2485
f 2523/2186/2492 2526/2189/2495 2522/2185/2491
f 2522/2185/2491 2526/2189/2495 2423/2086/2394
f 2524/2187/2493 2527/2190/2496 2523/2186/2492
f 2526/2189/2495 2523/2186/2492 2527/2190/2496
f 2524/2187/2493 2525/2188/2494 2528/2191/2497
f 2527/2190/2496 2524/2187/2493 2528/2191/2497
f 2525/2188/2494 2516/2179/2485 2529/2192/2498
f 2515/2178/2484 2529/2192/2498 2516/2179/2485
f 2529/2192/2498 2530/2193/2499 2525/2188/2494
f 2530/2193/2499 2528/2191/2497 2525/2188/2494
f 2529/2192/2498 2515/2178/2484 2531/2194/2500
f 2529/2192/2498 2531/2194/2500 2530/2193/2499
f 2528/2191/2497 2530/2193/2499 2532/2195/2501
f 2533/2196/2502 2530/2193/2499 2531/2194/2500
f 2533/2196/2502 2532/2195/2501 2530/2193/2499
f 2531/2194/2500 2515/2178/2484 2534/2197/2503
f 2532/2195/2501 2535/2198/2504 2528/2191/2497
f 2527/2190/2496 2528/2191/2497 2535/2198/2504
f 2534/2197/2503 2515/2178/2484 2536/2199/2505
f 2510/2173/2479 2536/2199/2505 2515/2178/2484
f 2536/2199/2505 2510/2173/2479 2505/2168/1308
f 2531/2194/2500 2534/2197/2503 2537/2200/2506
f 2531/2194/2500 2537/2200/2506 2533/2196/2502
f 2534/2197/2503 2536/2199/2505 2538/2201/2507
f 2537/2200/2506 2534/2197/2503 2538/2201/2507
f 2505/2168/1308 2539/2202/2508 2536/2199/2505
f 2539/2202/2508 2505/2168/1308 2503/2166/2473
f 2538/2201/2507 2536/2199/2505 2540/2203/2509
f 2540/2203/2509 2536/2199/2505 2539/2202/2508
f 2538/2201/2507 2540/2203/2509 2541/2204/2510
f 2539/2202/2508 2542/2205/2511 2540/2203/2509
f 2541/2204/2510 2540/2203/2509 2542/2205/2511
f 2503/2166/2473 2543/2206/2512 2539/2202/2508
f 2542/2205/2511 2539/2202/2508 2543/2206/2512
f 2544/2207/2513 2538/2201/2507 2541/2204/2510
f 2537/2200/2506 2538/2201/2507 2544/2207/2513
f 2544/2207/2513 2541/2204/2510 2545/2208/2514
f 2541/2204/2510 2542/2205/2511 2545/2208/2514
f 2546/2209/2515 2537/2200/2506 2544/2207/2513
f 2546/2209/2515 2544/2207/2513 2545/2208/2514
f 2537/2200/2506 2546/2209/2515 2547/2210/2516
f 2547/2210/2516 2533/2196/2502 2537/2200/2506
f 2547/2210/2516 2548/2211/2517 2533/2196/2502
f 2532/2195/2501 2533/2196/2502 2548/2211/2517
f 2535/2198/2504 2532/2195/2501 2548/2211/2517
f 2549/2212/2518 2547/2210/2516 2546/2209/2515
f 2547/2210/2516 2549/2212/2518 2548/2211/2517
f 2545/2208/2514 2550/2213/2519 2546/2209/2515
f 2549/2212/2518 2546/2209/2515 2550/2213/2519
f 2551/2214/2520 2535/2198/2504 2548/2211/2517
f 2551/2214/2520 2548/2211/2517 2549/2212/2518
f 2550/2213/2519 2545/2208/2514 2552/2215/2521
f 2553/2216/2522 2551/2214/2520 2549/2212/2518
f 2552/2215/2521 2545/2208/2514 2554/2217/2523
f 2554/2217/2523 2545/2208/2514 2542/2205/2511
f 2555/2218/2524 2549/2212/2518 2550/2213/2519
f 2549/2212/2518 2555/2218/2524 2553/2216/2522
f 2554/2217/2523 2542/2205/2511 2556/2219/2525
f 2556/2219/2525 2542/2205/2511 2543/2206/2512
f 2557/2220/2526 2554/2217/2523 2556/2219/2525
f 2557/2220/2526 2552/2215/2521 2554/2217/2523
f 2556/2219/2525 2543/2206/2512 2558/2221/2527
f 2552/2215/2521 2559/2222/2528 2550/2213/2519
f 2550/2213/2519 2559/2222/2528 2555/2218/2524
f 2557/2220/2526 2560/2223/2529 2552/2215/2521
f 2559/2222/2528 2552/2215/2521 2560/2223/2529
f 2557/2220/2526 2556/2219/2525 2561/2224/2530
f 2558/2221/2527 2561/2224/2530 2556/2219/2525
f 2557/2220/2526 2562/2225/2531 2560/2223/2529
f 2562/2225/2531 2557/2220/2526 2561/2224/2530
f 2560/2223/2529 2563/2226/2532 2559/2222/2528
f 2564/2227/2533 2560/2223/2529 2562/2225/2531
f 2560/2223/2529 2564/2227/2533 2563/2226/2532
f 2565/2228/2534 2559/2222/2528 2563/2226/2532
f 2559/2222/2528 2565/2228/2534 2555/2218/2524
f 2563/2226/2532 2564/2227/2533 2566/2229/2535
f 2555/2218/2524 2565/2228/2534 2567/2230/2536
f 2565/2228/2534 2563/2226/2532 2568/2231/2537
f 2565/2228/2534 2568/2231/2537 2567/2230/2536
f 2566/2229/2535 2568/2231/2537 2563/2226/2532
f 2567/2230/2536 2569/2232/2538 2555/2218/2524
f 2569/2232/2538 2553/2216/2522 2555/2218/2524
f 2570/2233/2539 2567/2230/2536 2568/2231/2537
f 2567/2230/2536 2570/2233/2539 2569/2232/2538
f 2569/2232/2538 2571/2234/2540 2553/2216/2522
f 2551/2214/2520 2553/2216/2522 2571/2234/2540
f 2572/2235/2541 2569/2232/2538 2570/2233/2539
f 2551/2214/2520 2571/2234/2540 2573/2236/2542
f 2573/2236/2542 2535/2198/2504 2551/2214/2520
f 2571/2234/2540 2569/2232/2538 2574/2237/2543
f 2569/2232/2538 2572/2235/2541 2574/2237/2543
f 2571/2234/2540 2574/2237/2543 2573/2236/2542
f 2570/2233/2539 2575/2238/2544 2572/2235/2541
f 2570/2233/2539 2568/2231/2537 2575/2238/2544
f 2572/2235/2541 2576/2239/2545 2574/2237/2543
f 2576/2239/2545 2572/2235/2541 2575/2238/2544
f 2577/2240/2546 2575/2238/2544 2568/2231/2537
f 2568/2231/2537 2566/2229/2535 2577/2240/2546
f 2578/2241/2547 2576/2239/2545 2575/2238/2544
f 2575/2238/2544 2577/2240/2546 2579/2242/2548
f 2575/2238/2544 2579/2242/2548 2578/2241/2547
f 2580/2243/2549 2577/2240/2546 2566/2229/2535
f 2577/2240/2546 2580/2243/2549 2579/2242/2548
f 2578/2241/2547 2581/2244/2550 2576/2239/2545
f 2581/2244/2550 2574/2237/2543 2576/2239/2545
f 2578/2241/2547 2582/2245/2551 2581/2244/2550
f 2574/2237/2543 2581/2244/2550 2583/2246/2552
f 2582/2245/2551 2583/2246/2552 2581/2244/2550
f 2584/2247/2553 2574/2237/2543 2583/2246/2552
f 2584/2247/2553 2573/2236/2542 2574/2237/2543
f 2583/2246/2552 2585/2248/2554 2584/2247/2553
f 2573/2236/2542 2584/2247/2553 2586/2249/2555
f 2586/2249/2555 2584/2247/2553 2585/2248/2554
f 2587/2250/2556 2535/2198/2504 2573/2236/2542
f 2587/2250/2556 2573/2236/2542 2586/2249/2555
f 2587/2250/2556 2527/2190/2496 2535/2198/2504
f 2586/2249/2555 2527/2190/2496 2587/2250/2556
f 2588/2251/2557 2527/2190/2496 2586/2249/2555
f 2588/2251/2557 2526/2189/2495 2527/2190/2496
f 2588/2251/2557 2586/2249/2555 2589/2252/2558
f 2588/2251/2557 2589/2252/2558 2526/2189/2495
f 2586/2249/2555 2585/2248/2554 2589/2252/2558
f 2590/2253/2559 2526/2189/2495 2589/2252/2558
f 2526/2189/2495 2590/2253/2559 2423/2086/2394
f 2591/2254/2560 2589/2252/2558 2585/2248/2554
f 2589/2252/2558 2591/2254/2560 2590/2253/2559
f 2585/2248/2554 2583/2246/2552 2591/2254/2560
f 2582/2245/2551 2591/2254/2560 2583/2246/2552
f 2590/2253/2559 2592/2255/2561 2423/2086/2394
f 2423/2086/2394 2592/2255/2561 2420/2083/2391
f 2591/2254/2560 2593/2256/2562 2590/2253/2559
f 2590/2253/2559 2593/2256/2562 2592/2255/2561
f 2582/2245/2551 2593/2256/2562 2591/2254/2560
f 2592/2255/2561 2594/2257/2563 2420/2083/2391
f 2593/2256/2562 2594/2257/2563 2592/2255/2561
f 2420/2083/2391 2594/2257/2563 2330/1993/2304
f 2582/2245/2551 2595/2258/2564 2593/2256/2562
f 2578/2241/2547 2595/2258/2564 2582/2245/2551
f 2593/2256/2562 2596/2259/2565 2594/2257/2563
f 2330/1993/2304 2594/2257/2563 2596/2259/2565
f 2593/2256/2562 2595/2258/2564 2596/2259/2565
f 2578/2241/2547 2579/2242/2548 2595/2258/2564
f 2596/2259/2565 2597/2260/2566 2330/1993/2304
f 2597/2260/2566 2327/1990/2301 2330/1993/2304
f 2598/2261/2567 2596/2259/2565 2595/2258/2564
f 2598/2261/2567 2597/2260/2566 2596/2259/2565
f 2597/2260/2566 2599/2262/2568 2327/1990/2301
f 2598/2261/2567 2599/2262/2568 2597/2260/2566
f 2325/1988/2299 2327/1990/2301 2599/2262/2568
f 2598/2261/2567 2595/2258/2564 2600/2263/2569
f 2600/2263/2569 2595/2258/2564 2579/2242/2548
f 2598/2261/2567 2601/2264/2570 2599/2262/2568
f 2598/2261/2567 2600/2263/2569 2601/2264/2570
f 2325/1988/2299 2599/2262/2568 2602/2265/2571
f 2601/2264/2570 2602/2265/2571 2599/2262/2568
f 2579/2242/2548 2603/2266/2572 2600/2263/2569
f 2603/2266/2572 2579/2242/2548 2580/2243/2549
f 2601/2264/2570 2600/2263/2569 2604/2267/2573
f 2604/2267/2573 2602/2265/2571 2601/2264/2570
f 2605/2268/2574 2600/2263/2569 2603/2266/2572
f 2605/2268/2574 2604/2267/2573 2600/2263/2569
f 2580/2243/2549 2606/2269/2575 2603/2266/2572
f 2580/2243/2549 2566/2229/2535 2606/2269/2575
f 2607/2270/2576 2605/2268/2574 2603/2266/2572
f 2607/2270/2576 2603/2266/2572 2606/2269/2575
f 2605/2268/2574 2607/2270/2576 2608/2271/2577
f 2605/2268/2574 2608/2271/2577 2604/2267/2573
f 2607/2270/2576 2606/2269/2575 2609/2272/2578
f 2607/2270/2576 2609/2272/2578 2608/2271/2577
f 2610/2273/2579 2606/2269/2575 2566/2229/2535
f 2610/2273/2579 2566/2229/2535 2564/2227/2533
f 2610/2273/2579 2611/2274/2580 2606/2269/2575
f 2609/2272/2578 2606/2269/2575 2611/2274/2580
f 2612/2275/2581 2610/2273/2579 2564/2227/2533
f 2612/2275/2581 2611/2274/2580 2610/2273/2579
f 2564/2227/2533 2562/2225/2531 2612/2275/2581
f 2613/2276/2582 2612/2275/2581 2562/2225/2531
f 2562/2225/2531 2561/2224/2530 2613/2276/2582
f 2614/2277/2583 2611/2274/2580 2612/2275/2581
f 2613/2276/2582 2614/2277/2583 2612/2275/2581
f 2561/2224/2530 2615/2278/2584 2613/2276/2582
f 2561/2224/2530 2558/2221/2527 2615/2278/2584
f 2613/2276/2582 2616/2279/2585 2614/2277/2583
f 2613/2276/2582 2615/2278/2584 2616/2279/2585
f 2616/2279/2585 2617/2280/2586 2614/2277/2583
f 2616/2279/2585 2615/2278/2584 2618/2281/2587
f 2616/2279/2585 2618/2281/2587 2617/2280/2586
f 2619/2282/2588 2615/2278/2584 2558/2221/2527
f 2619/2282/2588 2618/2281/2587 2615/2278/2584
f 2620/2283/2589 2614/2277/2583 2617/2280/2586
f 2620/2283/2589 2611/2274/2580 2614/2277/2583
f 2617/2280/2586 2618/2281/2587 2621/2284/2590
f 2617/2280/2586 2622/2285/2591 2620/2283/2589
f 2617/2280/2586 2621/2284/2590 2622/2285/2591
f 2623/2286/2592 2611/2274/2580 2620/2283/2589
f 2623/2286/2592 2620/2283/2589 2622/2285/2591
f 2623/2286/2592 2624/2287/2593 2611/2274/2580
f 2609/2272/2578 2611/2274/2580 2624/2287/2593
f 2625/2288/2594 2623/2286/2592 2622/2285/2591
f 2609/2272/2578 2624/2287/2593 2626/2289/2595
f 2624/2287/2593 2623/2286/2592 2627/2290/2596
f 2627/2290/2596 2626/2289/2595 2624/2287/2593
f 2609/2272/2578 2626/2289/2595 2628/2291/2597
f 2609/2272/2578 2628/2291/2597 2608/2271/2577
f 2627/2290/2596 2629/2292/2598 2626/2289/2595
f 2626/2289/2595 2629/2292/2598 2628/2291/2597
f 2630/2293/2599 2627/2290/2596 2623/2286/2592
f 2625/2288/2594 2630/2293/2599 2623/2286/2592
f 2629/2292/2598 2627/2290/2596 2631/2294/2600
f 2627/2290/2596 2630/2293/2599 2632/2295/2601
f 2632/2295/2601 2631/2294/2600 2627/2290/2596
f 2633/2296/2602 2628/2291/2597 2629/2292/2598
f 2629/2292/2598 2631/2294/2600 2633/2296/2602
f 2608/2271/2577 2628/2291/2597 2634/2297/2603
f 2634/2297/2603 2604/2267/2573 2608/2271/2577
f 2635/2298/2604 2628/2291/2597 2633/2296/2602
f 2635/2298/2604 2634/2297/2603 2628/2291/2597
f 2634/2297/2603 2636/2299/2605 2604/2267/2573
f 2602/2265/2571 2604/2267/2573 2636/2299/2605
f 2637/2300/2606 2634/2297/2603 2635/2298/2604
f 2636/2299/2605 2634/2297/2603 2637/2300/2606
f 2602/2265/2571 2636/2299/2605 2638/2301/2607
f 2602/2265/2571 2638/2301/2607 2325/1988/2299
f 2325/1988/2299 2638/2301/2607 2323/1986/2297
f 2639/2302/2608 2636/2299/2605 2637/2300/2606
f 2636/2299/2605 2639/2302/2608 2638/2301/2607
f 2640/2303/2609 2323/1986/2297 2638/2301/2607
f 2321/1984/2295 2323/1986/2297 2640/2303/2609
f 2640/2303/2609 2638/2301/2607 2641/2304/2610
f 2641/2304/2610 2638/2301/2607 2639/2302/2608
f 2321/1984/2295 2640/2303/2609 2642/2305/2611
f 2642/2305/2611 2640/2303/2609 2641/2304/2610
f 2321/1984/2295 2642/2305/2611 2643/2306/2612
f 2643/2306/2612 2315/1978/2289 2321/1984/2295
f 2315/1978/2289 2643/2306/2612 2313/1976/2287
f 2317/1980/2291 2313/1976/2287 2643/2306/2612
f 2644/2307/2613 2643/2306/2612 2642/2305/2611
f 2643/2306/2612 2644/2307/2613 2317/1980/2291
f 2642/2305/2611 2641/2304/2610 2645/2308/2614
f 2642/2305/2611 2645/2308/2614 2644/2307/2613
f 2646/2309/2615 2317/1980/2291 2644/2307/2613
f 2317/1980/2291 2646/2309/2615 2318/1981/2292
f 2647/2310/2616 2318/1981/2292 2646/2309/2615
f 2644/2307/2613 2648/2311/2617 2646/2309/2615
f 2648/2311/2617 2644/2307/2613 2645/2308/2614
f 2646/2309/2615 2649/2312/2618 2647/2310/2616
f 2649/2312/2618 2646/2309/2615 2648/2311/2617
f 2650/2313/2619 2647/2310/2616 2649/2312/2618
f 2645/2308/2614 2641/2304/2610 2651/2314/2620
f 2641/2304/2610 2639/2302/2608 2651/2314/2620
f 2645/2308/2614 2652/2315/2621 2648/2311/2617
f 2645/2308/2614 2651/2314/2620 2652/2315/2621
f 2648/2311/2617 2653/2316/2622 2649/2312/2618
f 2653/2316/2622 2648/2311/2617 2652/2315/2621
f 2649/2312/2618 2654/2317/2623 2650/2313/2619
f 2654/2317/2623 2649/2312/2618 2653/2316/2622
f 2654/2317/2623 2655/2318/2624 2650/2313/2619
f 2654/2317/2623 2656/2319/2625 2655/2318/2624
f 2653/2316/2622 2657/2320/2626 2654/2317/2623
f 2654/2317/2623 2658/2321/2627 2656/2319/2625
f 2658/2321/2627 2654/2317/2623 2657/2320/2626
f 2658/2321/2627 2659/2322/2628 2656/2319/2625
f 2660/2323/2629 2656/2319/2625 2659/2322/2628
f 2659/2322/2628 2661/2324/2630 2660/2323/2629
f 2662/2325/2631 2659/2322/2628 2658/2321/2627
f 2657/2320/2626 2662/2325/2631 2658/2321/2627
f 2659/2322/2628 2663/2326/2632 2661/2324/2630
f 2659/2322/2628 2662/2325/2631 2663/2326/2632
f 2661/2324/2630 2663/2326/2632 2664/2327/2633
f 2662/2325/2631 2657/2320/2626 2665/2328/2634
f 2666/2329/2635 2664/2327/2633 2663/2326/2632
f 2664/2327/2633 2666/2329/2635 2667/2330/1075
f 2668/2331/2636 2663/2326/2632 2662/2325/2631
f 2668/2331/2636 2666/2329/2635 2663/2326/2632
f 2665/2328/2634 2668/2331/2636 2662/2325/2631
f 2669/2332/2637 2667/2330/1075 2666/2329/2635
f 2667/2330/1075 2669/2332/2637 2670/2333/1070
f 2666/2329/2635 2668/2331/2636 2671/2334/2638
f 2666/2329/2635 2671/2334/2638 2669/2332/2637
f 2672/2335/2639 2670/2333/1070 2669/2332/2637
f 2672/2335/2639 2673/2336/1067 2670/2333/1070
f 2671/2334/2638 2674/2337/2640 2669/2332/2637
f 2674/2337/2640 2672/2335/2639 2669/2332/2637
f 2668/2331/2636 2675/2338/2641 2671/2334/2638
f 2668/2331/2636 2665/2328/2634 2675/2338/2641
f 2672/2335/2639 2676/2339/84 2673/2336/1067
f 2677/2340/2642 2673/2336/1067 2676/2339/84
f 2676/2339/84 2678/2341/2643 2677/2340/2642
f 2679/2342/2644 2676/2339/84 2672/2335/2639
f 2674/2337/2640 2679/2342/2644 2672/2335/2639
f 2680/2343/2645 2678/2341/2643 2676/2339/84
f 2679/2342/2644 2680/2343/2645 2676/2339/84
f 2680/2343/2645 2681/2344/2646 2678/2341/2643
f 2682/2345/2647 2679/2342/2644 2674/2337/2640
f 2680/2343/2645 2683/2346/2648 2681/2344/2646
f 2683/2346/2648 2684/2347/2649 2681/2344/2646
f 2679/2342/2644 2685/2348/2650 2680/2343/2645
f 2680/2343/2645 2685/2348/2650 2683/2346/2648
f 2679/2342/2644 2682/2345/2647 2685/2348/2650
f 2683/2346/2648 2686/2349/2651 2684/2347/2649
f 2687/2350/2652 2684/2347/2649 2686/2349/2651
f 2685/2348/2650 2688/2351/2653 2683/2346/2648
f 2686/2349/2651 2683/2346/2648 2688/2351/2653
f 2689/2352/2654 2685/2348/2650 2682/2345/2647
f 2689/2352/2654 2688/2351/2653 2685/2348/2650
f 2690/2353/2655 2687/2350/2652 2686/2349/2651
f 2690/2353/2655 2691/2354/2656 2687/2350/2652
f 2688/2351/2653 2692/2355/2657 2686/2349/2651
f 2690/2353/2655 2686/2349/2651 2692/2355/2657
f 2693/2356/1234 2688/2351/2653 2689/2352/2654
f 2688/2351/2653 2693/2356/1234 2692/2355/2657
f 2694/2357/2658 2691/2354/2656 2690/2353/2655
f 2694/2357/2658 2695/2358/2659 2691/2354/2656
f 2690/2353/2655 2692/2355/2657 2696/2359/2660
f 2690/2353/2655 2696/2359/2660 2694/2357/2658
f 2694/2357/2658 2697/2360/2661 2695/2358/2659
f 2697/2360/2661 2698/2361/2662 2695/2358/2659
f 2698/2361/2662 2697/2360/2661 2699/2362/2663
f 2696/2359/2660 2700/2363/2664 2694/2357/2658
f 2700/2363/2664 2697/2360/2661 2694/2357/2658
f 2701/2364/2665 2699/2362/2663 2697/2360/2661
f 2697/2360/2661 2700/2363/2664 2701/2364/2665
f 2699/2362/2663 2701/2364/2665 2702/2365/2666
f 2696/2359/2660 2703/2366/2667 2700/2363/2664
f 2703/2366/2667 2696/2359/2660 2692/2355/2657
f 2704/2367/2668 2702/2365/2666 2701/2364/2665
f 2702/2365/2666 2704/2367/2668 2705/2368/2669
f 2706/2369/2670 2701/2364/2665 2700/2363/2664
f 2701/2364/2665 2706/2369/2670 2704/2367/2668
f 2707/2370/2671 2700/2363/2664 2703/2366/2667
f 2700/2363/2664 2707/2370/2671 2706/2369/2670
f 2692/2355/2657 2708/2371/2672 2703/2366/2667
f 2703/2366/2667 2708/2371/2672 2707/2370/2671
f 2692/2355/2657 2693/2356/1234 2708/2371/2672
f 2709/2372/2673 2706/2369/2670 2707/2370/2671
f 2710/2373/2674 2707/2370/2671 2708/2371/2672
f 2707/2370/2671 2710/2373/2674 2709/2372/2673
f 2693/2356/1234 2711/2374/2675 2708/2371/2672
f 2708/2371/2672 2712/2375/2676 2710/2373/2674
f 2712/2375/2676 2708/2371/2672 2711/2374/2675
f 2711/2374/2675 2693/2356/1234 2713/2376/2677
f 2689/2352/2654 2713/2376/2677 2693/2356/1234
f 2689/2352/2654 2682/2345/2647 2713/2376/2677
f 2714/2377/2678 2713/2376/2677 2682/2345/2647
f 2674/2337/2640 2714/2377/2678 2682/2345/2647
f 2714/2377/2678 2674/2337/2640 2671/2334/2638
f 2714/2377/2678 2671/2334/2638 2675/2338/2641
f 2714/2377/2678 2715/2378/2679 2713/2376/2677
f 2715/2378/2679 2714/2377/2678 2675/2338/2641
f 2713/2376/2677 2715/2378/2679 2711/2374/2675
f 2715/2378/2679 2675/2338/2641 2716/2379/2680
f 2665/2328/2634 2716/2379/2680 2675/2338/2641
f 2717/2380/2681 2711/2374/2675 2715/2378/2679
f 2715/2378/2679 2716/2379/2680 2717/2380/2681
f 2711/2374/2675 2717/2380/2681 2712/2375/2676
f 2716/2379/2680 2665/2328/2634 2718/2381/2682
f 2718/2381/2682 2665/2328/2634 2657/2320/2626
f 2657/2320/2626 2653/2316/2622 2718/2381/2682
f 2652/2315/2621 2718/2381/2682 2653/2316/2622
f 2719/2382/2683 2716/2379/2680 2718/2381/2682
f 2718/2381/2682 2652/2315/2621 2719/2382/2683
f 2720/2383/2684 2717/2380/2681 2716/2379/2680
f 2720/2383/2684 2716/2379/2680 2719/2382/2683
f 2721/2384/2685 2719/2382/2683 2652/2315/2621
f 2652/2315/2621 2651/2314/2620 2721/2384/2685
f 2719/2382/2683 2722/2385/2686 2720/2383/2684
f 2719/2382/2683 2721/2384/2685 2722/2385/2686
f 2717/2380/2681 2720/2383/2684 2723/2386/2687
f 2723/2386/2687 2712/2375/2676 2717/2380/2681
f 2720/2383/2684 2722/2385/2686 2724/2387/2688
f 2724/2387/2688 2723/2386/2687 2720/2383/2684
f 2725/2388/2689 2722/2385/2686 2721/2384/2685
f 2712/2375/2676 2723/2386/2687 2726/2389/2690
f 2726/2389/2690 2710/2373/2674 2712/2375/2676
f 2727/2390/2691 2721/2384/2685 2651/2314/2620
f 2727/2390/2691 2725/2388/2689 2721/2384/2685
f 2651/2314/2620 2639/2302/2608 2727/2390/2691
f 2722/2385/2686 2725/2388/2689 2728/2391/2692
f 2728/2391/2692 2724/2387/2688 2722/2385/2686
f 2727/2390/2691 2639/2302/2608 2729/2392/2693
f 2637/2300/2606 2729/2392/2693 2639/2302/2608
f 2637/2300/2606 2635/2298/2604 2729/2392/2693
f 2730/2393/2694 2729/2392/2693 2635/2298/2604
f 2633/2296/2602 2730/2393/2694 2635/2298/2604
f 2729/2392/2693 2731/2394/2695 2727/2390/2691
f 2729/2392/2693 2730/2393/2694 2731/2394/2695
f 2732/2395/2696 2730/2393/2694 2633/2296/2602
f 2732/2395/2696 2633/2296/2602 2631/2294/2600
f 2733/2396/2697 2731/2394/2695 2730/2393/2694
f 2730/2393/2694 2732/2395/2696 2733/2396/2697
f 2727/2390/2691 2731/2394/2695 2734/2397/2698
f 2725/2388/2689 2727/2390/2691 2734/2397/2698
f 2631/2294/2600 2735/2398/2699 2732/2395/2696
f 2631/2294/2600 2632/2295/2601 2735/2398/2699
f 2736/2399/2700 2733/2396/2697 2732/2395/2696
f 2736/2399/2700 2732/2395/2696 2735/2398/2699
f 2733/2396/2697 2736/2399/2700 2737/2400/2701
f 2738/2401/2702 2736/2399/2700 2735/2398/2699
f 2738/2401/2702 2737/2400/2701 2736/2399/2700
f 2739/2402/2703 2731/2394/2695 2733/2396/2697
f 2739/2402/2703 2733/2396/2697 2737/2400/2701
f 2731/2394/2695 2739/2402/2703 2740/2403/2704
f 2731/2394/2695 2740/2403/2704 2734/2397/2698
f 2741/2404/2705 2739/2402/2703 2737/2400/2701
f 2742/2405/2706 2740/2403/2704 2739/2402/2703
f 2742/2405/2706 2739/2402/2703 2741/2404/2705
f 2743/2406/2707 2741/2404/2705 2737/2400/2701
f 2743/2406/2707 2737/2400/2701 2738/2401/2702
f 2742/2405/2706 2741/2404/2705 2744/2407/2708
f 2741/2404/2705 2743/2406/2707 2744/2407/2708
f 2742/2405/2706 2745/2408/2709 2740/2403/2704
f 2745/2408/2709 2742/2405/2706 2744/2407/2708
f 2738/2401/2702 2746/2409/2710 2743/2406/2707
f 2738/2401/2702 2735/2398/2699 2746/2409/2710
f 2747/2410/2711 2744/2407/2708 2743/2406/2707
f 2735/2398/2699 2748/2411/2712 2746/2409/2710
f 2748/2411/2712 2735/2398/2699 2632/2295/2601
f 2749/2412/2713 2743/2406/2707 2746/2409/2710
f 2747/2410/2711 2743/2406/2707 2749/2412/2713
f 2750/2413/2714 2746/2409/2710 2748/2411/2712
f 2751/2414/2715 2749/2412/2713 2746/2409/2710
f 2751/2414/2715 2746/2409/2710 2750/2413/2714
f 2752/2415/2716 2747/2410/2711 2749/2412/2713
f 2752/2415/2716 2749/2412/2713 2751/2414/2715
f 2747/2410/2711 2753/2416/2717 2744/2407/2708
f 2747/2410/2711 2752/2415/2716 2753/2416/2717
f 2744/2407/2708 2753/2416/2717 2754/2417/2718
f 2745/2408/2709 2744/2407/2708 2754/2417/2718
f 2752/2415/2716 2755/2418/2719 2753/2416/2717
f 2756/2419/2720 2754/2417/2718 2753/2416/2717
f 2755/2418/2719 2756/2419/2720 2753/2416/2717
f 2754/2417/2718 2757/2420/2721 2745/2408/2709
f 2757/2420/2721 2754/2417/2718 2756/2419/2720
f 2755/2418/2719 2752/2415/2716 2758/2421/2722
f 2759/2422/2723 2756/2419/2720 2755/2418/2719
f 2759/2422/2723 2755/2418/2719 2758/2421/2722
f 2760/2423/2724 2752/2415/2716 2751/2414/2715
f 2752/2415/2716 2760/2423/2724 2758/2421/2722
f 2760/2423/2724 2751/2414/2715 2761/2424/2725
f 2761/2424/2725 2751/2414/2715 2750/2413/2714
f 2758/2421/2722 2760/2423/2724 2762/2425/2726
f 2762/2425/2726 2760/2423/2724 2761/2424/2725
f 2761/2424/2725 2750/2413/2714 2763/2426/2727
f 2762/2425/2726 2761/2424/2725 2764/2427/2728
f 2764/2427/2728 2761/2424/2725 2763/2426/2727
f 2765/2428/2729 2758/2421/2722 2762/2425/2726
f 2750/2413/2714 2766/2429/2730 2763/2426/2727
f 2748/2411/2712 2766/2429/2730 2750/2413/2714
f 2748/2411/2712 2632/2295/2601 2766/2429/2730
f 2767/2430/2731 2766/2429/2730 2632/2295/2601
f 2767/2430/2731 2632/2295/2601 2630/2293/2599
f 2768/2431/2732 2763/2426/2727 2766/2429/2730
f 2766/2429/2730 2767/2430/2731 2768/2431/2732
f 2769/2432/2733 2767/2430/2731 2630/2293/2599
f 2769/2432/2733 2768/2431/2732 2767/2430/2731
f 2630/2293/2599 2625/2288/2594 2769/2432/2733
f 2763/2426/2727 2768/2431/2732 2770/2433/2734
f 2764/2427/2728 2763/2426/2727 2770/2433/2734
f 2771/2434/2735 2768/2431/2732 2769/2432/2733
f 2771/2434/2735 2770/2433/2734 2768/2431/2732
f 2625/2288/2594 2772/2435/2736 2769/2432/2733
f 2769/2432/2733 2773/2436/2737 2771/2434/2735
f 2773/2436/2737 2769/2432/2733 2772/2435/2736
f 2774/2437/2738 2770/2433/2734 2771/2434/2735
f 2775/2438/2739 2771/2434/2735 2773/2436/2737
f 2775/2438/2739 2774/2437/2738 2771/2434/2735
f 2773/2436/2737 2776/2439/2740 2775/2438/2739
f 2773/2436/2737 2772/2435/2736 2776/2439/2740
f 2775/2438/2739 2777/2440/2741 2774/2437/2738
f 2777/2440/2741 2775/2438/2739 2776/2439/2740
f 2774/2437/2738 2778/2441/2742 2770/2433/2734
f 2778/2441/2742 2764/2427/2728 2770/2433/2734
f 2772/2435/2736 2779/2442/2743 2776/2439/2740
f 2778/2441/2742 2780/2443/2744 2764/2427/2728
f 2781/2444/2745 2776/2439/2740 2779/2442/2743
f 2781/2444/2745 2777/2440/2741 2776/2439/2740
f 2782/2445/2746 2779/2442/2743 2772/2435/2736
f 2772/2435/2736 2625/2288/2594 2782/2445/2746
f 2622/2285/2591 2782/2445/2746 2625/2288/2594
f 2782/2445/2746 2622/2285/2591 2621/2284/2590
f 2782/2445/2746 2783/2446/2747 2779/2442/2743
f 2782/2445/2746 2621/2284/2590 2783/2446/2747
f 2784/2447/2748 2779/2442/2743 2783/2446/2747
f 2779/2442/2743 2784/2447/2748 2781/2444/2745
f 2785/2448/2749 2783/2446/2747 2621/2284/2590
f 2621/2284/2590 2618/2281/2587 2785/2448/2749
f 2783/2446/2747 2786/2449/2750 2784/2447/2748
f 2786/2449/2750 2783/2446/2747 2785/2448/2749
f 2618/2281/2587 2787/2450/2751 2785/2448/2749
f 2618/2281/2587 2619/2282/2588 2787/2450/2751
f 2788/2451/2752 2786/2449/2750 2785/2448/2749
f 2787/2450/2751 2619/2282/2588 2789/2452/2753
f 2787/2450/2751 2790/2453/2754 2785/2448/2749
f 2787/2450/2751 2789/2452/2753 2790/2453/2754
f 2788/2451/2752 2785/2448/2749 2790/2453/2754
f 2619/2282/2588 2791/2454/2755 2789/2452/2753
f 2619/2282/2588 2558/2221/2527 2791/2454/2755
f 2558/2221/2527 2543/2206/2512 2791/2454/2755
f 2503/2166/2473 2791/2454/2755 2543/2206/2512
f 2503/2166/2473 2502/2165/2472 2791/2454/2755
f 2791/2454/2755 2502/2165/2472 2789/2452/2753
f 2502/2165/2472 2790/2453/2754 2789/2452/2753
f 2502/2165/2472 2497/2160/2467 2790/2453/2754
f 2792/2455/2756 2790/2453/2754 2497/2160/2467
f 2790/2453/2754 2792/2455/2756 2788/2451/2752
f 2792/2455/2756 2497/2160/2467 2496/2159/2466
f 2793/2456/2757 2788/2451/2752 2792/2455/2756
f 2788/2451/2752 2793/2456/2757 2786/2449/2750
f 2794/2457/2758 2792/2455/2756 2496/2159/2466
f 2793/2456/2757 2792/2455/2756 2794/2457/2758
f 2794/2457/2758 2496/2159/2466 2466/2129/2436
f 2795/2458/2759 2786/2449/2750 2793/2456/2757
f 2786/2449/2750 2795/2458/2759 2784/2447/2748
f 2793/2456/2757 2794/2457/2758 2796/2459/2760
f 2796/2459/2760 2795/2458/2759 2793/2456/2757
f 2794/2457/2758 2466/2129/2436 2797/2460/2761
f 2796/2459/2760 2794/2457/2758 2797/2460/2761
f 2462/2125/2432 2797/2460/2761 2466/2129/2436
f 2461/2124/2431 2797/2460/2761 2462/2125/2432
f 2796/2459/2760 2797/2460/2761 2798/2461/2762
f 2461/2124/2431 2798/2461/2762 2797/2460/2761
f 2798/2461/2762 2795/2458/2759 2796/2459/2760
f 2798/2461/2762 2461/2124/2431 2459/2122/2429
f 2798/2461/2762 2799/2462/2763 2795/2458/2759
f 2798/2461/2762 2459/2122/2429 2799/2462/2763
f 2799/2462/2763 2784/2447/2748 2795/2458/2759
f 2781/2444/2745 2784/2447/2748 2799/2462/2763
f 2459/2122/2429 2800/2463/2764 2799/2462/2763
f 2799/2462/2763 2800/2463/2764 2781/2444/2745
f 2459/2122/2429 2456/2119/2426 2800/2463/2764
f 2800/2463/2764 2777/2440/2741 2781/2444/2745
f 2801/2464/2765 2800/2463/2764 2456/2119/2426
f 2456/2119/2426 2455/2118/2425 2801/2464/2765
f 2800/2463/2764 2802/2465/2766 2777/2440/2741
f 2801/2464/2765 2802/2465/2766 2800/2463/2764
f 2801/2464/2765 2455/2118/2425 2802/2465/2766
f 2802/2465/2766 2774/2437/2738 2777/2440/2741
f 2803/2466/2767 2802/2465/2766 2455/2118/2425
f 2802/2465/2766 2803/2466/2767 2774/2437/2738
f 2452/2115/2422 2803/2466/2767 2455/2118/2425
f 2774/2437/2738 2803/2466/2767 2778/2441/2742
f 2803/2466/2767 2452/2115/2422 2453/2116/2423
f 2780/2443/2744 2778/2441/2742 2803/2466/2767
f 2780/2443/2744 2803/2466/2767 2453/2116/2423
f 2780/2443/2744 2453/2116/2423 2804/2467/2768
f 2804/2467/2768 2453/2116/2423 2383/2046/2354
f 2804/2467/2768 2383/2046/2354 2380/2043/2351
f 2780/2443/2744 2804/2467/2768 2805/2468/2769
f 2805/2468/2769 2764/2427/2728 2780/2443/2744
f 2805/2468/2769 2762/2425/2726 2764/2427/2728
f 2765/2428/2729 2762/2425/2726 2805/2468/2769
f 2380/2043/2351 2806/2469/2770 2804/2467/2768
f 2806/2469/2770 2805/2468/2769 2804/2467/2768
f 2806/2469/2770 2765/2428/2729 2805/2468/2769
f 2380/2043/2351 2378/2041/2349 2806/2469/2770
f 2378/2041/2349 2765/2428/2729 2806/2469/2770
f 2378/2041/2349 2807/2470/2771 2765/2428/2729
f 2807/2470/2771 2758/2421/2722 2765/2428/2729
f 2807/2470/2771 2378/2041/2349 2376/2039/2347
f 2807/2470/2771 2759/2422/2723 2758/2421/2722
f 2807/2470/2771 2376/2039/2347 2808/2471/2772
f 2759/2422/2723 2807/2470/2771 2808/2471/2772
f 2808/2471/2772 2376/2039/2347 2374/2037/2345
f 2808/2471/2772 2809/2472/2773 2759/2422/2723
f 2808/2471/2772 2374/2037/2345 2809/2472/2773
f 2809/2472/2773 2756/2419/2720 2759/2422/2723
f 2809/2472/2773 2374/2037/2345 2370/2033/2341
f 2756/2419/2720 2809/2472/2773 2757/2420/2721
f 2370/2033/2341 2757/2420/2721 2809/2472/2773
f 2370/2033/2341 2371/2034/2342 2757/2420/2721
f 2810/2473/2774 2757/2420/2721 2371/2034/2342
f 2810/2473/2774 2811/2474/2775 2757/2420/2721
f 2745/2408/2709 2757/2420/2721 2811/2474/2775
f 2745/2408/2709 2811/2474/2775 2740/2403/2704
f 2371/2034/2342 2812/2475/2776 2810/2473/2774
f 2812/2475/2776 2371/2034/2342 2369/2032/2340
f 2811/2474/2775 2813/2476/2777 2740/2403/2704
f 2813/2476/2777 2734/2397/2698 2740/2403/2704
f 2811/2474/2775 2810/2473/2774 2814/2477/2778
f 2811/2474/2775 2814/2477/2778 2813/2476/2777
f 2813/2476/2777 2815/2478/2779 2734/2397/2698
f 2725/2388/2689 2734/2397/2698 2815/2478/2779
f 2815/2478/2779 2728/2391/2692 2725/2388/2689
f 2813/2476/2777 2816/2479/2780 2815/2478/2779
f 2728/2391/2692 2815/2478/2779 2816/2479/2780
f 2814/2477/2778 2817/2480/2781 2813/2476/2777
f 2817/2480/2781 2816/2479/2780 2813/2476/2777
f 2816/2479/2780 2818/2481/2782 2728/2391/2692
f 2724/2387/2688 2728/2391/2692 2818/2481/2782
f 2724/2387/2688 2818/2481/2782 2723/2386/2687
f 2817/2480/2781 2819/2482/2783 2816/2479/2780
f 2818/2481/2782 2816/2479/2780 2819/2482/2783
f 2820/2483/2784 2723/2386/2687 2818/2481/2782
f 2820/2483/2784 2726/2389/2690 2723/2386/2687
f 2821/2484/2785 2820/2483/2784 2818/2481/2782
f 2819/2482/2783 2821/2484/2785 2818/2481/2782
f 2822/2485/2786 2726/2389/2690 2820/2483/2784
f 2821/2484/2785 2822/2485/2786 2820/2483/2784
f 2817/2480/2781 2823/2486/2787 2819/2482/2783
f 2814/2477/2778 2823/2486/2787 2817/2480/2781
f 2819/2482/2783 2824/2487/2788 2821/2484/2785
f 2824/2487/2788 2819/2482/2783 2823/2486/2787
f 2821/2484/2785 2825/2488/2789 2822/2485/2786
f 2825/2488/2789 2821/2484/2785 2824/2487/2788
f 2822/2485/2786 2826/2489/2790 2726/2389/2690
f 2710/2373/2674 2726/2389/2690 2826/2489/2790
f 2826/2489/2790 2709/2372/2673 2710/2373/2674
f 2827/2490/2791 2822/2485/2786 2825/2488/2789
f 2822/2485/2786 2827/2490/2791 2826/2489/2790
f 2709/2372/2673 2826/2489/2790 2828/2491/2792
f 2829/2492/2793 2826/2489/2790 2827/2490/2791
f 2829/2492/2793 2828/2491/2792 2826/2489/2790
f 2825/2488/2789 2830/2493/2794 2827/2490/2791
f 2827/2490/2791 2831/2494/2795 2829/2492/2793
f 2831/2494/2795 2827/2490/2791 2830/2493/2794
f 2829/2492/2793 2832/2495/2796 2828/2491/2792
f 2832/2495/2796 2829/2492/2793 2831/2494/2795
f 2828/2491/2792 2833/2496/2797 2709/2372/2673
f 2706/2369/2670 2709/2372/2673 2833/2496/2797
f 2833/2496/2797 2704/2367/2668 2706/2369/2670
f 2832/2495/2796 2834/2497/2798 2828/2491/2792
f 2834/2497/2798 2833/2496/2797 2828/2491/2792
f 2704/2367/2668 2833/2496/2797 2835/2498/2799
f 2835/2498/2799 2705/2368/2669 2704/2367/2668
f 2835/2498/2799 2836/2499/2800 2705/2368/2669
f 2837/2500/2801 2835/2498/2799 2833/2496/2797
f 2833/2496/2797 2834/2497/2798 2837/2500/2801
f 2835/2498/2799 2838/2501/2802 2836/2499/2800
f 2835/2498/2799 2837/2500/2801 2838/2501/2802
f 2836/2499/2800 2838/2501/2802 2839/2502/2803
f 2840/2503/2804 2838/2501/2802 2837/2500/2801
f 2837/2500/2801 2834/2497/2798 2840/2503/2804
f 2841/2504/2805 2839/2502/2803 2838/2501/2802
f 2840/2503/2804 2841/2504/2805 2838/2501/2802
f 2841/2504/2805 2842/2505/2806 2839/2502/2803
f 2843/2506/2807 2839/2502/2803 2842/2505/2806
f 2841/2504/2805 2840/2503/2804 2844/2507/2808
f 2842/2505/2806 2845/2508/2809 2843/2506/2807
f 2846/2509/2810 2843/2506/2807 2845/2508/2809
f 2842/2505/2806 2841/2504/2805 2847/2510/2811
f 2844/2507/2808 2847/2510/2811 2841/2504/2805
f 2845/2508/2809 2842/2505/2806 2848/2511/2812
f 2847/2510/2811 2848/2511/2812 2842/2505/2806
f 2846/2509/2810 2845/2508/2809 2849/2512/2813
f 2846/2509/2810 2849/2512/2813 2850/2513/2814
f 2845/2508/2809 2848/2511/2812 2851/2514/2815
f 2845/2508/2809 2851/2514/2815 2849/2512/2813
f 2852/2515/2816 2850/2513/2814 2849/2512/2813
f 2853/2516/2817 2850/2513/2814 2852/2515/2816
f 2849/2512/2813 2851/2514/2815 2854/2517/2818
f 2854/2517/2818 2852/2515/2816 2849/2512/2813
f 2852/2515/2816 2855/2518/2819 2853/2516/2817
f 2854/2517/2818 2855/2518/2819 2852/2515/2816
f 2856/2519/2820 2853/2516/2817 2855/2518/2819
f 2854/2517/2818 2851/2514/2815 2857/2520/2821
f 2855/2518/2819 2858/2521/2822 2856/2519/2820
f 2859/2522/2823 2856/2519/2820 2858/2521/2822
f 2860/2523/2824 2855/2518/2819 2854/2517/2818
f 2858/2521/2822 2861/2524/2825 2859/2522/2823
f 2862/2525/2826 2859/2522/2823 2861/2524/2825
f 2858/2521/2822 2855/2518/2819 2863/2526/2827
f 2860/2523/2824 2863/2526/2827 2855/2518/2819
f 2861/2524/2825 2858/2521/2822 2864/2527/2828
f 2863/2526/2827 2864/2527/2828 2858/2521/2822
f 2861/2524/2825 2865/2528/2829 2862/2525/2826
f 2866/2529/2830 2862/2525/2826 2865/2528/2829
f 2864/2527/2828 2867/2530/2831 2861/2524/2825
f 2865/2528/2829 2861/2524/2825 2867/2530/2831
f 2865/2528/2829 2868/2531/2832 2866/2529/2830
f 2865/2528/2829 2867/2530/2831 2868/2531/2832
f 2869/2532/2833 2866/2529/2830 2868/2531/2832
f 2870/2533/2834 2869/2532/2833 2868/2531/2832
f 2867/2530/2831 2864/2527/2828 2871/2534/2835
f 2872/2535/2836 2870/2533/2834 2868/2531/2832
f 2872/2535/2836 2873/2536/2837 2870/2533/2834
f 2868/2531/2832 2867/2530/2831 2874/2537/2838
f 2872/2535/2836 2868/2531/2832 2874/2537/2838
f 2871/2534/2835 2874/2537/2838 2867/2530/2831
f 2875/2538/2839 2873/2536/2837 2872/2535/2836
f 2875/2538/2839 1088/751/1072 2873/2536/2837
f 1087/750/1071 1088/751/1072 2875/2538/2839
f 2876/2539/2840 2875/2538/2839 2872/2535/2836
f 2872/2535/2836 2874/2537/2838 2876/2539/2840
f 1087/750/1071 2875/2538/2839 2877/2540/2841
f 2877/2540/2841 2875/2538/2839 2876/2539/2840
f 2877/2540/2841 1089/752/1073 1087/750/1071
f 2877/2540/2841 2876/2539/2840 2878/2541/2842
f 2876/2539/2840 2874/2537/2838 2878/2541/2842
f 2879/2542/2843 1089/752/1073 2877/2540/2841
f 2879/2542/2843 2877/2540/2841 2878/2541/2842
f 1092/755/1076 1089/752/1073 2879/2542/2843
f 2880/2543/2844 2878/2541/2842 2874/2537/2838
f 2881/2544/2845 1092/755/1076 2879/2542/2843
f 1095/758/1079 1092/755/1076 2881/2544/2845
f 2882/2545/2846 2879/2542/2843 2878/2541/2842
f 2881/2544/2845 2879/2542/2843 2882/2545/2846
f 2878/2541/2842 2880/2543/2844 2882/2545/2846
f 1095/758/1079 2881/2544/2845 2883/2546/2847
f 2881/2544/2845 2882/2545/2846 2883/2546/2847
f 1095/758/1079 2883/2546/2847 1098/761/1082
f 1098/761/1082 2883/2546/2847 1105/768/1089
f 2884/2547/2848 2883/2546/2847 2882/2545/2846
f 2883/2546/2847 2884/2547/2848 1105/768/1089
f 2885/2548/2849 2882/2545/2846 2880/2543/2844
f 2882/2545/2846 2885/2548/2849 2884/2547/2848
f 2874/2537/2838 2886/2549/2850 2880/2543/2844
f 2880/2543/2844 2886/2549/2850 2885/2548/2849
f 2874/2537/2838 2871/2534/2835 2886/2549/2850
f 2887/2550/2851 1105/768/1089 2884/2547/2848
f 1105/768/1089 2887/2550/2851 1115/778/1099
f 2884/2547/2848 2885/2548/2849 2888/2551/2852
f 2884/2547/2848 2888/2551/2852 2887/2550/2851
f 1115/778/1099 2887/2550/2851 2889/2552/2853
f 2889/2552/2853 1766/1429/1746 1115/778/1099
f 2890/2553/2854 2887/2550/2851 2888/2551/2852
f 2887/2550/2851 2890/2553/2854 2889/2552/2853
f 2885/2548/2849 2891/2554/2855 2888/2551/2852
f 2885/2548/2849 2886/2549/2850 2891/2554/2855
f 2888/2551/2852 2892/2555/2856 2890/2553/2854
f 2888/2551/2852 2891/2554/2855 2892/2555/2856
f 2893/2556/2857 2889/2552/2853 2890/2553/2854
f 2889/2552/2853 2893/2556/2857 1766/1429/1746
f 2894/2557/2858 2890/2553/2854 2892/2555/2856
f 2890/2553/2854 2894/2557/2858 2893/2556/2857
f 1766/1429/1746 2893/2556/2857 2895/2558/2859
f 2895/2558/2859 1767/1430/1747 1766/1429/1746
f 2896/2559/2860 2893/2556/2857 2894/2557/2858
f 2893/2556/2857 2896/2559/2860 2895/2558/2859
f 2895/2558/2859 2897/2560/2861 1767/1430/1747
f 2897/2560/2861 1775/1438/1755 1767/1430/1747
f 2895/2558/2859 2896/2559/2860 2898/2561/2862
f 2898/2561/2862 2897/2560/2861 2895/2558/2859
f 2894/2557/2858 2899/2562/2863 2896/2559/2860
f 2900/2563/2864 2898/2561/2862 2896/2559/2860
f 2900/2563/2864 2896/2559/2860 2899/2562/2863
f 2898/2561/2862 2901/2564/2865 2897/2560/2861
f 2901/2564/2865 2898/2561/2862 2900/2563/2864
f 2902/2565/2866 1775/1438/1755 2897/2560/2861
f 2901/2564/2865 2902/2565/2866 2897/2560/2861
f 1775/1438/1755 2902/2565/2866 2903/2566/2867
f 1775/1438/1755 2903/2566/2867 1777/1440/1757
f 2902/2565/2866 2901/2564/2865 2904/2567/2868
f 1777/1440/1757 2903/2566/2867 2905/2568/2869
f 1781/1444/1761 1777/1440/1757 2905/2568/2869
f 2902/2565/2866 2906/2569/2870 2903/2566/2867
f 2904/2567/2868 2906/2569/2870 2902/2565/2866
f 2906/2569/2870 2907/2570/2871 2903/2566/2867
f 2903/2566/2867 2907/2570/2871 2905/2568/2869
f 2906/2569/2870 2908/2571/2872 2907/2570/2871
f 2904/2567/2868 2908/2571/2872 2906/2569/2870
f 2905/2568/2869 2907/2570/2871 2909/2572/2873
f 2907/2570/2871 2908/2571/2872 2909/2572/2873
f 1781/1444/1761 2905/2568/2869 2910/2573/2874
f 1781/1444/1761 2910/2573/2874 1783/1446/1763
f 2909/2572/2873 2911/2574/2875 2905/2568/2869
f 2910/2573/2874 2905/2568/2869 2911/2574/2875
f 2912/2575/2876 2909/2572/2873 2908/2571/2872
f 2913/2576/2877 1783/1446/1763 2910/2573/2874
f 2912/2575/2876 2914/2577/2878 2909/2572/2873
f 2915/2578/2879 1783/1446/1763 2913/2576/2877
f 1783/1446/1763 2915/2578/2879 1795/1458/1775
f 2913/2576/2877 2910/2573/2874 2916/2579/2880
f 2916/2579/2880 2910/2573/2874 2911/2574/2875
f 2915/2578/2879 2917/2580/2881 1795/1458/1775
f 1797/1460/1777 1795/1458/1775 2917/2580/2881
f 2915/2578/2879 2913/2576/2877 2918/2581/2882
f 2917/2580/2881 2915/2578/2879 2918/2581/2882
f 2913/2576/2877 2919/2582/2883 2918/2581/2882
f 2916/2579/2880 2919/2582/2883 2913/2576/2877
f 2920/2583/2884 2917/2580/2881 2918/2581/2882
f 2920/2583/2884 2918/2581/2882 2919/2582/2883
f 1797/1460/1777 2917/2580/2881 2921/2584/2885
f 2921/2584/2885 1803/1466/1783 1797/1460/1777
f 2922/2585/2886 2921/2584/2885 2917/2580/2881
f 2922/2585/2886 2917/2580/2881 2920/2583/2884
f 2923/2586/2887 1803/1466/1783 2921/2584/2885
f 2924/2587/2888 2921/2584/2885 2922/2585/2886
f 2923/2586/2887 2921/2584/2885 2924/2587/2888
f 2925/2588/2889 2922/2585/2886 2920/2583/2884
f 2924/2587/2888 2922/2585/2886 2925/2588/2889
f 2926/2589/2890 1803/1466/1783 2923/2586/2887
f 2926/2589/2890 1800/1463/1780 1803/1466/1783
f 1809/1472/1789 1800/1463/1780 2926/2589/2890
f 2927/2590/2891 2923/2586/2887 2924/2587/2888
f 2928/2591/2892 2926/2589/2890 2923/2586/2887
f 2923/2586/2887 2927/2590/2891 2928/2591/2892
f 2929/2592/2893 1809/1472/1789 2926/2589/2890
f 2929/2592/2893 2926/2589/2890 2928/2591/2892
f 2927/2590/2891 2924/2587/2888 2930/2593/2894
f 2925/2588/2889 2930/2593/2894 2924/2587/2888
f 2931/2594/2895 2928/2591/2892 2927/2590/2891
f 2925/2588/2889 2932/2595/2896 2930/2593/2894
f 2933/2596/2897 2928/2591/2892 2931/2594/2895
f 2933/2596/2897 2929/2592/2893 2928/2591/2892
f 2927/2590/2891 2934/2597/2898 2931/2594/2895
f 2934/2597/2898 2927/2590/2891 2930/2593/2894
f 2933/2596/2897 2931/2594/2895 2935/2598/2899
f 2931/2594/2895 2934/2597/2898 2935/2598/2899
f 2936/2599/2900 2930/2593/2894 2932/2595/2896
f 2930/2593/2894 2936/2599/2900 2934/2597/2898
f 2925/2588/2889 2937/2600/2901 2932/2595/2896
f 2925/2588/2889 2920/2583/2884 2937/2600/2901
f 2932/2595/2896 2938/2601/2902 2936/2599/2900
f 2937/2600/2901 2938/2601/2902 2932/2595/2896
f 2920/2583/2884 2939/2602/2903 2937/2600/2901
f 2939/2602/2903 2920/2583/2884 2919/2582/2883
f 2940/2603/2904 2938/2601/2902 2937/2600/2901
f 2939/2602/2903 2940/2603/2904 2937/2600/2901
f 2939/2602/2903 2919/2582/2883 2941/2604/2905
f 2916/2579/2880 2941/2604/2905 2919/2582/2883
f 2940/2603/2904 2939/2602/2903 2942/2605/2906
f 2942/2605/2906 2939/2602/2903 2941/2604/2905
f 2943/2606/2907 2941/2604/2905 2916/2579/2880
f 2911/2574/2875 2943/2606/2907 2916/2579/2880
f 2942/2605/2906 2941/2604/2905 2944/2607/2908
f 2943/2606/2907 2944/2607/2908 2941/2604/2905
f 2945/2608/2909 2943/2606/2907 2911/2574/2875
f 2911/2574/2875 2909/2572/2873 2945/2608/2909
f 2909/2572/2873 2914/2577/2878 2945/2608/2909
f 2943/2606/2907 2945/2608/2909 2946/2609/2910
f 2946/2609/2910 2944/2607/2908 2943/2606/2907
f 2946/2609/2910 2945/2608/2909 2914/2577/2878
f 2944/2607/2908 2947/2610/2911 2942/2605/2906
f 2944/2607/2908 2946/2609/2910 2947/2610/2911
f 2946/2609/2910 2914/2577/2878 2948/2611/2912
f 2947/2610/2911 2946/2609/2910 2948/2611/2912
f 2948/2611/2912 2914/2577/2878 2949/2612/2913
f 2947/2610/2911 2950/2613/2914 2942/2605/2906
f 2942/2605/2906 2950/2613/2914 2940/2603/2904
f 2949/2612/2913 2914/2577/2878 2951/2614/2915
f 2914/2577/2878 2912/2575/2876 2951/2614/2915
f 2908/2571/2872 2951/2614/2915 2912/2575/2876
f 2949/2612/2913 2952/2615/2916 2948/2611/2912
f 2951/2614/2915 2952/2615/2916 2949/2612/2913
f 2948/2611/2912 2953/2616/2917 2947/2610/2911
f 2953/2616/2917 2948/2611/2912 2952/2615/2916
f 2954/2617/2918 2947/2610/2911 2953/2616/2917
f 2947/2610/2911 2954/2617/2918 2950/2613/2914
f 2952/2615/2916 2955/2618/2919 2953/2616/2917
f 2956/2619/2920 2954/2617/2918 2953/2616/2917
f 2955/2618/2919 2956/2619/2920 2953/2616/2917
f 2955/2618/2919 2952/2615/2916 2957/2620/2921
f 2957/2620/2921 2952/2615/2916 2951/2614/2915
f 2955/2618/2919 2958/2621/2922 2956/2619/2920
f 2958/2621/2922 2955/2618/2919 2957/2620/2921
f 2959/2622/2923 2954/2617/2918 2956/2619/2920
f 2954/2617/2918 2959/2622/2923 2950/2613/2914
f 2957/2620/2921 2951/2614/2915 2960/2623/2924
f 2958/2621/2922 2957/2620/2921 2960/2623/2924
f 2961/2624/2925 2951/2614/2915 2908/2571/2872
f 2961/2624/2925 2960/2623/2924 2951/2614/2915
f 2908/2571/2872 2904/2567/2868 2961/2624/2925
f 2962/2625/2926 2960/2623/2924 2961/2624/2925
f 2963/2626/2927 2961/2624/2925 2904/2567/2868
f 2962/2625/2926 2961/2624/2925 2963/2626/2927
f 2964/2627/2928 2963/2626/2927 2904/2567/2868
f 2964/2627/2928 2904/2567/2868 2901/2564/2865
f 2965/2628/2929 2960/2623/2924 2962/2625/2926
f 2958/2621/2922 2960/2623/2924 2965/2628/2929
f 2901/2564/2865 2966/2629/2930 2964/2627/2928
f 2900/2563/2864 2966/2629/2930 2901/2564/2865
f 2963/2626/2927 2964/2627/2928 2967/2630/2931
f 2966/2629/2930 2900/2563/2864 2968/2631/2932
f 2899/2562/2863 2968/2631/2932 2900/2563/2864
f 2969/2632/2933 2964/2627/2928 2966/2629/2930
f 2967/2630/2931 2964/2627/2928 2969/2632/2933
f 2968/2631/2932 2970/2633/2934 2966/2629/2930
f 2969/2632/2933 2966/2629/2930 2970/2633/2934
f 2968/2631/2932 2899/2562/2863 2971/2634/2935
f 2971/2634/2935 2970/2633/2934 2968/2631/2932
f 2972/2635/2936 2971/2634/2935 2899/2562/2863
f 2894/2557/2858 2972/2635/2936 2899/2562/2863
f 2892/2555/2856 2972/2635/2936 2894/2557/2858
f 2972/2635/2936 2892/2555/2856 2973/2636/2937
f 2891/2554/2855 2973/2636/2937 2892/2555/2856
f 2972/2635/2936 2974/2637/2938 2971/2634/2935
f 2973/2636/2937 2974/2637/2938 2972/2635/2936
f 2891/2554/2855 2975/2638/2939 2973/2636/2937
f 2886/2549/2850 2975/2638/2939 2891/2554/2855
f 2973/2636/2937 2976/2639/2940 2974/2637/2938
f 2975/2638/2939 2976/2639/2940 2973/2636/2937
f 2974/2637/2938 2977/2640/2941 2971/2634/2935
f 2974/2637/2938 2976/2639/2940 2977/2640/2941
f 2975/2638/2939 2886/2549/2850 2978/2641/2942
f 2871/2534/2835 2978/2641/2942 2886/2549/2850
f 2864/2527/2828 2978/2641/2942 2871/2534/2835
f 2863/2526/2827 2978/2641/2942 2864/2527/2828
f 2978/2641/2942 2979/2642/2943 2975/2638/2939
f 2978/2641/2942 2863/2526/2827 2979/2642/2943
f 2979/2642/2943 2976/2639/2940 2975/2638/2939
f 2860/2523/2824 2979/2642/2943 2863/2526/2827
f 2976/2639/2940 2979/2642/2943 2980/2643/2944
f 2980/2643/2944 2977/2640/2941 2976/2639/2940
f 2979/2642/2943 2860/2523/2824 2981/2644/2945
f 2981/2644/2945 2980/2643/2944 2979/2642/2943
f 2860/2523/2824 2854/2517/2818 2981/2644/2945
f 2857/2520/2821 2981/2644/2945 2854/2517/2818
f 2980/2643/2944 2981/2644/2945 2982/2645/2946
f 2857/2520/2821 2982/2645/2946 2981/2644/2945
f 2977/2640/2941 2980/2643/2944 2983/2646/2947
f 2982/2645/2946 2983/2646/2947 2980/2643/2944
f 2971/2634/2935 2977/2640/2941 2984/2647/2948
f 2971/2634/2935 2984/2647/2948 2970/2633/2934
f 2983/2646/2947 2985/2648/2949 2977/2640/2941
f 2984/2647/2948 2977/2640/2941 2985/2648/2949
f 2970/2633/2934 2984/2647/2948 2986/2649/2950
f 2985/2648/2949 2986/2649/2950 2984/2647/2948
f 2987/2650/2951 2970/2633/2934 2986/2649/2950
f 2970/2633/2934 2987/2650/2951 2969/2632/2933
f 2969/2632/2933 2987/2650/2951 2988/2651/2952
f 2967/2630/2931 2969/2632/2933 2988/2651/2952
f 2987/2650/2951 2986/2649/2950 2989/2652/2953
f 2988/2651/2952 2987/2650/2951 2989/2652/2953
f 2986/2649/2950 2985/2648/2949 2990/2653/2954
f 2991/2654/2955 2989/2652/2953 2986/2649/2950
f 2986/2649/2950 2990/2653/2954 2991/2654/2955
f 2988/2651/2952 2989/2652/2953 2992/2655/2956
f 2993/2656/2957 2990/2653/2954 2985/2648/2949
f 2985/2648/2949 2983/2646/2947 2993/2656/2957
f 2991/2654/2955 2994/2657/2958 2989/2652/2953
f 2992/2655/2956 2989/2652/2953 2994/2657/2958
f 2995/2658/2959 2993/2656/2957 2983/2646/2947
f 2983/2646/2947 2982/2645/2946 2995/2658/2959
f 2990/2653/2954 2993/2656/2957 2996/2659/2960
f 2997/2660/2961 2995/2658/2959 2982/2645/2946
f 2982/2645/2946 2857/2520/2821 2997/2660/2961
f 2995/2658/2959 2998/2661/2962 2993/2656/2957
f 2998/2661/2962 2996/2659/2960 2993/2656/2957
f 2997/2660/2961 2999/2662/2963 2995/2658/2959
f 2999/2662/2963 2998/2661/2962 2995/2658/2959
f 3000/2663/2964 2997/2660/2961 2857/2520/2821
f 3000/2663/2964 2857/2520/2821 2851/2514/2815
f 2851/2514/2815 2848/2511/2812 3000/2663/2964
f 3000/2663/2964 3001/2664/2965 2997/2660/2961
f 3001/2664/2965 2999/2662/2963 2997/2660/2961
f 3002/2665/2966 3000/2663/2964 2848/2511/2812
f 3002/2665/2966 3001/2664/2965 3000/2663/2964
f 2847/2510/2811 3002/2665/2966 2848/2511/2812
f 3003/2666/2967 3001/2664/2965 3002/2665/2966
f 2847/2510/2811 3003/2666/2967 3002/2665/2966
f 3001/2664/2965 3004/2667/2968 2999/2662/2963
f 3003/2666/2967 2847/2510/2811 3005/2668/2969
f 2844/2507/2808 3005/2668/2969 2847/2510/2811
f 3006/2669/2970 3001/2664/2965 3003/2666/2967
f 3006/2669/2970 3004/2667/2968 3001/2664/2965
f 3003/2666/2967 3005/2668/2969 3007/2670/2971
f 3003/2666/2967 3007/2670/2971 3006/2669/2970
f 3005/2668/2969 2844/2507/2808 3008/2671/2972
f 3007/2670/2971 3005/2668/2969 3008/2671/2972
f 2840/2503/2804 3008/2671/2972 2844/2507/2808
f 3008/2671/2972 2840/2503/2804 2834/2497/2798
f 3009/2672/2973 3008/2671/2972 2834/2497/2798
f 3009/2672/2973 3007/2670/2971 3008/2671/2972
f 2832/2495/2796 3009/2672/2973 2834/2497/2798
f 3007/2670/2971 3010/2673/2974 3006/2669/2970
f 3007/2670/2971 3009/2672/2973 3010/2673/2974
f 3004/2667/2968 3006/2669/2970 3010/2673/2974
f 2832/2495/2796 3011/2674/2975 3009/2672/2973
f 3011/2674/2975 3010/2673/2974 3009/2672/2973
f 2831/2494/2795 3011/2674/2975 2832/2495/2796
f 3004/2667/2968 3010/2673/2974 3012/2675/2976
f 3004/2667/2968 3012/2675/2976 2999/2662/2963
f 2998/2661/2962 2999/2662/2963 3012/2675/2976
f 3010/2673/2974 3011/2674/2975 3013/2676/2977
f 3013/2676/2977 3012/2675/2976 3010/2673/2974
f 2831/2494/2795 3014/2677/2978 3011/2674/2975
f 3014/2677/2978 3013/2676/2977 3011/2674/2975
f 2830/2493/2794 3014/2677/2978 2831/2494/2795
f 3012/2675/2976 3015/2678/2979 2998/2661/2962
f 3012/2675/2976 3013/2676/2977 3015/2678/2979
f 2998/2661/2962 3015/2678/2979 2996/2659/2960
f 3013/2676/2977 3014/2677/2978 3016/2679/2980
f 3016/2679/2980 3015/2678/2979 3013/2676/2977
f 3014/2677/2978 2830/2493/2794 3017/2680/2981
f 3017/2680/2981 3016/2679/2980 3014/2677/2978
f 3018/2681/2982 2996/2659/2960 3015/2678/2979
f 2996/2659/2960 3018/2681/2982 2990/2653/2954
f 2991/2654/2955 2990/2653/2954 3018/2681/2982
f 3015/2678/2979 3016/2679/2980 3019/2682/2983
f 3017/2680/2981 3019/2682/2983 3016/2679/2980
f 3018/2681/2982 3015/2678/2979 3020/2683/2984
f 3015/2678/2979 3019/2682/2983 3020/2683/2984
f 2991/2654/2955 3018/2681/2982 3021/2684/2985
f 3021/2684/2985 2994/2657/2958 2991/2654/2955
f 3020/2683/2984 3022/2685/2986 3018/2681/2982
f 2994/2657/2958 3021/2684/2985 3023/2686/2987
f 3021/2684/2985 3018/2681/2982 3024/2687/2988
f 3024/2687/2988 3023/2686/2987 3021/2684/2985
f 3025/2688/2989 3024/2687/2988 3018/2681/2982
f 3022/2685/2986 3025/2688/2989 3018/2681/2982
f 3024/2687/2988 3025/2688/2989 3026/2689/2990
f 3024/2687/2988 3026/2689/2990 3023/2686/2987
f 3025/2688/2989 3022/2685/2986 3027/2690/2991
f 3027/2690/2991 3026/2689/2990 3025/2688/2989
f 3020/2683/2984 3028/2691/2992 3022/2685/2986
f 3019/2682/2983 3028/2691/2992 3020/2683/2984
f 3029/2692/2993 3027/2690/2991 3022/2685/2986
f 3028/2691/2992 3030/2693/2994 3022/2685/2986
f 3030/2693/2994 3029/2692/2993 3022/2685/2986
f 3027/2690/2991 3031/2694/2995 3026/2689/2990
f 3029/2692/2993 3031/2694/2995 3027/2690/2991
f 3028/2691/2992 3032/2695/2996 3030/2693/2994
f 3030/2693/2994 3033/2696/2997 3029/2692/2993
f 3030/2693/2994 3032/2695/2996 3033/2696/2997
f 3029/2692/2993 3034/2697/2998 3031/2694/2995
f 3029/2692/2993 3033/2696/2997 3034/2697/2998
f 3028/2691/2992 3035/2698/2999 3032/2695/2996
f 3019/2682/2983 3035/2698/2999 3028/2691/2992
f 3032/2695/2996 3036/2699/3000 3033/2696/2997
f 3035/2698/2999 3019/2682/2983 3037/2700/3001
f 3035/2698/2999 3038/2701/3002 3032/2695/2996
f 3035/2698/2999 3037/2700/3001 3038/2701/3002
f 3019/2682/2983 3039/2702/3003 3037/2700/3001
f 3039/2702/3003 3019/2682/2983 3017/2680/2981
f 3040/2703/3004 3038/2701/3002 3037/2700/3001
f 3037/2700/3001 3039/2702/3003 3040/2703/3004
f 3038/2701/3002 3041/2704/3005 3032/2695/2996
f 3036/2699/3000 3032/2695/2996 3041/2704/3005
f 3042/2705/3006 3040/2703/3004 3039/2702/3003
f 3039/2702/3003 3017/2680/2981 3043/2706/3007
f 3042/2705/3006 3039/2702/3003 3043/2706/3007
f 3043/2706/3007 3017/2680/2981 2830/2493/2794
f 3043/2706/3007 2830/2493/2794 2825/2488/2789
f 3043/2706/3007 2825/2488/2789 2824/2487/2788
f 3044/2707/3008 3040/2703/3004 3042/2705/3006
f 3044/2707/3008 3042/2705/3006 3043/2706/3007
f 2824/2487/2788 3045/2708/3009 3043/2706/3007
f 3043/2706/3007 3045/2708/3009 3044/2707/3008
f 3045/2708/3009 2824/2487/2788 2823/2486/2787
f 3044/2707/3008 3046/2709/3010 3040/2703/3004
f 3038/2701/3002 3040/2703/3004 3046/2709/3010
f 3045/2708/3009 2823/2486/2787 3047/2710/3011
f 2814/2477/2778 3047/2710/3011 2823/2486/2787
f 2814/2477/2778 2810/2473/2774 3047/2710/3011
f 3044/2707/3008 3045/2708/3009 3048/2711/3012
f 3045/2708/3009 3047/2710/3011 3048/2711/3012
f 3049/2712/3013 3047/2710/3011 2810/2473/2774
f 3049/2712/3013 2810/2473/2774 2812/2475/2776
f 3047/2710/3011 3050/2713/3014 3048/2711/3012
f 3049/2712/3013 3050/2713/3014 3047/2710/3011
f 3044/2707/3008 3048/2711/3012 3051/2714/3015
f 3048/2711/3012 3050/2713/3014 3051/2714/3015
f 3051/2714/3015 3046/2709/3010 3044/2707/3008
f 3050/2713/3014 3049/2712/3013 3052/2715/3016
f 2812/2475/2776 3052/2715/3016 3049/2712/3013
f 3053/2716/3017 3051/2714/3015 3050/2713/3014
f 3054/2717/3018 3052/2715/3016 2812/2475/2776
f 3054/2717/3018 2812/2475/2776 2369/2032/2340
f 2369/2032/2340 2363/2026/2334 3054/2717/3018
f 3055/2718/3019 3050/2713/3014 3052/2715/3016
f 3055/2718/3019 3053/2716/3017 3050/2713/3014
f 3054/2717/3018 3056/2719/3020 3052/2715/3016
f 3055/2718/3019 3052/2715/3016 3056/2719/3020
f 3057/2720/3021 3054/2717/3018 2363/2026/2334
f 3057/2720/3021 3056/2719/3020 3054/2717/3018
f 2362/2025/2333 3057/2720/3021 2363/2026/2334
f 3055/2718/3019 3056/2719/3020 3058/2721/3022
f 3055/2718/3019 3058/2721/3022 3053/2716/3017
f 3056/2719/3020 3057/2720/3021 3059/2722/3023
f 3059/2722/3023 3058/2721/3022 3056/2719/3020
f 3057/2720/3021 2362/2025/2333 3060/2723/3024
f 3060/2723/3024 3059/2722/3023 3057/2720/3021
f 3061/2724/3025 3053/2716/3017 3058/2721/3022
f 3062/2725/3026 3058/2721/3022 3059/2722/3023
f 3061/2724/3025 3063/2726/3027 3053/2716/3017
f 3051/2714/3015 3053/2716/3017 3063/2726/3027
f 3051/2714/3015 3063/2726/3027 3046/2709/3010
f 3061/2724/3025 3058/2721/3022 3064/2727/3028
f 3062/2725/3026 3064/2727/3028 3058/2721/3022
f 3063/2726/3027 3061/2724/3025 3065/2728/3029
f 3064/2727/3028 3065/2728/3029 3061/2724/3025
f 3046/2709/3010 3063/2726/3027 3066/2729/3030
f 3065/2728/3029 3066/2729/3030 3063/2726/3027
f 3066/2729/3030 3038/2701/3002 3046/2709/3010
f 3038/2701/3002 3066/2729/3030 3041/2704/3005
f 3066/2729/3030 3065/2728/3029 3067/2730/3031
f 3066/2729/3030 3067/2730/3031 3041/2704/3005
f 3065/2728/3029 3064/2727/3028 3068/2731/3032
f 3068/2731/3032 3067/2730/3031 3065/2728/3029
f 3041/2704/3005 3067/2730/3031 3069/2732/3033
f 3069/2732/3033 3036/2699/3000 3041/2704/3005
f 3070/2733/3034 3067/2730/3031 3068/2731/3032
f 3067/2730/3031 3070/2733/3034 3069/2732/3033
f 3071/2734/3035 3068/2731/3032 3064/2727/3028
f 3064/2727/3028 3062/2725/3026 3071/2734/3035
f 3070/2733/3034 3068/2731/3032 3072/2735/3036
f 3071/2734/3035 3073/2736/3037 3068/2731/3032
f 3068/2731/3032 3073/2736/3037 3072/2735/3036
f 3074/2737/3038 3071/2734/3035 3062/2725/3026
f 3071/2734/3035 3074/2737/3038 3073/2736/3037
f 3075/2738/3039 3062/2725/3026 3059/2722/3023
f 3074/2737/3038 3062/2725/3026 3075/2738/3039
f 3059/2722/3023 3060/2723/3024 3075/2738/3039
f 3076/2739/3040 3073/2736/3037 3074/2737/3038
f 3077/2740/3041 3075/2738/3039 3060/2723/3024
f 3078/2741/3042 3074/2737/3038 3075/2738/3039
f 3075/2738/3039 3077/2740/3041 3078/2741/3042
f 3060/2723/3024 3079/2742/3043 3077/2740/3041
f 3079/2742/3043 3060/2723/3024 2362/2025/2333
f 3078/2741/3042 3080/2743/3044 3074/2737/3038
f 3076/2739/3040 3074/2737/3038 3080/2743/3044
f 3079/2742/3043 2362/2025/2333 3081/2744/3045
f 2358/2021/2331 3081/2744/3045 2362/2025/2333
f 3082/2745/3046 3077/2740/3041 3079/2742/3043
f 3082/2745/3046 3079/2742/3043 3081/2744/3045
f 3083/2746/3047 3078/2741/3042 3077/2740/3041
f 3077/2740/3041 3082/2745/3046 3083/2746/3047
f 3081/2744/3045 2358/2021/2331 3084/2747/3048
f 2348/2011/2322 3084/2747/3048 2358/2021/2331
f 3085/2748/3049 3082/2745/3046 3081/2744/3045
f 3084/2747/3048 3085/2748/3049 3081/2744/3045
f 3086/2749/3050 3083/2746/3047 3082/2745/3046
f 3086/2749/3050 3082/2745/3046 3085/2748/3049
f 3083/2746/3047 3087/2750/3051 3078/2741/3042
f 3083/2746/3047 3086/2749/3050 3087/2750/3051
f 3080/2743/3044 3078/2741/3042 3087/2750/3051
f 3088/2751/3052 3086/2749/3050 3085/2748/3049
f 3089/2752/3053 3087/2750/3051 3086/2749/3050
f 3086/2749/3050 3088/2751/3052 3089/2752/3053
f 3090/2753/3054 3085/2748/3049 3084/2747/3048
f 3090/2753/3054 3088/2751/3052 3085/2748/3049
f 2348/2011/2322 3091/2754/2728 3084/2747/3048
f 3091/2754/2728 3090/2753/3054 3084/2747/3048
f 2348/2011/2322 2346/2009/2320 3091/2754/2728
f 3092/2755/3055 3088/2751/3052 3090/2753/3054
f 3091/2754/2728 2346/2009/2320 3093/2756/1271
f 1379/1042/1348 3093/2756/1271 2346/2009/2320
f 3094/2757/3056 3090/2753/3054 3091/2754/2728
f 3090/2753/3054 3094/2757/3056 3092/2755/3055
f 3093/2756/1271 3095/2758/3057 3091/2754/2728
f 3094/2757/3056 3091/2754/2728 3095/2758/3057
f 3093/2756/1271 1379/1042/1348 3096/2759/3058
f 1381/1044/1363 3096/2759/3058 1379/1042/1348
f 3096/2759/3058 3097/2760/3059 3093/2756/1271
f 3095/2758/3057 3093/2756/1271 3097/2760/3059
f 3096/2759/3058 1381/1044/1363 3098/2761/3060
f 3096/2759/3058 3098/2761/3060 3097/2760/3059
f 1382/1045/1364 3098/2761/3060 1381/1044/1363
f 3098/2761/3060 1382/1045/1364 1387/1050/1369
f 3099/2762/3061 3097/2760/3059 3098/2761/3060
f 1387/1050/1369 3100/2763/3062 3098/2761/3060
f 3099/2762/3061 3098/2761/3060 3100/2763/3062
f 3100/2763/3062 1387/1050/1369 3101/2764/800
f 1388/1051/1370 3101/2764/800 1387/1050/1369
f 3099/2762/3061 3102/2765/3063 3097/2760/3059
f 3097/2760/3059 3102/2765/3063 3095/2758/3057
f 3101/2764/800 1388/1051/1370 3103/2766/3064
f 1390/1053/1372 3103/2766/3064 1388/1051/1370
f 3104/2767/3065 3095/2758/3057 3102/2765/3063
f 3095/2758/3057 3104/2767/3065 3094/2757/3056
f 3105/2768/3066 3103/2766/3064 1390/1053/1372
f 3105/2768/3066 1390/1053/1372 1392/1055/1374
f 1474/1137/1455 3105/2768/3066 1392/1055/1374
f 3106/2769/3067 3094/2757/3056 3104/2767/3065
f 3094/2757/3056 3106/2769/3067 3092/2755/3055
f 3107/2770/3068 3103/2766/3064 3105/2768/3066
f 3108/2771/3069 3092/2755/3055 3106/2769/3067
f 3107/2770/3068 3109/2772/3070 3103/2766/3064
f 3103/2766/3064 3109/2772/3070 3101/2764/800
f 3110/2773/3071 3107/2770/3068 3105/2768/3066
f 1474/1137/1455 3110/2773/3071 3105/2768/3066
f 3101/2764/800 3109/2772/3070 3111/2774/3072
f 3101/2764/800 3111/2774/3072 3100/2763/3062
f 3107/2770/3068 3112/2775/3073 3109/2772/3070
f 3111/2774/3072 3113/2776/3074 3100/2763/3062
f 3100/2763/3062 3113/2776/3074 3099/2762/3061
f 3109/2772/3070 3114/2777/3075 3111/2774/3072
f 3114/2777/3075 3109/2772/3070 3112/2775/3073
f 3111/2774/3072 3115/2778/3076 3113/2776/3074
f 3111/2774/3072 3114/2777/3075 3115/2778/3076
f 3116/2779/3077 3099/2762/3061 3113/2776/3074
f 3099/2762/3061 3116/2779/3077 3102/2765/3063
f 3117/2780/3078 3113/2776/3074 3115/2778/3076
f 3113/2776/3074 3117/2780/3078 3116/2779/3077
f 3114/2777/3075 3118/2781/3079 3115/2778/3076
f 3115/2778/3076 3119/2782/3080 3117/2780/3078
f 3119/2782/3080 3115/2778/3076 3118/2781/3079
f 3120/2783/3081 3116/2779/3077 3117/2780/3078
f 3118/2781/3079 3114/2777/3075 3121/2784/3082
f 3112/2775/3073 3121/2784/3082 3114/2777/3075
f 3116/2779/3077 3122/2785/3083 3102/2765/3063
f 3116/2779/3077 3120/2783/3081 3122/2785/3083
f 3112/2775/3073 3123/2786/3084 3121/2784/3082
f 3123/2786/3084 3112/2775/3073 3107/2770/3068
f 3110/2773/3071 3123/2786/3084 3107/2770/3068
f 3124/2787/3085 3102/2765/3063 3122/2785/3083
f 3102/2765/3063 3124/2787/3085 3104/2767/3065
f 3110/2773/3071 3125/2788/3086 3123/2786/3084
f 3126/2789/3087 3104/2767/3065 3124/2787/3085
f 3104/2767/3065 3126/2789/3087 3106/2769/3067
f 3127/2790/3088 3121/2784/3082 3123/2786/3084
f 3123/2786/3084 3125/2788/3086 3127/2790/3088
f 3106/2769/3067 3126/2789/3087 3128/2791/3089
f 3128/2791/3089 3108/2771/3069 3106/2769/3067
f 3121/2784/3082 3127/2790/3088 3129/2792/3090
f 3118/2781/3079 3121/2784/3082 3129/2792/3090
f 3128/2791/3089 3130/2793/3091 3108/2771/3069
f 3118/2781/3079 3129/2792/3090 3131/2794/3092
f 3118/2781/3079 3131/2794/3092 3119/2782/3080
f 3132/2795/3093 3108/2771/3069 3130/2793/3091
f 3092/2755/3055 3108/2771/3069 3132/2795/3093
f 3132/2795/3093 3088/2751/3052 3092/2755/3055
f 3132/2795/3093 3089/2752/3053 3088/2751/3052
f 3133/2796/3094 3119/2782/3080 3131/2794/3092
f 3132/2795/3093 3134/2797/3095 3089/2752/3053
f 3119/2782/3080 3133/2796/3094 3135/2798/3096
f 3135/2798/3096 3117/2780/3078 3119/2782/3080
f 3117/2780/3078 3135/2798/3096 3120/2783/3081
f 3136/2799/3097 3089/2752/3053 3134/2797/3095
f 3089/2752/3053 3136/2799/3097 3087/2750/3051
f 3134/2797/3095 3132/2795/3093 3137/2800/3098
f 3130/2793/3091 3137/2800/3098 3132/2795/3093
f 3138/2801/3099 3087/2750/3051 3136/2799/3097
f 3087/2750/3051 3138/2801/3099 3080/2743/3044
f 3139/2802/3100 3136/2799/3097 3134/2797/3095
f 3140/2803/3101 3080/2743/3044 3138/2801/3099
f 3080/2743/3044 3140/2803/3101 3076/2739/3040
f 3141/2804/3102 3138/2801/3099 3136/2799/3097
f 3136/2799/3097 3139/2802/3100 3141/2804/3102
f 3142/2805/3103 3140/2803/3101 3138/2801/3099
f 3138/2801/3099 3141/2804/3102 3142/2805/3103
f 3134/2797/3095 3143/2806/3104 3139/2802/3100
f 3143/2806/3104 3134/2797/3095 3137/2800/3098
f 3144/2807/3105 3141/2804/3102 3139/2802/3100
f 3143/2806/3104 3145/2808/3106 3139/2802/3100
f 3144/2807/3105 3139/2802/3100 3145/2808/3106
f 3146/2809/3107 3142/2805/3103 3141/2804/3102
f 3141/2804/3102 3144/2807/3105 3146/2809/3107
f 3143/2806/3104 3137/2800/3098 3147/2810/3108
f 3148/2811/3109 3146/2809/3107 3144/2807/3105
f 3149/2812/3110 3147/2810/3108 3137/2800/3098
f 3149/2812/3110 3137/2800/3098 3130/2793/3091
f 3147/2810/3108 3150/2813/3111 3143/2806/3104
f 3145/2808/3106 3143/2806/3104 3150/2813/3111
f 3149/2812/3110 3130/2793/3091 3151/2814/3112
f 3130/2793/3091 3128/2791/3089 3151/2814/3112
f 3145/2808/3106 3152/2815/3113 3144/2807/3105
f 3152/2815/3113 3148/2811/3109 3144/2807/3105
f 3153/2816/3114 3151/2814/3112 3128/2791/3089
f 3128/2791/3089 3126/2789/3087 3153/2816/3114
f 3154/2817/3115 3149/2812/3110 3151/2814/3112
f 3155/2818/3116 3153/2816/3114 3126/2789/3087
f 3126/2789/3087 3124/2787/3085 3155/2818/3116
f 3156/2819/3117 3151/2814/3112 3153/2816/3114
f 3154/2817/3115 3151/2814/3112 3156/2819/3117
f 3153/2816/3114 3155/2818/3116 3157/2820/3118
f 3156/2819/3117 3153/2816/3114 3157/2820/3118
f 3124/2787/3085 3158/2821/3119 3155/2818/3116
f 3124/2787/3085 3122/2785/3083 3158/2821/3119
f 3159/2822/3120 3157/2820/3118 3155/2818/3116
f 3155/2818/3116 3158/2821/3119 3159/2822/3120
f 3122/2785/3083 3160/2823/3121 3158/2821/3119
f 3122/2785/3083 3120/2783/3081 3160/2823/3121
f 3159/2822/3120 3158/2821/3119 3161/2824/3122
f 3158/2821/3119 3160/2823/3121 3161/2824/3122
f 3120/2783/3081 3162/2825/3123 3160/2823/3121
f 3162/2825/3123 3120/2783/3081 3135/2798/3096
f 3160/2823/3121 3163/2826/3124 3161/2824/3122
f 3160/2823/3121 3162/2825/3123 3163/2826/3124
f 3162/2825/3123 3135/2798/3096 3164/2827/3125
f 3162/2825/3123 3164/2827/3125 3163/2826/3124
f 3164/2827/3125 3135/2798/3096 3165/2828/3126
f 3165/2828/3126 3135/2798/3096 3133/2796/3094
f 3163/2826/3124 3164/2827/3125 3166/2829/3127
f 3164/2827/3125 3165/2828/3126 3167/2830/3128
f 3166/2829/3127 3164/2827/3125 3167/2830/3128
f 3165/2828/3126 3133/2796/3094 3168/2831/3129
f 3167/2830/3128 3165/2828/3126 3168/2831/3129
f 3166/2829/3127 3169/2832/3130 3163/2826/3124
f 3161/2824/3122 3163/2826/3124 3169/2832/3130
f 3166/2829/3127 3167/2830/3128 3170/2833/3131
f 3171/2834/3132 3161/2824/3122 3169/2832/3130
f 3171/2834/3132 3159/2822/3120 3161/2824/3122
f 3169/2832/3130 3166/2829/3127 3172/2835/3133
f 3170/2833/3131 3172/2835/3133 3166/2829/3127
f 3171/2834/3132 3169/2832/3130 3173/2836/3134
f 3172/2835/3133 3173/2836/3134 3169/2832/3130
f 3174/2837/3135 3159/2822/3120 3171/2834/3132
f 3174/2837/3135 3157/2820/3118 3159/2822/3120
f 3175/2838/3136 3171/2834/3132 3173/2836/3134
f 3171/2834/3132 3175/2838/3136 3174/2837/3135
f 3174/2837/3135 3176/2839/3137 3157/2820/3118
f 3156/2819/3117 3157/2820/3118 3176/2839/3137
f 3175/2838/3136 3177/2840/3138 3174/2837/3135
f 3176/2839/3137 3174/2837/3135 3177/2840/3138
f 3176/2839/3137 3178/2841/3139 3156/2819/3117
f 3154/2817/3115 3156/2819/3117 3178/2841/3139
f 3177/2840/3138 3179/2842/3140 3176/2839/3137
f 3178/2841/3139 3176/2839/3137 3179/2842/3140
f 3177/2840/3138 3175/2838/3136 3180/2843/3141
f 3179/2842/3140 3177/2840/3138 3181/2844/3142
f 3180/2843/3141 3181/2844/3142 3177/2840/3138
f 3182/2845/3143 3180/2843/3141 3175/2838/3136
f 3175/2838/3136 3173/2836/3134 3182/2845/3143
f 3181/2844/3142 3180/2843/3141 3183/2846/3144
f 3184/2847/3145 3182/2845/3143 3173/2836/3134
f 3173/2836/3134 3172/2835/3133 3184/2847/3145
f 3180/2843/3141 3182/2845/3143 3185/2848/3146
f 3185/2848/3146 3183/2846/3144 3180/2843/3141
f 3182/2845/3143 3184/2847/3145 3186/2849/3147
f 3186/2849/3147 3185/2848/3146 3182/2845/3143
f 3187/2850/3148 3184/2847/3145 3172/2835/3133
f 3172/2835/3133 3170/2833/3131 3187/2850/3148
f 3188/2851/3149 3186/2849/3147 3184/2847/3145
f 3184/2847/3145 3187/2850/3148 3188/2851/3149
f 3185/2848/3146 3186/2849/3147 3189/2852/3150
f 3190/2853/3151 3187/2850/3148 3170/2833/3131
f 3186/2849/3147 3188/2851/3149 3191/2854/3152
f 3191/2854/3152 3189/2852/3150 3186/2849/3147
f 3192/2855/3153 3188/2851/3149 3187/2850/3148
f 3187/2850/3148 3190/2853/3151 3192/2855/3153
f 3193/2856/3154 3191/2854/3152 3188/2851/3149
f 3188/2851/3149 3192/2855/3153 3193/2856/3154
f 3191/2854/3152 1644/1307/1243 3189/2852/3150
f 1644/1307/1243 3191/2854/3152 1643/1306/1624
f 3193/2856/3154 1643/1306/1624 3191/2854/3152
f 1648/1311/1628 3189/2852/3150 1644/1307/1243
f 1643/1306/1624 3193/2856/3154 1646/1309/1626
f 3189/2852/3150 1648/1311/1628 3194/2857/3155
f 3189/2852/3150 3194/2857/3155 3185/2848/3146
f 3183/2846/3144 3185/2848/3146 3194/2857/3155
f 3195/2858/3156 1646/1309/1626 3193/2856/3154
f 3195/2858/3156 3193/2856/3154 3192/2855/3153
f 3196/2859/3157 3194/2857/3155 1648/1311/1628
f 3196/2859/3157 1648/1311/1628 1649/1312/1629
f 3194/2857/3155 3197/2860/3158 3183/2846/3144
f 3197/2860/3158 3194/2857/3155 3196/2859/3157
f 3198/3/3159 3183/2846/3144 3197/2860/3158
f 3183/2846/3144 3198/3/3159 3181/2844/3142
f 3197/2860/3158 3196/2859/3157 3199/2861/3160
f 3200/2/3161 3181/2844/3142 3198/3/3159
f 3181/2844/3142 3200/2/3161 3179/2842/3140
f 3198/3/3159 3197/2860/3158 3201/2862/3162
f 3197/2860/3158 3199/2861/3160 3201/2862/3162
f 3198/3/3159 3201/2862/3162 3202/1/3163
f 3202/1/3163 3201/2862/3162 3203/2863/3164
f 3204/2864/3165 3179/2842/3140 3200/2/3161
f 3204/2864/3165 3178/2841/3139 3179/2842/3140
f 3205/2865/3166 3200/2/3161 3203/2863/3164
f 3205/2865/3166 3204/2864/3165 3200/2/3161
f 3206/2866/3167 3203/2863/3164 3201/2862/3162
f 3207/2867/3168 3205/2865/3166 3203/2863/3164
f 3207/2867/3168 3203/2863/3164 3206/2866/3167
f 3206/2866/3167 3201/2862/3162 3208/2868/3169
f 3209/2869/3170 3207/2867/3168 3206/2866/3167
f 3209/2869/3170 3206/2866/3167 3208/2868/3169
f 3210/2870/3171 3208/2868/3169 3201/2862/3162
f 3210/2870/3171 3201/2862/3162 3199/2861/3160
f 3208/2868/3169 3211/2871/3172 3209/2869/3170
f 3208/2868/3169 3210/2870/3171 3211/2871/3172
f 3209/2869/3170 3212/2872/3173 3207/2867/3168
f 3212/2872/3173 3209/2869/3170 3211/2871/3172
f 3205/2865/3166 3207/2867/3168 3213/2873/3174
f 3213/2873/3174 3207/2867/3168 3212/2872/3173
f 3214/2874/3175 3205/2865/3166 3213/2873/3174
f 3205/2865/3166 3214/2874/3175 3204/2864/3165
f 3212/2872/3173 3215/2875/3176 3213/2873/3174
f 3216/2876/3177 3204/2864/3165 3214/2874/3175
f 3214/2874/3175 3213/2873/3174 3217/2877/3178
f 3213/2873/3174 3215/2875/3176 3217/2877/3178
f 3214/2874/3175 3218/2878/3179 3216/2876/3177
f 3214/2874/3175 3217/2877/3178 3218/2878/3179
f 3219/2879/3180 3204/2864/3165 3216/2876/3177
f 3178/2841/3139 3204/2864/3165 3219/2879/3180
f 3220/2880/3181 3216/2876/3177 3218/2878/3179
f 3216/2876/3177 3220/2880/3181 3219/2879/3180
f 3218/2878/3179 3217/2877/3178 3221/2881/3182
f 3222/2882/3183 3220/2880/3181 3218/2878/3179
f 3222/2882/3183 3218/2878/3179 3221/2881/3182
f 3223/2883/3184 3219/2879/3180 3220/2880/3181
f 3223/2883/3184 3220/2880/3181 3222/2882/3183
f 3219/2879/3180 3224/2884/3185 3178/2841/3139
f 3223/2883/3184 3224/2884/3185 3219/2879/3180
f 3154/2817/3115 3178/2841/3139 3224/2884/3185
f 3224/2884/3185 3149/2812/3110 3154/2817/3115
f 3224/2884/3185 3147/2810/3108 3149/2812/3110
f 3225/2885/3186 3147/2810/3108 3224/2884/3185
f 3223/2883/3184 3225/2885/3186 3224/2884/3185
f 3147/2810/3108 3225/2885/3186 3150/2813/3111
f 3223/2883/3184 3226/2886/3187 3225/2885/3186
f 3223/2883/3184 3222/2882/3183 3226/2886/3187
f 3225/2885/3186 3227/2887/3188 3150/2813/3111
f 3227/2887/3188 3225/2885/3186 3226/2886/3187
f 3228/2888/3189 3150/2813/3111 3227/2887/3188
f 3150/2813/3111 3228/2888/3189 3145/2808/3106
f 3152/2815/3113 3145/2808/3106 3228/2888/3189
f 3226/2886/3187 3229/2889/3190 3227/2887/3188
f 3230/2890/3191 3228/2888/3189 3227/2887/3188
f 3230/2890/3191 3227/2887/3188 3229/2889/3190
f 3231/2891/3192 3226/2886/3187 3222/2882/3183
f 3226/2886/3187 3231/2891/3192 3229/2889/3190
f 3232/2892/3193 3231/2891/3192 3222/2882/3183
f 3221/2881/3182 3232/2892/3193 3222/2882/3183
f 3233/2893/3194 3229/2889/3190 3231/2891/3192
f 3232/2892/3193 3221/2881/3182 3234/2894/3195
f 3217/2877/3178 3234/2894/3195 3221/2881/3182
f 3217/2877/3178 3215/2875/3176 3234/2894/3195
f 3232/2892/3193 3235/2895/3196 3231/2891/3192
f 3235/2895/3196 3233/2893/3194 3231/2891/3192
f 3234/2894/3195 3236/2896/3197 3232/2892/3193
f 3215/2875/3176 3237/2897/3198 3234/2894/3195
f 3234/2894/3195 3237/2897/3198 3236/2896/3197
f 3235/2895/3196 3232/2892/3193 3238/2898/3199
f 3232/2892/3193 3236/2896/3197 3238/2898/3199
f 3215/2875/3176 3239/2899/3200 3237/2897/3198
f 3215/2875/3176 3212/2872/3173 3239/2899/3200
f 3211/2871/3172 3239/2899/3200 3212/2872/3173
f 3236/2896/3197 3237/2897/3198 3240/2900/3201
f 3240/2900/3201 3238/2898/3199 3236/2896/3197
f 3239/2899/3200 3241/2901/3202 3237/2897/3198
f 3237/2897/3198 3241/2901/3202 3240/2900/3201
f 3211/2871/3172 3242/2902/3203 3239/2899/3200
f 3241/2901/3202 3239/2899/3200 3243/2903/3204
f 3242/2902/3203 3243/2903/3204 3239/2899/3200
f 3240/2900/3201 3241/2901/3202 3244/2904/3205
f 3241/2901/3202 3243/2903/3204 3244/2904/3205
f 3242/2902/3203 3211/2871/3172 3245/2905/3206
f 3245/2905/3206 3211/2871/3172 3210/2870/3171
f 3245/2905/3206 3210/2870/3171 3246/2906/3207
f 3245/2905/3206 3246/2906/3207 3242/2902/3203
f 3199/2861/3160 3246/2906/3207 3210/2870/3171
f 3247/2907/3208 3242/2902/3203 3246/2906/3207
f 3199/2861/3160 3248/2908/3158 3246/2906/3207
f 3248/2908/3158 3199/2861/3160 3196/2859/3157
f 1649/1312/1629 3248/2908/3158 3196/2859/3157
f 3249/2909/3209 3246/2906/3207 3248/2908/3158
f 3247/2907/3208 3246/2906/3207 3249/2909/3209
f 3248/2908/3158 1649/1312/1629 3250/2910/3210
f 3248/2908/3158 3250/2910/3210 3249/2909/3209
f 1649/1312/1629 1651/1314/1631 3250/2910/3210
f 3249/2909/3209 3251/2911/3211 3247/2907/3208
f 3252/2912/3212 3249/2909/3209 3250/2910/3210
f 3251/2911/3211 3249/2909/3209 3252/2912/3212
f 3253/2913/3213 3250/2910/3210 1651/1314/1631
f 3252/2912/3212 3250/2910/3210 3253/2913/3213
f 3247/2907/3208 3254/2914/3214 3242/2902/3203
f 3254/2914/3214 3247/2907/3208 3251/2911/3211
f 3243/2903/3204 3242/2902/3203 3254/2914/3214
f 3252/2912/3212 3255/2915/3215 3251/2911/3211
f 3251/2911/3211 3256/2916/3216 3254/2914/3214
f 3251/2911/3211 3255/2915/3215 3256/2916/3216
f 3255/2915/3215 3252/2912/3212 3257/2917/3217
f 3252/2912/3212 3253/2913/3213 3257/2917/3217
f 3256/2916/3216 3255/2915/3215 3258/2918/3218
f 3257/2917/3217 3259/2919/3219 3255/2915/3215
f 3255/2915/3215 3259/2919/3219 3258/2918/3218
f 3257/2917/3217 3253/2913/3213 3260/2920/3220
f 3257/2917/3217 3260/2920/3220 3259/2919/3219
f 3258/2918/3218 3261/2921/3221 3256/2916/3216
f 3256/2916/3216 3261/2921/3221 3254/2914/3214
f 3258/2918/3218 3259/2919/3219 3262/2922/3222
f 3263/2923/3223 3254/2914/3214 3261/2921/3221
f 3254/2914/3214 3263/2923/3223 3243/2903/3204
f 3259/2919/3219 3264/2924/3224 3262/2922/3222
f 3264/2924/3224 3259/2919/3219 3260/2920/3220
f 3265/2925/3225 3243/2903/3204 3263/2923/3223
f 3243/2903/3204 3265/2925/3225 3244/2904/3205
f 3265/2925/3225 3263/2923/3223 3266/2926/3226
f 3244/2904/3205 3265/2925/3225 3267/2927/3227
f 3266/2926/3226 3267/2927/3227 3265/2925/3225
f 3267/2927/3227 3268/2928/3228 3244/2904/3205
f 3244/2904/3205 3268/2928/3228 3240/2900/3201
f 3268/2928/3228 3238/2898/3199 3240/2900/3201
f 3267/2927/3227 3269/2929/3229 3268/2928/3228
f 3270/2930/3230 3238/2898/3199 3268/2928/3228
f 3271/2931/3231 3269/2929/3229 3267/2927/3227
f 3271/2931/3231 3267/2927/3227 3266/2926/3226
f 3269/2929/3229 3272/2932/3232 3268/2928/3228
f 3272/2932/3232 3270/2930/3230 3268/2928/3228
f 3271/2931/3231 3273/2933/3233 3269/2929/3229
f 3269/2929/3229 3273/2933/3233 3272/2932/3232
f 3270/2930/3230 3274/2934/3234 3238/2898/3199
f 3238/2898/3199 3274/2934/3234 3235/2895/3196
f 3235/2895/3196 3274/2934/3234 3233/2893/3194
f 3274/2934/3234 3270/2930/3230 3275/2935/3235
f 3270/2930/3230 3272/2932/3232 3275/2935/3235
f 3233/2893/3194 3274/2934/3234 3276/2936/3236
f 3276/2936/3236 3274/2934/3234 3275/2935/3235
f 3277/2937/3237 3233/2893/3194 3276/2936/3236
f 3275/2935/3235 3272/2932/3232 3278/2938/3238
f 3277/2937/3237 3279/2939/3239 3233/2893/3194
f 3229/2889/3190 3233/2893/3194 3279/2939/3239
f 3272/2932/3232 3280/2940/3240 3278/2938/3238
f 3272/2932/3232 3273/2933/3233 3280/2940/3240
f 3279/2939/3239 3281/2941/3241 3229/2889/3190
f 3230/2890/3191 3229/2889/3190 3281/2941/3241
f 3280/2940/3240 3273/2933/3233 3282/2942/3242
f 3283/2943/3243 3278/2938/3238 3280/2940/3240
f 3283/2943/3243 3280/2940/3240 3282/2942/3242
f 3273/2933/3233 3284/2944/3244 3282/2942/3242
f 3271/2931/3231 3284/2944/3244 3273/2933/3233
f 3278/2938/3238 3283/2943/3243 3285/2945/3245
f 3278/2938/3238 3285/2945/3245 3275/2935/3235
f 3286/2946/3246 3284/2944/3244 3271/2931/3231
f 3286/2946/3246 3271/2931/3231 3266/2926/3226
f 3284/2944/3244 3287/2947/3247 3282/2942/3242
f 3287/2947/3247 3284/2944/3244 3286/2946/3246
f 3282/2942/3242 3287/2947/3247 3288/2948/3248
f 3283/2943/3243 3282/2942/3242 3288/2948/3248
f 3286/2946/3246 3289/2949/3249 3287/2947/3247
f 3289/2949/3249 3288/2948/3248 3287/2947/3247
f 3286/2946/3246 3266/2926/3226 3290/2950/3250
f 3290/2950/3250 3289/2949/3249 3286/2946/3246
f 3283/2943/3243 3288/2948/3248 3291/2951/3251
f 3283/2943/3243 3291/2951/3251 3285/2945/3245
f 3292/2952/3252 3288/2948/3248 3289/2949/3249
f 3292/2952/3252 3291/2951/3251 3288/2948/3248
f 3290/2950/3250 3293/2953/3253 3289/2949/3249
f 3292/2952/3252 3289/2949/3249 3293/2953/3253
f 3294/2954/3254 3290/2950/3250 3266/2926/3226
f 3294/2954/3254 3266/2926/3226 3263/2923/3223
f 3294/2954/3254 3295/2955/3255 3290/2950/3250
f 3293/2953/3253 3290/2950/3250 3295/2955/3255
f 3263/2923/3223 3296/2956/3256 3294/2954/3254
f 3295/2955/3255 3294/2954/3254 3296/2956/3256
f 3296/2956/3256 3263/2923/3223 3261/2921/3221
f 3293/2953/3253 3297/2957/3257 3292/2952/3252
f 3261/2921/3221 3298/2958/3258 3296/2956/3256
f 3297/2957/3257 3299/2959/3259 3292/2952/3252
f 3291/2951/3251 3292/2952/3252 3299/2959/3259
f 3297/2957/3257 3293/2953/3253 3300/2960/3260
f 3299/2959/3259 3297/2957/3257 3300/2960/3260
f 3300/2960/3260 3293/2953/3253 3295/2955/3255
f 3296/2956/3256 3301/2961/3261 3295/2955/3255
f 3300/2960/3260 3295/2955/3255 3301/2961/3261
f 3301/2961/3261 3296/2956/3256 3298/2958/3258
f 3302/2962/3262 3299/2959/3259 3300/2960/3260
f 3300/2960/3260 3301/2961/3261 3303/2963/3263
f 3303/2963/3263 3302/2962/3262 3300/2960/3260
f 3303/2963/3263 3301/2961/3261 3304/2964/3264
f 3304/2964/3264 3301/2961/3261 3298/2958/3258
f 3305/2965/3265 3302/2962/3262 3303/2963/3263
f 3305/2965/3265 3303/2963/3263 3304/2964/3264
f 3299/2959/3259 3302/2962/3262 3306/2966/3266
f 3302/2962/3262 3305/2965/3265 3306/2966/3266
f 3299/2959/3259 3306/2966/3266 3291/2951/3251
f 3306/2966/3266 3305/2965/3265 3307/2967/3267
f 3305/2965/3265 3304/2964/3264 3307/2967/3267
f 3308/2968/3268 3291/2951/3251 3306/2966/3266
f 3308/2968/3268 3285/2945/3245 3291/2951/3251
f 3306/2966/3266 3307/2967/3267 3309/2969/3269
f 3306/2966/3266 3309/2969/3269 3308/2968/3268
f 3285/2945/3245 3308/2968/3268 3310/2970/3270
f 3275/2935/3235 3285/2945/3245 3310/2970/3270
f 3276/2936/3236 3275/2935/3235 3310/2970/3270
f 3311/2971/3271 3308/2968/3268 3309/2969/3269
f 3311/2971/3271 3310/2970/3270 3308/2968/3268
f 3312/2972/3272 3276/2936/3236 3310/2970/3270
f 3277/2937/3237 3276/2936/3236 3312/2972/3272
f 3313/2973/3273 3310/2970/3270 3311/2971/3271
f 3312/2972/3272 3310/2970/3270 3313/2973/3273
f 3312/2972/3272 3314/2974/3274 3277/2937/3237
f 3279/2939/3239 3277/2937/3237 3314/2974/3274
f 3313/2973/3273 3315/2975/3275 3312/2972/3272
f 3314/2974/3274 3312/2972/3272 3315/2975/3275
f 3279/2939/3239 3314/2974/3274 3316/2976/2768
f 3281/2941/3241 3279/2939/3239 3316/2976/2768
f 3314/2974/3274 3315/2975/3275 3317/2977/3276
f 3314/2974/3274 3317/2977/3276 3316/2976/2768
f 3313/2973/3273 3318/2978/3277 3315/2975/3275
f 3315/2975/3275 3319/2979/3278 3317/2977/3276
f 3315/2975/3275 3318/2978/3277 3319/2979/3278
f 3320/2980/3279 3316/2976/2768 3317/2977/3276
f 3318/2978/3277 3313/2973/3273 3321/2981/3280
f 3311/2971/3271 3321/2981/3280 3313/2973/3273
f 3322/2982/3281 3317/2977/3276 3319/2979/3278
f 3317/2977/3276 3322/2982/3281 3320/2980/3279
f 3323/2983/3282 3321/2981/3280 3311/2971/3271
f 3311/2971/3271 3309/2969/3269 3323/2983/3282
f 3318/2978/3277 3321/2981/3280 3324/2984/3283
f 3325/2985/3284 3323/2983/3282 3309/2969/3269
f 3309/2969/3269 3307/2967/3267 3325/2985/3284
f 3326/2986/3285 3321/2981/3280 3323/2983/3282
f 3326/2986/3285 3324/2984/3283 3321/2981/3280
f 3323/2983/3282 3325/2985/3284 3327/2987/3286
f 3326/2986/3285 3323/2983/3282 3327/2987/3286
f 3307/2967/3267 3328/2988/3287 3325/2985/3284
f 3307/2967/3267 3304/2964/3264 3328/2988/3287
f 3327/2987/3286 3325/2985/3284 3329/2989/3288
f 3325/2985/3284 3328/2988/3287 3329/2989/3288
f 3326/2986/3285 3327/2987/3286 3330/2990/3289
f 3331/2991/3290 3328/2988/3287 3304/2964/3264
f 3332/2992/3291 3330/2990/3289 3327/2987/3286
f 3327/2987/3286 3329/2989/3288 3332/2992/3291
f 3328/2988/3287 3333/2993/3292 3329/2989/3288
f 3328/2988/3287 3331/2991/3290 3333/2993/3292
f 3334/2994/3293 3332/2992/3291 3329/2989/3288
f 3304/2964/3264 3335/2995/3294 3331/2991/3290
f 3304/2964/3264 3298/2958/3258 3335/2995/3294
f 3329/2989/3288 3333/2993/3292 3336/2996/3295
f 3329/2989/3288 3336/2996/3295 3334/2994/3293
f 3298/2958/3258 3337/2997/3296 3335/2995/3294
f 3298/2958/3258 3261/2921/3221 3337/2997/3296
f 3258/2918/3218 3337/2997/3296 3261/2921/3221
f 3258/2918/3218 3262/2922/3222 3337/2997/3296
f 3335/2995/3294 3337/2997/3296 3338/2998/3297
f 3338/2998/3297 3331/2991/3290 3335/2995/3294
f 3339/2999/3298 3337/2997/3296 3262/2922/3222
f 3339/2999/3298 3338/2998/3297 3337/2997/3296
f 3340/3000/3299 3333/2993/3292 3331/2991/3290
f 3331/2991/3290 3338/2998/3297 3340/3000/3299
f 3333/2993/3292 3340/3000/3299 3336/2996/3295
f 3338/2998/3297 3339/2999/3298 3341/3001/3300
f 3341/3001/3300 3340/3000/3299 3338/2998/3297
f 3262/2922/3222 3342/3002/3301 3339/2999/3298
f 3342/3002/3301 3262/2922/3222 3264/2924/3224
f 3343/3003/3302 3341/3001/3300 3339/2999/3298
f 3343/3003/3302 3339/2999/3298 3342/3002/3301
f 3341/3001/3300 3344/3004/3303 3340/3000/3299
f 3342/3002/3301 3264/2924/3224 3345/3005/3304
f 3264/2924/3224 3260/2920/3220 3345/3005/3304
f 3346/3006/3305 3340/3000/3299 3344/3004/3303
f 3346/3006/3305 3336/2996/3295 3340/3000/3299
f 3341/3001/3300 3347/3007/3306 3344/3004/3303
f 3341/3001/3300 3343/3003/3302 3347/3007/3306
f 3346/3006/3305 3344/3004/3303 3348/3008/3307
f 3336/2996/3295 3346/3006/3305 3348/3008/3307
f 3343/3003/3302 3342/3002/3301 3349/3009/3308
f 3343/3003/3302 3349/3009/3308 3347/3007/3306
f 3342/3002/3301 3345/3005/3304 3349/3009/3308
f 3344/3004/3303 3347/3007/3306 3350/3010/3309
f 3350/3010/3309 3348/3008/3307 3344/3004/3303
f 3347/3007/3306 3349/3009/3308 3351/3011/3310
f 3350/3010/3309 3347/3007/3306 3351/3011/3310
f 3351/3011/3310 3349/3009/3308 3352/3012/3311
f 3351/3011/3310 3353/3013/3312 3350/3010/3309
f 3351/3011/3310 3352/3012/3311 3353/3013/3312
f 3348/3008/3307 3350/3010/3309 3354/3014/3313
f 3354/3014/3313 3350/3010/3309 3353/3013/3312
f 3352/3012/3311 3349/3009/3308 3355/3015/3314
f 3345/3005/3304 3355/3015/3314 3349/3009/3308
f 3353/3013/3312 3352/3012/3311 3356/3016/3315
f 3352/3012/3311 3355/3015/3314 3356/3016/3315
f 3356/3016/3315 3357/3017/3316 3353/3013/3312
f 3355/3015/3314 3358/3018/3317 3356/3016/3315
f 3357/3017/3316 3356/3016/3315 3358/3018/3317
f 3355/3015/3314 3345/3005/3304 3359/3019/3318
f 3358/3018/3317 3355/3015/3314 3360/3020/3319
f 3359/3019/3318 3360/3020/3319 3355/3015/3314
f 3357/3017/3316 3358/3018/3317 3361/3021/3320
f 3358/3018/3317 3360/3020/3319 3361/3021/3320
f 3362/3022/3321 3353/3013/3312 3357/3017/3316
f 3353/3013/3312 3362/3022/3321 3354/3014/3313
f 3357/3017/3316 3361/3021/3320 3363/3023/3322
f 3357/3017/3316 3363/3023/3322 3362/3022/3321
f 3364/3024/3323 3361/3021/3320 3360/3020/3319
f 3365/3025/3324 3363/3023/3322 3361/3021/3320
f 3361/3021/3320 3364/3024/3323 3365/3025/3324
f 3364/3024/3323 3360/3020/3319 3366/3026/3325
f 3360/3020/3319 3359/3019/3318 3366/3026/3325
f 3365/3025/3324 3364/3024/3323 3367/3027/3326
f 3368/3028/3327 3366/3026/3325 3359/3019/3318
f 3366/3026/3325 3369/3029/3328 3364/3024/3323
f 3364/3024/3323 3369/3029/3328 3367/3027/3326
f 3366/3026/3325 3368/3028/3327 3370/3030/1580
f 3366/3026/3325 3370/3030/1580 3369/3029/3328
f 3359/3019/3318 3371/3031/3329 3368/3028/3327
f 3371/3031/3329 3359/3019/3318 3345/3005/3304
f 3371/3031/3329 3345/3005/3304 3260/2920/3220
f 3260/2920/3220 3372/3032/3330 3371/3031/3329
f 3372/3032/3330 3260/2920/3220 3253/2913/3213
f 3373/3033/3331 3368/3028/3327 3371/3031/3329
f 3373/3033/3331 3371/3031/3329 3372/3032/3330
f 3253/2913/3213 3374/3034/3332 3372/3032/3330
f 3372/3032/3330 3374/3034/3332 3373/3033/3331
f 1651/1314/1631 3374/3034/3332 3253/2913/3213
f 1651/1314/1631 1650/1313/1630 3374/3034/3332
f 3374/3034/3332 1650/1313/1630 1654/1317/1634
f 1654/1317/1634 3373/3033/3331 3374/3034/3332
f 3368/3028/3327 3373/3033/3331 3375/3035/3333
f 1654/1317/1634 3375/3035/3333 3373/3033/3331
f 3375/3035/3333 3370/3030/1580 3368/3028/3327
f 3375/3035/3333 1654/1317/1634 1656/1319/1636
f 1656/1319/1636 1660/1323/1640 3375/3035/3333
f 3370/3030/1580 3375/3035/3333 1660/1323/1640
f 3370/3030/1580 1660/1323/1640 3376/3036/3334
f 3370/3030/1580 3376/3036/3334 3369/3029/3328
f 1660/1323/1640 1662/1325/1642 3376/3036/3334
f 1662/1325/1642 3377/3037/3335 3376/3036/3334
f 1662/1325/1642 1659/1322/1639 3377/3037/3335
f 3377/3037/3335 1659/1322/1639 1675/1338/1655
f 3369/3029/3328 3376/3036/3334 3378/3038/3336
f 3378/3038/3336 3376/3036/3334 3377/3037/3335
f 3377/3037/3335 1675/1338/1655 3379/3039/3337
f 3379/3039/3337 1675/1338/1655 1673/1336/1653
f 3378/3038/3336 3377/3037/3335 3380/3040/3338
f 3379/3039/3337 3380/3040/3338 3377/3037/3335
f 3369/3029/3328 3378/3038/3336 3381/3041/3339
f 3367/3027/3326 3369/3029/3328 3381/3041/3339
f 1673/1336/1653 3382/3042/3340 3379/3039/3337
f 3382/3042/3340 1673/1336/1653 2138/1801/2114
f 3379/3039/3337 3383/3043/3341 3380/3040/3338
f 3383/3043/3341 3379/3039/3337 3382/3042/3340
f 2138/1801/2114 3384/3044/3342 3382/3042/3340
f 3384/3044/3342 2138/1801/2114 2139/1802/2115
f 3382/3042/3340 3385/3045/3343 3383/3043/3341
f 3385/3045/3343 3382/3042/3340 3384/3044/3342
f 2139/1802/2115 3386/3046/3344 3384/3044/3342
f 2141/1804/2117 3386/3046/3344 2139/1802/2115
f 2141/1804/2117 2144/1807/2120 3386/3046/3344
f 3387/3047/3345 3384/3044/3342 3386/3046/3344
f 3384/3044/3342 3387/3047/3345 3385/3045/3343
f 2144/1807/2120 3388/3048/3346 3386/3046/3344
f 3386/3046/3344 3388/3048/3346 3387/3047/3345
f 2144/1807/2120 2053/1716/2029 3388/3048/3346
f 2053/1716/2029 2045/1708/2021 3388/3048/3346
f 3388/3048/3346 2045/1708/2021 3389/3049/3347
f 3387/3047/3345 3388/3048/3346 3389/3049/3347
f 3389/3049/3347 2045/1708/2021 2043/1706/2019
f 3390/3050/3348 3385/3045/3343 3387/3047/3345
f 3387/3047/3345 3389/3049/3347 3390/3050/3348
f 3389/3049/3347 2043/1706/2019 3391/3051/3349
f 3390/3050/3348 3389/3049/3347 3391/3051/3349
f 3391/3051/3349 2043/1706/2019 2041/1704/2017
f 3392/3052/3350 3385/3045/3343 3390/3050/3348
f 3392/3052/3350 3383/3043/3341 3385/3045/3343
f 3391/3051/3349 3393/3053/3351 3390/3050/3348
f 3392/3052/3350 3390/3050/3348 3393/3053/3351
f 3391/3051/3349 2041/1704/2017 3394/3054/3352
f 3391/3051/3349 3394/3054/3352 3393/3053/3351
f 3394/3054/3352 2041/1704/2017 2040/1703/2016
f 3383/3043/3341 3392/3052/3350 3395/3055/3353
f 3395/3055/3353 3380/3040/3338 3383/3043/3341
f 3396/3056/3354 3392/3052/3350 3393/3053/3351
f 3396/3056/3354 3395/3055/3353 3392/3052/3350
f 3393/3053/3351 3394/3054/3352 3397/3057/3355
f 3396/3056/3354 3393/3053/3351 3397/3057/3355
f 3394/3054/3352 2040/1703/2016 3398/3058/3356
f 3394/3054/3352 3398/3058/3356 3397/3057/3355
f 2040/1703/2016 3399/3059/3357 3398/3058/3356
f 2040/1703/2016 2038/1701/2014 3399/3059/3357
f 3400/3060/3358 3397/3057/3355 3398/3058/3356
f 3399/3059/3357 3400/3060/3358 3398/3058/3356
f 2038/1701/2014 3401/3061/3359 3399/3059/3357
f 2038/1701/2014 2036/1699/2012 3401/3061/3359
f 3400/3060/3358 3399/3059/3357 3402/3062/3360
f 3401/3061/3359 3402/3062/3360 3399/3059/3357
f 2036/1699/2012 3403/3063/3361 3401/3061/3359
f 2036/1699/2012 2032/1695/2008 3403/3063/3361
f 3402/3062/3360 3401/3061/3359 3404/3064/3362
f 3403/3063/3361 3404/3064/3362 3401/3061/3359
f 3405/3065/3363 3403/3063/3361 2032/1695/2008
f 3403/3063/3361 3406/3066/3364 3404/3064/3362
f 3403/3063/3361 3405/3065/3363 3406/3066/3364
f 3402/3062/3360 3404/3064/3362 3407/3067/3365
f 2032/1695/2008 3408/3068/3366 3405/3065/3363
f 2025/1688/2001 3408/3068/3366 2032/1695/2008
f 2025/1688/2001 2027/1690/2003 3408/3068/3366
f 3406/3066/3364 3409/3069/3367 3404/3064/3362
f 3404/3064/3362 3409/3069/3367 3407/3067/3365
f 3410/3070/3368 3408/3068/3366 2027/1690/2003
f 3411/3071/3369 3405/3065/3363 3408/3068/3366
f 3408/3068/3366 3410/3070/3368 3411/3071/3369
f 3412/3072/3370 3406/3066/3364 3405/3065/3363
f 3411/3071/3369 3412/3072/3370 3405/3065/3363
f 3406/3066/3364 3413/3073/3371 3409/3069/3367
f 3412/3072/3370 3413/3073/3371 3406/3066/3364
f 3414/3074/3372 3410/3070/3368 2027/1690/2003
f 2027/1690/2003 2023/1686/1999 3414/3074/3372
f 3415/3075/3373 3411/3071/3369 3410/3070/3368
f 3416/3076/3374 3414/3074/3372 2023/1686/1999
f 2023/1686/1999 2024/1687/2000 3416/3076/3374
f 3414/3074/3372 3417/3077/3375 3410/3070/3368
f 3417/3077/3375 3415/3075/3373 3410/3070/3368
f 3414/3074/3372 3416/3076/3374 3418/3078/3376
f 3418/3078/3376 3417/3077/3375 3414/3074/3372
f 3419/3079/3377 3416/3076/3374 2024/1687/2000
f 3418/3078/3376 3420/3080/3378 3417/3077/3375
f 3416/3076/3374 3419/3079/3377 3421/3081/3379
f 3421/3081/3379 3418/3078/3376 3416/3076/3374
f 3420/3080/3378 3422/3082/3380 3417/3077/3375
f 3417/3077/3375 3422/3082/3380 3415/3075/3373
f 3420/3080/3378 3418/3078/3376 3423/3083/3381
f 3420/3080/3378 3424/3084/3382 3422/3082/3380
f 3420/3080/3378 3423/3083/3381 3424/3084/3382
f 3422/3082/3380 3425/3085/3383 3415/3075/3373
f 3426/3086/3384 3423/3083/3381 3418/3078/3376
f 3418/3078/3376 3421/3081/3379 3426/3086/3384
f 3415/3075/3373 3425/3085/3383 3427/3087/3385
f 3415/3075/3373 3427/3087/3385 3411/3071/3369
f 3411/3071/3369 3427/3087/3385 3412/3072/3370
f 3422/3082/3380 3428/3088/3386 3425/3085/3383
f 3422/3082/3380 3424/3084/3382 3428/3088/3386
f 3427/3087/3385 3429/3089/3387 3412/3072/3370
f 3412/3072/3370 3429/3089/3387 3413/3073/3371
f 3430/3090/3388 3427/3087/3385 3425/3085/3383
f 3427/3087/3385 3430/3090/3388 3429/3089/3387
f 3428/3088/3386 3431/3091/3389 3425/3085/3383
f 3425/3085/3383 3431/3091/3389 3430/3090/3388
f 3429/3089/3387 3432/3092/3390 3413/3073/3371
f 3429/3089/3387 3430/3090/3388 3433/3093/3391
f 3432/3092/3390 3429/3089/3387 3433/3093/3391
f 3434/3094/3392 3430/3090/3388 3431/3091/3389
f 3434/3094/3392 3433/3093/3391 3430/3090/3388
f 3435/3095/3393 3413/3073/3371 3432/3092/3390
f 3413/3073/3371 3435/3095/3393 3409/3069/3367
f 3433/3093/3391 3436/3096/3394 3432/3092/3390
f 3409/3069/3367 3435/3095/3393 3437/3097/3395
f 3409/3069/3367 3437/3097/3395 3407/3067/3365
f 3432/3092/3390 3438/3098/3396 3435/3095/3393
f 3438/3098/3396 3432/3092/3390 3436/3096/3394
f 3435/3095/3393 3439/3099/3397 3437/3097/3395
f 3436/3096/3394 3433/3093/3391 3440/3100/3398
f 3434/3094/3392 3440/3100/3398 3433/3093/3391
f 3439/3099/3397 3435/3095/3393 3441/3101/3399
f 3441/3101/3399 3435/3095/3393 3438/3098/3396
f 3434/3094/3392 3442/3102/3400 3440/3100/3398
f 3438/3098/3396 3436/3096/3394 3443/3103/3401
f 3436/3096/3394 3440/3100/3398 3444/3104/3402
f 3436/3096/3394 3444/3104/3402 3443/3103/3401
f 3440/3100/3398 3442/3102/3400 3445/3105/3403
f 3440/3100/3398 3445/3105/3403 3444/3104/3402
f 3446/3106/3404 3442/3102/3400 3434/3094/3392
f 3431/3091/3389 3446/3106/3404 3434/3094/3392
f 3447/3107/3405 3445/3105/3403 3442/3102/3400
f 3446/3106/3404 3431/3091/3389 3448/3108/3406
f 3428/3088/3386 3448/3108/3406 3431/3091/3389
f 3446/3106/3404 3449/3109/3407 3442/3102/3400
f 3447/3107/3405 3442/3102/3400 3449/3109/3407
f 3450/3110/3408 3446/3106/3404 3448/3108/3406
f 3449/3109/3407 3446/3106/3404 3450/3110/3408
f 3448/3108/3406 3428/3088/3386 3451/3111/3409
f 3451/3111/3409 3428/3088/3386 3424/3084/3382
f 3448/3108/3406 3451/3111/3409 3452/3112/3410
f 3448/3108/3406 3452/3112/3410 3450/3110/3408
f 3424/3084/3382 3453/3113/3411 3451/3111/3409
f 3451/3111/3409 3453/3113/3411 3452/3112/3410
f 3454/3114/3412 3453/3113/3411 3424/3084/3382
f 3454/3114/3412 3424/3084/3382 3423/3083/3381
f 3455/3115/3413 3452/3112/3410 3453/3113/3411
f 3453/3113/3411 3454/3114/3412 3456/3116/3414
f 3453/3113/3411 3456/3116/3414 3455/3115/3413
f 3457/3117/3415 3450/3110/3408 3452/3112/3410
f 3452/3112/3410 3455/3115/3413 3457/3117/3415
f 3450/3110/3408 3457/3117/3415 3458/3118/3416
f 3458/3118/3416 3449/3109/3407 3450/3110/3408
f 3459/3119/3417 3457/3117/3415 3455/3115/3413
f 3460/3120/3418 3449/3109/3407 3458/3118/3416
f 3460/3120/3418 3447/3107/3405 3449/3109/3407
f 3461/3121/3419 3458/3118/3416 3457/3117/3415
f 3457/3117/3415 3459/3119/3417 3461/3121/3419
f 3458/3118/3416 3461/3121/3419 3462/3122/3420
f 3462/3122/3420 3460/3120/3418 3458/3118/3416
f 3463/3123/3421 3461/3121/3419 3459/3119/3417
f 3464/3124/3422 3462/3122/3420 3461/3121/3419
f 3461/3121/3419 3463/3123/3421 3464/3124/3422
f 3462/3122/3420 3465/3125/3423 3460/3120/3418
f 3464/3124/3422 3466/3126/3424 3462/3122/3420
f 3465/3125/3423 3462/3122/3420 3466/3126/3424
f 3467/3127/3425 3464/3124/3422 3463/3123/3421
f 3464/3124/3422 3467/3127/3425 3466/3126/3424
f 3459/3119/3417 3468/3128/3426 3463/3123/3421
f 3463/3123/3421 3469/3129/3427 3467/3127/3425
f 3469/3129/3427 3463/3123/3421 3468/3128/3426
f 3470/3130/3428 3468/3128/3426 3459/3119/3417
f 3455/3115/3413 3470/3130/3428 3459/3119/3417
f 3470/3130/3428 3455/3115/3413 3471/3131/3429
f 3471/3131/3429 3455/3115/3413 3456/3116/3414
f 3470/3130/3428 3472/3132/3430 3468/3128/3426
f 3471/3131/3429 3472/3132/3430 3470/3130/3428
f 3468/3128/3426 3473/3133/3431 3469/3129/3427
f 3473/3133/3431 3468/3128/3426 3472/3132/3430
f 3471/3131/3429 3474/3134/3432 3472/3132/3430
f 3475/3135/3433 3469/3129/3427 3473/3133/3431
f 3474/3134/3432 3471/3131/3429 3476/3136/1937
f 3471/3131/3429 3456/3116/3414 3476/3136/1937
f 3469/3129/3427 3475/3135/3433 3477/3137/3434
f 3477/3137/3434 3467/3127/3425 3469/3129/3427
f 3476/3136/1937 3456/3116/3414 3478/3138/3435
f 3467/3127/3425 3477/3137/3434 3479/3139/3436
f 3456/3116/3414 3480/3140/3437 3478/3138/3435
f 3480/3140/3437 3456/3116/3414 3454/3114/3412
f 3454/3114/3412 3423/3083/3381 3480/3140/3437
f 3467/3127/3425 3479/3139/3436 3481/3141/3438
f 3481/3141/3438 3466/3126/3424 3467/3127/3425
f 3482/3142/3439 3480/3140/3437 3423/3083/3381
f 3481/3141/3438 3483/3143/3440 3466/3126/3424
f 3482/3142/3439 3423/3083/3381 3484/3144/3441
f 3426/3086/3384 3484/3144/3441 3423/3083/3381
f 3485/3145/3442 3466/3126/3424 3483/3143/3440
f 3466/3126/3424 3485/3145/3442 3465/3125/3423
f 3483/3143/3440 3481/3141/3438 3486/3146/3443
f 3479/3139/3436 3486/3146/3443 3481/3141/3438
f 3483/3143/3440 3487/3147/3444 3485/3145/3442
f 3483/3143/3440 3486/3146/3443 3487/3147/3444
f 3488/3148/3445 3465/3125/3423 3485/3145/3442
f 3489/3149/3446 3487/3147/3444 3486/3146/3443
f 3490/3150/3447 3485/3145/3442 3487/3147/3444
f 3485/3145/3442 3490/3150/3447 3488/3148/3445
f 3487/3147/3444 3489/3149/3446 3491/3151/3448
f 3490/3150/3447 3487/3147/3444 3491/3151/3448
f 3486/3146/3443 3492/3152/3449 3489/3149/3446
f 3479/3139/3436 3492/3152/3449 3486/3146/3443
f 3493/3153/3450 3491/3151/3448 3489/3149/3446
f 3494/3154/3451 3492/3152/3449 3479/3139/3436
f 3479/3139/3436 3477/3137/3434 3494/3154/3451
f 3495/3155/3452 3489/3149/3446 3492/3152/3449
f 3489/3149/3446 3495/3155/3452 3493/3153/3450
f 3496/3156/3453 3494/3154/3451 3477/3137/3434
f 3496/3156/3453 3477/3137/3434 3475/3135/3433
f 3494/3154/3451 3497/3157/3454 3492/3152/3449
f 3496/3156/3453 3475/3135/3433 3498/3158/3455
f 3496/3156/3453 3499/3159/3456 3494/3154/3451
f 3498/3158/3455 3499/3159/3456 3496/3156/3453
f 3499/3159/3456 3497/3157/3454 3494/3154/3451
f 3500/3160/3457 3498/3158/3455 3475/3135/3433
f 3475/3135/3433 3473/3133/3431 3500/3160/3457
f 3498/3158/3455 3501/3161/3458 3499/3159/3456
f 3500/3160/3457 3501/3161/3458 3498/3158/3455
f 3499/3159/3456 3502/3162/3459 3497/3157/3454
f 3503/3163/3460 3499/3159/3456 3501/3161/3458
f 3503/3163/3460 3502/3162/3459 3499/3159/3456
f 3497/3157/3454 3504/3164/3461 3492/3152/3449
f 3492/3152/3449 3504/3164/3461 3495/3155/3452
f 3502/3162/3459 3505/3165/3462 3497/3157/3454
f 3497/3157/3454 3505/3165/3462 3504/3164/3461
f 3503/3163/3460 3506/3166/3463 3502/3162/3459
f 3502/3162/3459 3506/3166/3463 3505/3165/3462
f 3495/3155/3452 3504/3164/3461 3507/3167/3464
f 3507/3167/3464 3493/3153/3450 3495/3155/3452
f 3504/3164/3461 3505/3165/3462 3508/3168/3465
f 3508/3168/3465 3507/3167/3464 3504/3164/3461
f 3493/3153/3450 3507/3167/3464 3509/3169/3466
f 3507/3167/3464 3508/3168/3465 3510/3170/3467
f 3510/3170/3467 3509/3169/3466 3507/3167/3464
f 3493/3153/3450 3509/3169/3466 3511/3171/3468
f 3511/3171/3468 3491/3151/3448 3493/3153/3450
f 3509/3169/3466 3510/3170/3467 3512/3172/3469
f 3512/3172/3469 3511/3171/3468 3509/3169/3466
f 3511/3171/3468 3513/3173/3470 3491/3151/3448
f 3490/3150/3447 3491/3151/3448 3513/3173/3470
f 3514/3174/3471 3511/3171/3468 3512/3172/3469
f 3513/3173/3470 3511/3171/3468 3515/3175/3472
f 3515/3175/3472 3511/3171/3468 3514/3174/3471
f 3513/3173/3470 3516/3176/3473 3490/3150/3447
f 3515/3175/3472 3517/3177/3474 3513/3173/3470
f 3517/3177/3474 3516/3176/3473 3513/3173/3470
f 3516/3176/3473 3518/3178/3475 3490/3150/3447
f 3518/3178/3475 3488/3148/3445 3490/3150/3447
f 3516/3176/3473 3519/3179/3476 3518/3178/3475
f 3519/3179/3476 3516/3176/3473 3517/3177/3474
f 3488/3148/3445 3518/3178/3475 3520/3180/3477
f 3518/3178/3475 3519/3179/3476 3521/3181/3478
f 3521/3181/3478 3520/3180/3477 3518/3178/3475
f 3520/3180/3477 3522/3182/3479 3488/3148/3445
f 3465/3125/3423 3488/3148/3445 3522/3182/3479
f 3522/3182/3479 3460/3120/3418 3465/3125/3423
f 3460/3120/3418 3522/3182/3479 3523/3183/3480
f 3523/3183/3480 3447/3107/3405 3460/3120/3418
f 3522/3182/3479 3520/3180/3477 3524/3184/3481
f 3524/3184/3481 3523/3183/3480 3522/3182/3479
f 3447/3107/3405 3523/3183/3480 3525/3185/3482
f 3525/3185/3482 3445/3105/3403 3447/3107/3405
f 3523/3183/3480 3524/3184/3481 3526/3186/3483
f 3526/3186/3483 3525/3185/3482 3523/3183/3480
f 3527/3187/3484 3524/3184/3481 3520/3180/3477
f 3520/3180/3477 3521/3181/3478 3527/3187/3484
f 3528/3188/3485 3445/3105/3403 3525/3185/3482
f 3445/3105/3403 3528/3188/3485 3444/3104/3402
f 3529/3189/3486 3528/3188/3485 3525/3185/3482
f 3525/3185/3482 3526/3186/3483 3529/3189/3486
f 3530/3190/3487 3444/3104/3402 3528/3188/3485
f 3443/3103/3401 3444/3104/3402 3530/3190/3487
f 3528/3188/3485 3529/3189/3486 3531/3191/3488
f 3530/3190/3487 3528/3188/3485 3531/3191/3488
f 3529/3189/3486 3526/3186/3483 3532/3192/3489
f 3529/3189/3486 3533/3193/3490 3531/3191/3488
f 3529/3189/3486 3532/3192/3489 3533/3193/3490
f 3534/3194/3491 3526/3186/3483 3524/3184/3481
f 3526/3186/3483 3534/3194/3491 3532/3192/3489
f 3524/3184/3481 3527/3187/3484 3534/3194/3491
f 3535/3195/3492 3532/3192/3489 3534/3194/3491
f 3536/3196/3493 3534/3194/3491 3527/3187/3484
f 3535/3195/3492 3534/3194/3491 3536/3196/3493
f 3527/3187/3484 3537/3197/3494 3536/3196/3493
f 3537/3197/3494 3527/3187/3484 3521/3181/3478
f 3521/3181/3478 3538/3198/3495 3537/3197/3494
f 3538/3198/3495 3521/3181/3478 3519/3179/3476
f 3537/3197/3494 3539/3199/3496 3536/3196/3493
f 3539/3199/3496 3537/3197/3494 3538/3198/3495
f 3519/3179/3476 3540/3200/3497 3538/3198/3495
f 3538/3198/3495 3540/3200/3497 3539/3199/3496
f 3519/3179/3476 3517/3177/3474 3540/3200/3497
f 3539/3199/3496 3541/3201/3498 3536/3196/3493
f 3535/3195/3492 3536/3196/3493 3541/3201/3498
f 3542/3202/3499 3539/3199/3496 3540/3200/3497
f 3541/3201/3498 3539/3199/3496 3543/3203/3500
f 3542/3202/3499 3543/3203/3500 3539/3199/3496
f 3542/3202/3499 3540/3200/3497 3544/3204/3501
f 3517/3177/3474 3544/3204/3501 3540/3200/3497
f 3543/3203/3500 3542/3202/3499 3545/3205/3502
f 3545/3205/3502 3542/3202/3499 3544/3204/3501
f 3546/3206/3503 3544/3204/3501 3517/3177/3474
f 3547/3207/3504 3545/3205/3502 3544/3204/3501
f 3544/3204/3501 3546/3206/3503 3547/3207/3504
f 3548/3208/3505 3546/3206/3503 3517/3177/3474
f 3517/3177/3474 3515/3175/3472 3548/3208/3505
f 3549/3209/3506 3547/3207/3504 3546/3206/3503
f 3550/3210/3507 3548/3208/3505 3515/3175/3472
f 3515/3175/3472 3514/3174/3471 3550/3210/3507
f 3551/3211/3508 3546/3206/3503 3548/3208/3505
f 3548/3208/3505 3550/3210/3507 3551/3211/3508
f 3546/3206/3503 3551/3211/3508 3549/3209/3506
f 3514/3174/3471 3552/3212/3509 3550/3210/3507
f 3551/3211/3508 3550/3210/3507 3553/3213/3510
f 3553/3213/3510 3550/3210/3507 3552/3212/3509
f 3551/3211/3508 3553/3213/3510 3554/3214/3511
f 3551/3211/3508 3554/3214/3511 3549/3209/3506
f 3555/3215/3512 3553/3213/3510 3552/3212/3509
f 3553/3213/3510 3555/3215/3512 3554/3214/3511
f 3556/3216/3513 3552/3212/3509 3514/3174/3471
f 3556/3216/3513 3555/3215/3512 3552/3212/3509
f 3556/3216/3513 3514/3174/3471 3512/3172/3469
f 3557/3217/3514 3549/3209/3506 3554/3214/3511
f 3512/3172/3469 3558/3218/3515 3556/3216/3513
f 3559/3219/3516 3549/3209/3506 3557/3217/3514
f 3559/3219/3516 3547/3207/3504 3549/3209/3506
f 3557/3217/3514 3554/3214/3511 3560/3220/3517
f 3554/3214/3511 3555/3215/3512 3560/3220/3517
f 3547/3207/3504 3559/3219/3516 3561/3221/3518
f 3545/3205/3502 3547/3207/3504 3561/3221/3518
f 3559/3219/3516 3557/3217/3514 3562/3222/3519
f 3562/3222/3519 3561/3221/3518 3559/3219/3516
f 3557/3217/3514 3560/3220/3517 3563/3223/3520
f 3557/3217/3514 3563/3223/3520 3562/3222/3519
f 3560/3220/3517 3555/3215/3512 3564/3224/3521
f 3565/3225/3522 3560/3220/3517 3564/3224/3521
f 3560/3220/3517 3565/3225/3522 3563/3223/3520
f 3555/3215/3512 3566/3226/3523 3564/3224/3521
f 3563/3223/3520 3565/3225/3522 3567/3227/3524
f 3568/3228/3525 3566/3226/3523 3555/3215/3512
f 3556/3216/3513 3568/3228/3525 3555/3215/3512
f 3566/3226/3523 3568/3228/3525 3569/3229/3526
f 3558/3218/3515 3568/3228/3525 3556/3216/3513
f 3570/3230/3527 3569/3229/3526 3568/3228/3525
f 3558/3218/3515 3570/3230/3527 3568/3228/3525
f 3569/3229/3526 3570/3230/3527 3571/3231/3528
f 3563/3223/3520 3567/3227/3524 3572/3232/3529
f 3562/3222/3519 3563/3223/3520 3572/3232/3529
f 3573/3233/3530 3572/3232/3529 3567/3227/3524
f 3572/3232/3529 3574/3234/3531 3562/3222/3519
f 3572/3232/3529 3573/3233/3530 3574/3234/3531
f 3562/3222/3519 3574/3234/3531 3561/3221/3518
f 3575/3235/3532 3574/3234/3531 3573/3233/3530
f 3574/3234/3531 3575/3235/3532 3576/3236/3533
f 3576/3236/3533 3561/3221/3518 3574/3234/3531
f 3575/3235/3532 3577/3237/3534 3576/3236/3533
f 3561/3221/3518 3576/3236/3533 3578/3238/3535
f 3561/3221/3518 3578/3238/3535 3545/3205/3502
f 3579/3239/3536 3576/3236/3533 3577/3237/3534
f 3579/3239/3536 3577/3237/3534 3580/3235/3537
f 3578/3238/3535 3576/3236/3533 3581/3240/3538
f 3581/3240/3538 3576/3236/3533 3579/3239/3536
f 3545/3205/3502 3578/3238/3535 3582/3241/3539
f 3581/3240/3538 3582/3241/3539 3578/3238/3535
f 3582/3241/3539 3543/3203/3500 3545/3205/3502
f 3579/3239/3536 3580/3235/3537 3583/3237/3540
f 3581/3240/3538 3579/3239/3536 3583/3237/3540
f 3584/3242/3541 3583/3237/3540 3580/3235/3537
f 3583/3237/3540 3585/3243/3542 3581/3240/3538
f 3581/3240/3538 3585/3243/3542 3582/3241/3539
f 3584/3242/3541 3586/3244/3543 3583/3237/3540
f 3585/3243/3542 3583/3237/3540 3586/3244/3543
f 3587/3245/3544 3586/3244/3543 3584/3242/3541
f 3588/3246/3545 3582/3241/3539 3585/3243/3542
f 3587/3245/3544 3589/3247/3546 3586/3244/3543
f 3587/3245/3544 3590/3248/3547 3589/3247/3546
f 3586/3244/3543 3591/3249/3548 3585/3243/3542
f 3588/3246/3545 3585/3243/3542 3591/3249/3548
f 3591/3249/3548 3586/3244/3543 3589/3247/3546
f 3582/3241/3539 3588/3246/3545 3592/3250/3549
f 3591/3249/3548 3592/3250/3549 3588/3246/3545
f 3592/3250/3549 3543/3203/3500 3582/3241/3539
f 3589/3247/3546 3593/3251/3550 3591/3249/3548
f 3592/3250/3549 3591/3249/3548 3593/3251/3550
f 3543/3203/3500 3592/3250/3549 3594/3252/3551
f 3593/3251/3550 3594/3252/3551 3592/3250/3549
f 3594/3252/3551 3541/3201/3498 3543/3203/3500
f 3593/3251/3550 3589/3247/3546 3595/3253/3552
f 3589/3247/3546 3590/3248/3547 3595/3253/3552
f 3594/3252/3551 3593/3251/3550 3596/3254/3553
f 3595/3253/3552 3596/3254/3553 3593/3251/3550
f 3541/3201/3498 3594/3252/3551 3597/3255/3554
f 3597/3255/3554 3594/3252/3551 3596/3254/3553
f 3597/3255/3554 3535/3195/3492 3541/3201/3498
f 3598/3256/3555 3595/3253/3552 3590/3248/3547
f 3596/3254/3553 3595/3253/3552 3598/3256/3555
f 3598/3256/3555 3590/3248/3547 3599/3257/3556
f 3597/3255/3554 3596/3254/3553 3600/3258/3557
f 3596/3254/3553 3598/3256/3555 3600/3258/3557
f 3535/3195/3492 3597/3255/3554 3601/3259/3558
f 3601/3259/3558 3597/3255/3554 3600/3258/3557
f 3601/3259/3558 3532/3192/3489 3535/3195/3492
f 3600/3258/3557 3598/3256/3555 3602/3260/3559
f 3602/3260/3559 3598/3256/3555 3599/3257/3556
f 3601/3259/3558 3600/3258/3557 3603/3261/3560
f 3600/3258/3557 3602/3260/3559 3603/3261/3560
f 3532/3192/3489 3601/3259/3558 3604/3262/3561
f 3601/3259/3558 3603/3261/3560 3604/3262/3561
f 3532/3192/3489 3604/3262/3561 3533/3193/3490
f 3605/3263/3562 3602/3260/3559 3599/3257/3556
f 3603/3261/3560 3602/3260/3559 3605/3263/3562
f 3606/3264/3563 3605/3263/3562 3599/3257/3556
f 3604/3262/3561 3603/3261/3560 3607/3265/3564
f 3605/3263/3562 3607/3265/3564 3603/3261/3560
f 3533/3193/3490 3604/3262/3561 3608/3266/3565
f 3608/3266/3565 3604/3262/3561 3607/3265/3564
f 3609/3267/3566 3605/3263/3562 3606/3264/3563
f 3607/3265/3564 3605/3263/3562 3609/3267/3566
f 3609/3267/3566 3606/3264/3563 3610/3268/3567
f 3611/3269/3568 3610/3268/3567 3606/3264/3563
f 3612/3270/3569 3607/3265/3564 3609/3267/3566
f 3609/3267/3566 3610/3268/3567 3612/3270/3569
f 3608/3266/3565 3607/3265/3564 3612/3270/3569
f 3613/3271/3570 3610/3268/3567 3611/3269/3568
f 3614/3272/3571 3612/3270/3569 3610/3268/3567
f 3614/3272/3571 3610/3268/3567 3613/3271/3570
f 3615/3273/3572 3608/3266/3565 3612/3270/3569
f 3612/3270/3569 3614/3272/3571 3615/3273/3572
f 3616/3274/3573 3533/3193/3490 3608/3266/3565
f 3616/3274/3573 3608/3266/3565 3615/3273/3572
f 3616/3274/3573 3531/3191/3488 3533/3193/3490
f 3615/3273/3572 3614/3272/3571 3617/3275/3574
f 3618/3276/3575 3531/3191/3488 3616/3274/3573
f 3530/3190/3487 3531/3191/3488 3618/3276/3575
f 3619/3277/3576 3616/3274/3573 3615/3273/3572
f 3616/3274/3573 3619/3277/3576 3618/3276/3575
f 3619/3277/3576 3615/3273/3572 3617/3275/3574
f 3618/3276/3575 3620/3278/3577 3530/3190/3487
f 3620/3278/3577 3443/3103/3401 3530/3190/3487
f 3621/3279/3578 3618/3276/3575 3619/3277/3576
f 3620/3278/3577 3618/3276/3575 3621/3279/3578
f 3622/3280/3579 3443/3103/3401 3620/3278/3577
f 3622/3280/3579 3438/3098/3396 3443/3103/3401
f 3441/3101/3399 3438/3098/3396 3622/3280/3579
f 3620/3278/3577 3623/3281/3580 3622/3280/3579
f 3621/3279/3578 3623/3281/3580 3620/3278/3577
f 3624/3282/3581 3441/3101/3399 3622/3280/3579
f 3624/3282/3581 3622/3280/3579 3623/3281/3580
f 3619/3277/3576 3625/3283/3582 3621/3279/3578
f 3625/3283/3582 3619/3277/3576 3617/3275/3574
f 3621/3279/3578 3626/3284/3583 3623/3281/3580
f 3626/3284/3583 3621/3279/3578 3625/3283/3582
f 3623/3281/3580 3627/3285/3584 3624/3282/3581
f 3627/3285/3584 3623/3281/3580 3626/3284/3583
f 3628/3286/3585 3441/3101/3399 3624/3282/3581
f 3441/3101/3399 3628/3286/3585 3439/3099/3397
f 3629/3287/3586 3624/3282/3581 3627/3285/3584
f 3629/3287/3586 3628/3286/3585 3624/3282/3581
f 3627/3285/3584 3626/3284/3583 3630/3288/3587
f 3631/3289/3588 3439/3099/3397 3628/3286/3585
f 3632/3290/3589 3630/3288/3587 3626/3284/3583
f 3632/3290/3589 3626/3284/3583 3625/3283/3582
f 3630/3288/3587 3633/3291/3590 3627/3285/3584
f 3633/3291/3590 3629/3287/3586 3627/3285/3584
f 3634/3292/3591 3632/3290/3589 3625/3283/3582
f 3625/3283/3582 3617/3275/3574 3634/3292/3591
f 3629/3287/3586 3635/3293/3592 3628/3286/3585
f 3628/3286/3585 3635/3293/3592 3631/3289/3588
f 3634/3292/3591 3617/3275/3574 3636/3294/3593
f 3617/3275/3574 3614/3272/3571 3636/3294/3593
f 3636/3294/3593 3614/3272/3571 3613/3271/3570
f 3634/3292/3591 3636/3294/3593 3637/3295/3594
f 3636/3294/3593 3613/3271/3570 3638/3296/3595
f 3637/3295/3594 3636/3294/3593 3638/3296/3595
f 3613/3271/3570 3611/3269/3568 3638/3296/3595
f 3639/3297/933 3638/3296/3595 3611/3269/3568
f 3640/3298/3596 3634/3292/3591 3637/3295/3594
f 3640/3298/3596 3632/3290/3589 3634/3292/3591
f 3637/3295/3594 3638/3296/3595 3641/3299/3597
f 3637/3295/3594 3641/3299/3597 3640/3298/3596
f 3638/3296/3595 3639/3297/933 3642/3300/3598
f 3642/3300/3598 3641/3299/3597 3638/3296/3595
f 3639/3297/933 3643/3301/930 3642/3300/3598
f 3640/3298/3596 3644/3302/3599 3632/3290/3589
f 3632/3290/3589 3644/3302/3599 3630/3288/3587
f 3645/3303/3600 3640/3298/3596 3641/3299/3597
f 3640/3298/3596 3645/3303/3600 3644/3302/3599
f 3646/3304/3601 3630/3288/3587 3644/3302/3599
f 3630/3288/3587 3646/3304/3601 3633/3291/3590
f 3647/3305/3602 3644/3302/3599 3645/3303/3600
f 3648/3306/3603 3646/3304/3601 3644/3302/3599
f 3647/3305/3602 3648/3306/3603 3644/3302/3599
f 3645/3303/3600 3641/3299/3597 3649/3307/3604
f 3649/3307/3604 3647/3305/3602 3645/3303/3600
f 3642/3300/3598 3650/3308/3605 3641/3299/3597
f 3650/3308/3605 3649/3307/3604 3641/3299/3597
f 3651/3309/3606 3650/3308/3605 3642/3300/3598
f 3651/3309/3606 3642/3300/3598 3643/3301/930
f 3649/3307/3604 3652/3310/3607 3647/3305/3602
f 3643/3301/930 3653/3311/3608 3651/3309/3606
f 3653/3311/3608 3643/3301/930 3654/3312/3609
f 3652/3310/3607 3655/3313/3610 3647/3305/3602
f 3647/3305/3602 3655/3313/3610 3648/3306/3603
f 3649/3307/3604 3656/3314/3611 3652/3310/3607
f 3655/3313/3610 3652/3310/3607 3656/3314/3611
f 3650/3308/3605 3657/3315/3612 3649/3307/3604
f 3657/3315/3612 3656/3314/3611 3649/3307/3604
f 3651/3309/3606 3658/3316/3613 3650/3308/3605
f 3658/3316/3613 3657/3315/3612 3650/3308/3605
f 3653/3311/3608 3658/3316/3613 3651/3309/3606
f 3659/3317/3614 3656/3314/3611 3657/3315/3612
f 3658/3316/3613 3660/3318/3615 3657/3315/3612
f 3660/3318/3615 3659/3317/3614 3657/3315/3612
f 3653/3311/3608 3661/3319/3616 3658/3316/3613
f 3661/3319/3616 3660/3318/3615 3658/3316/3613
f 3654/3312/3609 3662/3320/3617 3653/3311/3608
f 3662/3320/3617 3661/3319/3616 3653/3311/3608
f 3654/3312/3609 3663/3321/3618 3662/3320/3617
f 3660/3318/3615 3661/3319/3616 3664/3322/3619
f 3662/3320/3617 3665/3323/3620 3661/3319/3616
f 3665/3323/3620 3664/3322/3619 3661/3319/3616
f 3666/3324/3621 3662/3320/3617 3663/3321/3618
f 3666/3324/3621 3665/3323/3620 3662/3320/3617
f 3666/3324/3621 3663/3321/3618 3667/3325/3622
f 3663/3321/3618 3668/3326/3623 3667/3325/3622
f 3665/3323/3620 3666/3324/3621 3669/3327/3624
f 3667/3325/3622 3669/3327/3624 3666/3324/3621
f 3665/3323/3620 3669/3327/3624 3664/3322/3619
f 3670/3328/3625 3667/3325/3622 3668/3326/3623
f 3668/3326/3623 3671/3329/3626 3670/3328/3625
f 3669/3327/3624 3667/3325/3622 3672/3330/3627
f 3670/3328/3625 3672/3330/3627 3667/3325/3622
f 3673/3331/3628 3670/3328/3625 3671/3329/3626
f 3670/3328/3625 3674/3332/3629 3672/3330/3627
f 3674/3332/3629 3670/3328/3625 3673/3331/3628
f 3673/3331/3628 3671/3329/3626 3675/3333/3630
f 3676/3334/3631 3675/3333/3630 3671/3329/3626
f 3674/3332/3629 3673/3331/3628 3677/3335/3632
f 3675/3333/3630 3677/3335/3632 3673/3331/3628
f 3675/3333/3630 3676/3334/3631 3678/3336/3633
f 3678/3336/3633 3676/3334/3631 3679/3337/3634
f 3675/3333/3630 3680/3338/3635 3677/3335/3632
f 3680/3338/3635 3675/3333/3630 3678/3336/3633
f 3681/3339/3636 3674/3332/3629 3677/3335/3632
f 3678/3336/3633 3679/3337/3634 3682/3340/3637
f 3674/3332/3629 3681/3339/3636 3683/3341/3638
f 3683/3341/3638 3672/3330/3627 3674/3332/3629
f 3681/3339/3636 3677/3335/3632 3684/3342/3639
f 3680/3338/3635 3684/3342/3639 3677/3335/3632
f 3672/3330/3627 3683/3341/3638 3685/3343/3640
f 3672/3330/3627 3685/3343/3640 3669/3327/3624
f 3681/3339/3636 3686/3344/3641 3683/3341/3638
f 3687/3345/3642 3669/3327/3624 3685/3343/3640
f 3687/3345/3642 3664/3322/3619 3669/3327/3624
f 3688/3346/3643 3685/3343/3640 3683/3341/3638
f 3688/3346/3643 3683/3341/3638 3686/3344/3641
f 3687/3345/3642 3685/3343/3640 3689/3347/3644
f 3685/3343/3640 3688/3346/3643 3689/3347/3644
f 3664/3322/3619 3687/3345/3642 3690/3348/3645
f 3687/3345/3642 3689/3347/3644 3690/3348/3645
f 3664/3322/3619 3690/3348/3645 3691/3349/3646
f 3664/3322/3619 3691/3349/3646 3660/3318/3615
f 3660/3318/3615 3691/3349/3646 3659/3317/3614
f 3689/3347/3644 3692/3350/3647 3690/3348/3645
f 3690/3348/3645 3693/3351/3648 3691/3349/3646
f 3690/3348/3645 3692/3350/3647 3693/3351/3648
f 3691/3349/3646 3694/3352/3649 3659/3317/3614
f 3693/3351/3648 3694/3352/3649 3691/3349/3646
f 3689/3347/3644 3695/3353/3650 3692/3350/3647
f 3688/3346/3643 3695/3353/3650 3689/3347/3644
f 3696/3354/3651 3693/3351/3648 3692/3350/3647
f 3695/3353/3650 3688/3346/3643 3697/3355/3652
f 3686/3344/3641 3697/3355/3652 3688/3346/3643
f 3695/3353/3650 3698/3356/1341 3692/3350/3647
f 3692/3350/3647 3698/3356/1341 3696/3354/3651
f 3697/3355/3652 3699/3357/3653 3695/3353/3650
f 3695/3353/3650 3699/3357/3653 3698/3356/1341
f 3693/3351/3648 3696/3354/3651 3700/3358/3654
f 3693/3351/3648 3700/3358/3654 3694/3352/3649
f 3698/3356/1341 3701/3359/3655 3696/3354/3651
f 3702/3360/3656 3700/3358/3654 3696/3354/3651
f 3696/3354/3651 3701/3359/3655 3702/3360/3656
f 3694/3352/3649 3700/3358/3654 3703/3361/3657
f 3698/3356/1341 3704/3362/3658 3701/3359/3655
f 3699/3357/3653 3704/3362/3658 3698/3356/1341
f 3700/3358/3654 3702/3360/3656 3705/3363/3659
f 3700/3358/3654 3705/3363/3659 3703/3361/3657
f 3701/3359/3655 3706/3364/3062 3702/3360/3656
f 3702/3360/3656 3707/3365/3660 3705/3363/3659
f 3702/3360/3656 3706/3364/3062 3707/3365/3660
f 3704/3362/3658 3708/3366/3661 3701/3359/3655
f 3701/3359/3655 3708/3366/3661 3706/3364/3062
f 3230/2890/3191 3707/3365/3660 3706/3364/3062
f 3706/3364/3062 3228/2888/3189 3230/2890/3191
f 3708/3366/3661 3228/2888/3189 3706/3364/3062
f 3707/3365/3660 3230/2890/3191 3281/2941/3241
f 3708/3366/3661 3152/2815/3113 3228/2888/3189
f 3281/2941/3241 3709/3367/3059 3707/3365/3660
f 3707/3365/3660 3709/3367/3059 3705/3363/3659
f 3709/3367/3059 3281/2941/3241 3316/2976/2768
f 3316/2976/2768 3320/2980/3279 3709/3367/3059
f 3709/3367/3059 3710/3368/2749 3705/3363/3659
f 3710/3368/2749 3709/3367/3059 3320/2980/3279
f 3710/3368/2749 3703/3361/3657 3705/3363/3659
f 3710/3368/2749 3320/2980/3279 3711/3369/3662
f 3322/2982/3281 3711/3369/3662 3320/2980/3279
f 3703/3361/3657 3710/3368/2749 3712/3370/3663
f 3711/3369/3662 3712/3370/3663 3710/3368/2749
f 3712/3370/3663 3713/3371/3664 3703/3361/3657
f 3694/3352/3649 3703/3361/3657 3713/3371/3664
f 3713/3371/3664 3659/3317/3614 3694/3352/3649
f 3322/2982/3281 3714/3372/3665 3711/3369/3662
f 3319/2979/3278 3714/3372/3665 3322/2982/3281
f 3713/3371/3664 3715/3373/3666 3659/3317/3614
f 3656/3314/3611 3659/3317/3614 3715/3373/3666
f 3656/3314/3611 3715/3373/3666 3655/3313/3610
f 3716/3374/3667 3715/3373/3666 3713/3371/3664
f 3713/3371/3664 3712/3370/3663 3716/3374/3667
f 3717/3375/3668 3655/3313/3610 3715/3373/3666
f 3715/3373/3666 3716/3374/3667 3717/3375/3668
f 3655/3313/3610 3717/3375/3668 3648/3306/3603
f 3712/3370/3663 3718/3376/3669 3716/3374/3667
f 3711/3369/3662 3718/3376/3669 3712/3370/3663
f 3718/3376/3669 3711/3369/3662 3714/3372/3665
f 3716/3374/3667 3719/3377/3670 3717/3375/3668
f 3716/3374/3667 3718/3376/3669 3719/3377/3670
f 3648/3306/3603 3717/3375/3668 3720/3378/3671
f 3717/3375/3668 3719/3377/3670 3720/3378/3671
f 3648/3306/3603 3720/3378/3671 3646/3304/3601
f 3719/3377/3670 3718/3376/3669 3721/3379/3672
f 3714/3372/3665 3721/3379/3672 3718/3376/3669
f 3720/3378/3671 3719/3377/3670 3722/3380/3673
f 3719/3377/3670 3721/3379/3672 3722/3380/3673
f 3646/3304/3601 3720/3378/3671 3723/3381/3674
f 3723/3381/3674 3720/3378/3671 3722/3380/3673
f 3723/3381/3674 3633/3291/3590 3646/3304/3601
f 3722/3380/3673 3721/3379/3672 3724/3382/3675
f 3633/3291/3590 3723/3381/3674 3725/3383/3676
f 3633/3291/3590 3725/3383/3676 3629/3287/3586
f 3725/3383/3676 3635/3293/3592 3629/3287/3586
f 3723/3381/3674 3722/3380/3673 3726/3384/3677
f 3726/3384/3677 3725/3383/3676 3723/3381/3674
f 3722/3380/3673 3724/3382/3675 3726/3384/3677
f 3725/3383/3676 3727/3385/3349 3635/3293/3592
f 3725/3383/3676 3726/3384/3677 3727/3385/3349
f 3635/3293/3592 3727/3385/3349 3728/3386/3678
f 3728/3386/3678 3631/3289/3588 3635/3293/3592
f 3729/3387/3679 3727/3385/3349 3726/3384/3677
f 3729/3387/3679 3726/3384/3677 3724/3382/3675
f 3727/3385/3349 3729/3387/3679 3730/3388/3680
f 3730/3388/3680 3728/3386/3678 3727/3385/3349
f 3729/3387/3679 3724/3382/3675 3731/3389/3681
f 3731/3389/3681 3730/3388/3680 3729/3387/3679
f 3631/3289/3588 3728/3386/3678 3732/3390/3682
f 3730/3388/3680 3733/3391/1950 3728/3386/3678
f 3733/3391/1950 3732/3390/3682 3728/3386/3678
f 3731/3389/3681 3734/3392/3683 3730/3388/3680
f 3730/3388/3680 3734/3392/3683 3733/3391/1950
f 3732/3390/3682 3735/3393/3684 3631/3289/3588
f 3439/3099/3397 3631/3289/3588 3735/3393/3684
f 3437/3097/3395 3439/3099/3397 3735/3393/3684
f 3732/3390/3682 3733/3391/1950 3736/3394/3685
f 3737/3395/3686 3437/3097/3395 3735/3393/3684
f 3407/3067/3365 3437/3097/3395 3737/3395/3686
f 3735/3393/3684 3732/3390/3682 3738/3396/3687
f 3738/3396/3687 3737/3395/3686 3735/3393/3684
f 3736/3394/3685 3738/3396/3687 3732/3390/3682
f 3407/3067/3365 3737/3395/3686 3739/3397/3688
f 3739/3397/3688 3402/3062/3360 3407/3067/3365
f 3402/3062/3360 3739/3397/3688 3400/3060/3358
f 3740/3398/3689 3737/3395/3686 3738/3396/3687
f 3739/3397/3688 3737/3395/3686 3740/3398/3689
f 3741/3399/3690 3736/3394/3685 3733/3391/1950
f 3734/3392/3683 3741/3399/3690 3733/3391/1950
f 3736/3394/3685 3742/3400/3691 3738/3396/3687
f 3742/3400/3691 3736/3394/3685 3741/3399/3690
f 3742/3400/3691 3743/3401/3692 3738/3396/3687
f 3734/3392/3683 3744/3402/3693 3741/3399/3690
f 3743/3401/3692 3745/3403/3694 3738/3396/3687
f 3745/3403/3694 3740/3398/3689 3738/3396/3687
f 3742/3400/3691 3741/3399/3690 3746/3404/3695
f 3744/3402/3693 3746/3404/3695 3741/3399/3690
f 3742/3400/3691 3747/3405/3696 3743/3401/3692
f 3747/3405/3696 3742/3400/3691 3746/3404/3695
f 3747/3405/3696 3748/3406/3697 3743/3401/3692
f 3743/3401/3692 3748/3406/3697 3745/3403/3694
f 3747/3405/3696 3746/3404/3695 3749/3407/3698
f 3747/3405/3696 3750/3408/3699 3748/3406/3697
f 3749/3407/3698 3750/3408/3699 3747/3405/3696
f 3748/3406/3697 3751/3409/3700 3745/3403/3694
f 3748/3406/3697 3750/3408/3699 3752/3410/3701
f 3751/3409/3700 3748/3406/3697 3752/3410/3701
f 3753/3411/3702 3745/3403/3694 3751/3409/3700
f 3754/3412/3703 3745/3403/3694 3753/3411/3702
f 3745/3403/3694 3754/3412/3703 3740/3398/3689
f 3751/3409/3700 3755/3413/3704 3753/3411/3702
f 3752/3410/3701 3755/3413/3704 3751/3409/3700
f 3753/3411/3702 3756/3414/3705 3754/3412/3703
f 3753/3411/3702 3755/3413/3704 3756/3414/3705
f 3754/3412/3703 3757/3415/3706 3740/3398/3689
f 3754/3412/3703 3756/3414/3705 3757/3415/3706
f 3758/3416/3707 3740/3398/3689 3757/3415/3706
f 3758/3416/3707 3739/3397/3688 3740/3398/3689
f 3757/3415/3706 3759/3417/3708 3758/3416/3707
f 3739/3397/3688 3758/3416/3707 3760/3418/3709
f 3760/3418/3709 3758/3416/3707 3759/3417/3708
f 3760/3418/3709 3400/3060/3358 3739/3397/3688
f 3759/3417/3708 3757/3415/3706 3761/3419/3710
f 3756/3414/3705 3761/3419/3710 3757/3415/3706
f 3759/3417/3708 3762/3420/3711 3760/3418/3709
f 3761/3419/3710 3762/3420/3711 3759/3417/3708
f 3763/3421/3712 3400/3060/3358 3760/3418/3709
f 3763/3421/3712 3760/3418/3709 3762/3420/3711
f 3764/3422/3713 3400/3060/3358 3763/3421/3712
f 3763/3421/3712 3762/3420/3711 3764/3422/3713
f 3400/3060/3358 3764/3422/3713 3397/3057/3355
f 3764/3422/3713 3765/3423/3714 3397/3057/3355
f 3396/3056/3354 3397/3057/3355 3765/3423/3714
f 3766/3424/3715 3764/3422/3713 3762/3420/3711
f 3766/3424/3715 3765/3423/3714 3764/3422/3713
f 3762/3420/3711 3767/3425/3716 3766/3424/3715
f 3762/3420/3711 3761/3419/3710 3767/3425/3716
f 3765/3423/3714 3768/3426/3717 3396/3056/3354
f 3395/3055/3353 3396/3056/3354 3768/3426/3717
f 3766/3424/3715 3769/3427/3718 3765/3423/3714
f 3765/3423/3714 3769/3427/3718 3768/3426/3717
f 3766/3424/3715 3767/3425/3716 3770/3428/3719
f 3770/3428/3719 3769/3427/3718 3766/3424/3715
f 3767/3425/3716 3761/3419/3710 3771/3429/3720
f 3771/3429/3720 3770/3428/3719 3767/3425/3716
f 3772/3430/3721 3771/3429/3720 3761/3419/3710
f 3761/3419/3710 3756/3414/3705 3772/3430/3721
f 3771/3429/3720 3773/3431/3722 3770/3428/3719
f 3771/3429/3720 3772/3430/3721 3773/3431/3722
f 3774/3432/3723 3769/3427/3718 3770/3428/3719
f 3774/3432/3723 3770/3428/3719 3773/3431/3722
f 3775/3433/3724 3772/3430/3721 3756/3414/3705
f 3775/3433/3724 3756/3414/3705 3755/3413/3704
f 3776/3434/3725 3773/3431/3722 3772/3430/3721
f 3772/3430/3721 3775/3433/3724 3776/3434/3725
f 3775/3433/3724 3755/3413/3704 3777/3435/3726
f 3777/3435/3726 3776/3434/3725 3775/3433/3724
f 3778/3436/3727 3777/3435/3726 3755/3413/3704
f 3752/3410/3701 3778/3436/3727 3755/3413/3704
f 3777/3435/3726 3779/3437/3728 3776/3434/3725
f 3777/3435/3726 3778/3436/3727 3779/3437/3728
f 3776/3434/3725 3780/3438/3729 3773/3431/3722
f 3773/3431/3722 3780/3438/3729 3774/3432/3723
f 3781/3439/3730 3776/3434/3725 3779/3437/3728
f 3781/3439/3730 3780/3438/3729 3776/3434/3725
f 3774/3432/3723 3782/3440/3731 3769/3427/3718
f 3782/3440/3731 3768/3426/3717 3769/3427/3718
f 3783/3441/3732 3774/3432/3723 3780/3438/3729
f 3782/3440/3731 3774/3432/3723 3783/3441/3732
f 3768/3426/3717 3782/3440/3731 3784/3442/3733
f 3783/3441/3732 3784/3442/3733 3782/3440/3731
f 3768/3426/3717 3784/3442/3733 3395/3055/3353
f 3395/3055/3353 3784/3442/3733 3380/3040/3338
f 3378/3038/3336 3380/3040/3338 3784/3442/3733
f 3783/3441/3732 3785/3443/3734 3784/3442/3733
f 3378/3038/3336 3784/3442/3733 3785/3443/3734
f 3783/3441/3732 3780/3438/3729 3785/3443/3734
f 3381/3041/3339 3378/3038/3336 3785/3443/3734
f 3786/3444/3735 3785/3443/3734 3780/3438/3729
f 3381/3041/3339 3785/3443/3734 3786/3444/3735
f 3781/3439/3730 3786/3444/3735 3780/3438/3729
f 3367/3027/3326 3381/3041/3339 3786/3444/3735
f 3787/3445/3736 3786/3444/3735 3781/3439/3730
f 3787/3445/3736 3367/3027/3326 3786/3444/3735
f 3781/3439/3730 3779/3437/3728 3787/3445/3736
f 3365/3025/3324 3367/3027/3326 3787/3445/3736
f 3788/3446/3737 3365/3025/3324 3787/3445/3736
f 3788/3446/3737 3787/3445/3736 3779/3437/3728
f 3788/3446/3737 3363/3023/3322 3365/3025/3324
f 3363/3023/3322 3788/3446/3737 3789/3447/3738
f 3789/3447/3738 3362/3022/3321 3363/3023/3322
f 3788/3446/3737 3779/3437/3728 3790/3448/3739
f 3790/3448/3739 3789/3447/3738 3788/3446/3737
f 3791/3449/3740 3790/3448/3739 3779/3437/3728
f 3791/3449/3740 3779/3437/3728 3778/3436/3727
f 3362/3022/3321 3789/3447/3738 3792/3450/3741
f 3791/3449/3740 3778/3436/3727 3793/3451/3742
f 3791/3449/3740 3793/3451/3742 3790/3448/3739
f 3789/3447/3738 3790/3448/3739 3794/3452/3743
f 3789/3447/3738 3794/3452/3743 3792/3450/3741
f 3790/3448/3739 3793/3451/3742 3795/3453/3744
f 3795/3453/3744 3794/3452/3743 3790/3448/3739
f 3792/3450/3741 3796/3454/3745 3362/3022/3321
f 3796/3454/3745 3354/3014/3313 3362/3022/3321
f 3792/3450/3741 3794/3452/3743 3797/3455/3746
f 3354/3014/3313 3796/3454/3745 3798/3456/3747
f 3348/3008/3307 3354/3014/3313 3798/3456/3747
f 3799/3457/3748 3796/3454/3745 3792/3450/3741
f 3798/3456/3747 3796/3454/3745 3799/3457/3748
f 3797/3455/3746 3799/3457/3748 3792/3450/3741
f 3800/3458/3749 3348/3008/3307 3798/3456/3747
f 3336/2996/3295 3348/3008/3307 3800/3458/3749
f 3334/2994/3293 3336/2996/3295 3800/3458/3749
f 3800/3458/3749 3798/3456/3747 3801/3459/3750
f 3798/3456/3747 3799/3457/3748 3801/3459/3750
f 3334/2994/3293 3800/3458/3749 3802/3460/3751
f 3800/3458/3749 3801/3459/3750 3802/3460/3751
f 3332/2992/3291 3334/2994/3293 3802/3460/3751
f 3803/3461/3752 3801/3459/3750 3799/3457/3748
f 3332/2992/3291 3802/3460/3751 3804/3462/3753
f 3805/3463/3754 3802/3460/3751 3801/3459/3750
f 3802/3460/3751 3805/3463/3754 3804/3462/3753
f 3801/3459/3750 3803/3461/3752 3805/3463/3754
f 3330/2990/3289 3332/2992/3291 3804/3462/3753
f 3806/3464/3755 3803/3461/3752 3799/3457/3748
f 3799/3457/3748 3797/3455/3746 3806/3464/3755
f 3330/2990/3289 3804/3462/3753 3807/3465/3756
f 3806/3464/3755 3797/3455/3746 3808/3466/3757
f 3804/3462/3753 3805/3463/3754 3809/3467/3758
f 3807/3465/3756 3804/3462/3753 3809/3467/3758
f 3810/3468/3759 3806/3464/3755 3808/3466/3757
f 3810/3468/3759 3803/3461/3752 3806/3464/3755
f 3805/3463/3754 3803/3461/3752 3811/3469/3760
f 3805/3463/3754 3811/3469/3760 3809/3467/3758
f 3810/3468/3759 3812/3470/3761 3803/3461/3752
f 3811/3469/3760 3803/3461/3752 3812/3470/3761
f 3810/3468/3759 3808/3466/3757 3813/3471/3762
f 3813/3471/3762 3812/3470/3761 3810/3468/3759
f 3814/3472/3763 3808/3466/3757 3797/3455/3746
f 3814/3472/3763 3813/3471/3762 3808/3466/3757
f 3797/3455/3746 3815/3473/3764 3814/3472/3763
f 3815/3473/3764 3797/3455/3746 3794/3452/3743
f 3794/3452/3743 3795/3453/3744 3815/3473/3764
f 3813/3471/3762 3814/3472/3763 3816/3474/3765
f 3817/3475/3766 3815/3473/3764 3795/3453/3744
f 3818/3476/3767 3814/3472/3763 3815/3473/3764
f 3814/3472/3763 3818/3476/3767 3816/3474/3765
f 3818/3476/3767 3815/3473/3764 3817/3475/3766
f 3795/3453/3744 3793/3451/3742 3817/3475/3766
f 3819/3477/3768 3816/3474/3765 3818/3476/3767
f 3818/3476/3767 3817/3475/3766 3820/3478/3769
f 3820/3478/3769 3819/3477/3768 3818/3476/3767
f 3813/3471/3762 3816/3474/3765 3821/3479/3770
f 3819/3477/3768 3821/3479/3770 3816/3474/3765
f 3812/3470/3761 3813/3471/3762 3821/3479/3770
f 3820/3478/3769 3822/3480/3771 3819/3477/3768
f 3822/3480/3771 3821/3479/3770 3819/3477/3768
f 3817/3475/3766 3823/3481/3772 3820/3478/3769
f 3823/3481/3772 3817/3475/3766 3793/3451/3742
f 3820/3478/3769 3824/3482/3773 3822/3480/3771
f 3824/3482/3773 3820/3478/3769 3823/3481/3772
f 3825/3483/3774 3822/3480/3771 3824/3482/3773
f 3826/3484/3775 3824/3482/3773 3823/3481/3772
f 3824/3482/3773 3826/3484/3775 3825/3483/3774
f 3793/3451/3742 3827/3485/3776 3823/3481/3772
f 3827/3485/3776 3826/3484/3775 3823/3481/3772
f 3827/3485/3776 3793/3451/3742 3828/3486/3777
f 3828/3486/3777 3793/3451/3742 3778/3436/3727
f 3778/3436/3727 3752/3410/3701 3828/3486/3777
f 3752/3410/3701 3829/3487/3778 3828/3486/3777
f 3828/3486/3777 3829/3487/3778 3827/3485/3776
f 3752/3410/3701 3750/3408/3699 3829/3487/3778
f 3826/3484/3775 3827/3485/3776 3830/3488/3779
f 3829/3487/3778 3830/3488/3779 3827/3485/3776
f 3750/3408/3699 3830/3488/3779 3829/3487/3778
f 3830/3488/3779 3825/3483/3774 3826/3484/3775
f 3749/3407/3698 3830/3488/3779 3750/3408/3699
f 3831/3489/3780 3825/3483/3774 3830/3488/3779
f 3749/3407/3698 3831/3489/3780 3830/3488/3779
f 3831/3489/3780 3832/3490/3781 3825/3483/3774
f 3749/3407/3698 3832/3490/3781 3831/3489/3780
f 3825/3483/3774 3832/3490/3781 3822/3480/3771
f 3832/3490/3781 3821/3479/3770 3822/3480/3771
f 3749/3407/3698 3833/3491/3782 3832/3490/3781
f 3832/3490/3781 3833/3491/3782 3821/3479/3770
f 3833/3491/3782 3749/3407/3698 3746/3404/3695
f 3834/3492/3783 3821/3479/3770 3833/3491/3782
f 3812/3470/3761 3821/3479/3770 3834/3492/3783
f 3834/3492/3783 3811/3469/3760 3812/3470/3761
f 3835/3493/3784 3833/3491/3782 3746/3404/3695
f 3833/3491/3782 3835/3493/3784 3834/3492/3783
f 3811/3469/3760 3834/3492/3783 3835/3493/3784
f 3835/3493/3784 3746/3404/3695 3744/3402/3693
f 3809/3467/3758 3811/3469/3760 3835/3493/3784
f 3809/3467/3758 3835/3493/3784 3836/3494/3785
f 3836/3494/3785 3835/3493/3784 3744/3402/3693
f 3809/3467/3758 3836/3494/3785 3807/3465/3756
f 3837/3495/3786 3836/3494/3785 3744/3402/3693
f 3837/3495/3786 3744/3402/3693 3734/3392/3683
f 3731/3389/3681 3837/3495/3786 3734/3392/3683
f 3836/3494/3785 3838/3496/3787 3807/3465/3756
f 3837/3495/3786 3838/3496/3787 3836/3494/3785
f 3839/3497/3788 3837/3495/3786 3731/3389/3681
f 3839/3497/3788 3838/3496/3787 3837/3495/3786
f 3839/3497/3788 3731/3389/3681 3724/3382/3675
f 3807/3465/3756 3838/3496/3787 3840/3498/3789
f 3838/3496/3787 3839/3497/3788 3840/3498/3789
f 3840/3498/3789 3330/2990/3289 3807/3465/3756
f 3330/2990/3289 3840/3498/3789 3326/2986/3285
f 3324/2984/3283 3326/2986/3285 3840/3498/3789
f 3724/3382/3675 3841/3499/3790 3839/3497/3788
f 3841/3499/3790 3840/3498/3789 3839/3497/3788
f 3840/3498/3789 3841/3499/3790 3324/2984/3283
f 3721/3379/3672 3841/3499/3790 3724/3382/3675
f 3721/3379/3672 3714/3372/3665 3841/3499/3790
f 3842/3500/3791 3324/2984/3283 3841/3499/3790
f 3842/3500/3791 3841/3499/3790 3714/3372/3665
f 3318/2978/3277 3324/2984/3283 3842/3500/3791
f 3319/2979/3278 3842/3500/3791 3714/3372/3665
f 3318/2978/3277 3842/3500/3791 3319/2979/3278
f 3843/3501/3792 3152/2815/3113 3708/3366/3661
f 3704/3362/3658 3843/3501/3792 3708/3366/3661
f 3152/2815/3113 3843/3501/3792 3148/2811/3109
f 3704/3362/3658 3844/3502/3793 3843/3501/3792
f 3704/3362/3658 3699/3357/3653 3844/3502/3793
f 3843/3501/3792 3845/3503/3794 3148/2811/3109
f 3844/3502/3793 3845/3503/3794 3843/3501/3792
f 3846/3504/3795 3844/3502/3793 3699/3357/3653
f 3699/3357/3653 3697/3355/3652 3846/3504/3795
f 3844/3502/3793 3847/3505/3796 3845/3503/3794
f 3844/3502/3793 3846/3504/3795 3847/3505/3796
f 3845/3503/3794 3848/3506/3797 3148/2811/3109
f 3146/2809/3107 3148/2811/3109 3848/3506/3797
f 3849/3507/3798 3846/3504/3795 3697/3355/3652
f 3697/3355/3652 3686/3344/3641 3849/3507/3798
f 3850/3508/3799 3847/3505/3796 3846/3504/3795
f 3846/3504/3795 3849/3507/3798 3850/3508/3799
f 3845/3503/3794 3847/3505/3796 3851/3509/3800
f 3848/3506/3797 3845/3503/3794 3851/3509/3800
f 3847/3505/3796 3850/3508/3799 3852/3510/3801
f 3847/3505/3796 3852/3510/3801 3851/3509/3800
f 3850/3508/3799 3849/3507/3798 3853/3511/3802
f 3686/3344/3641 3854/3512/3803 3849/3507/3798
f 3849/3507/3798 3854/3512/3803 3853/3511/3802
f 3686/3344/3641 3681/3339/3636 3854/3512/3803
f 3684/3342/3639 3854/3512/3803 3681/3339/3636
f 3850/3508/3799 3853/3511/3802 3855/3513/3804
f 3852/3510/3801 3850/3508/3799 3855/3513/3804
f 3856/3514/3805 3853/3511/3802 3854/3512/3803
f 3855/3513/3804 3853/3511/3802 3857/3515/3806
f 3856/3514/3805 3857/3515/3806 3853/3511/3802
f 3854/3512/3803 3684/3342/3639 3858/3516/3807
f 3854/3512/3803 3858/3516/3807 3856/3514/3805
f 3859/3517/3808 3858/3516/3807 3684/3342/3639
f 3680/3338/3635 3859/3517/3808 3684/3342/3639
f 3856/3514/3805 3858/3516/3807 3860/3518/3809
f 3859/3517/3808 3680/3338/3635 3861/3519/3810
f 3678/3336/3633 3861/3519/3810 3680/3338/3635
f 3682/3340/3637 3861/3519/3810 3678/3336/3633
f 3858/3516/3807 3859/3517/3808 3862/3520/3811
f 3861/3519/3810 3863/3521/3812 3859/3517/3808
f 3863/3521/3812 3862/3520/3811 3859/3517/3808
f 3861/3519/3810 3682/3340/3637 3864/3522/3813
f 3864/3522/3813 3863/3521/3812 3861/3519/3810
f 3862/3520/3811 3863/3521/3812 3865/3523/3814
f 3863/3521/3812 3864/3522/3813 3865/3523/3814
f 3862/3520/3811 3866/3524/3815 3858/3516/3807
f 3860/3518/3809 3858/3516/3807 3866/3524/3815
f 3865/3523/3814 3867/3525/3816 3862/3520/3811
f 3866/3524/3815 3862/3520/3811 3867/3525/3816
f 3865/3523/3814 3864/3522/3813 3868/3526/3817
f 3864/3522/3813 3682/3340/3637 3869/3527/3818
f 3869/3527/3818 3868/3526/3817 3864/3522/3813
f 3679/3337/3634 3869/3527/3818 3682/3340/3637
f 3869/3527/3818 3679/3337/3634 3870/3528/3819
f 3870/3528/3819 3871/3529/3820 3869/3527/3818
f 3872/3530/3821 3869/3527/3818 3871/3529/3820
f 3868/3526/3817 3869/3527/3818 3872/3530/3821
f 3872/3530/3821 3871/3529/3820 3873/3530/888
f 3865/3523/3814 3868/3526/3817 3874/3531/3822
f 3868/3526/3817 3872/3530/3821 3874/3531/3822
f 3874/3531/3822 3867/3525/3816 3865/3523/3814
f 3875/3532/3823 3872/3530/3821 3873/3530/888
f 3872/3530/3821 3875/3532/3823 3874/3531/3822
f 3873/3530/888 3876/3533/882 3875/3532/3823
f 3877/3534/3824 3875/3532/3823 3876/3533/882
f 3874/3531/3822 3875/3532/3823 3877/3534/3824
f 3877/3534/3824 3876/3533/882 3878/3529/3825
f 3877/3534/3824 3878/3529/3825 3879/3535/3826
f 3880/3536/3827 3879/3535/3826 3878/3529/3825
f 3877/3534/3824 3881/3537/3828 3874/3531/3822
f 3877/3534/3824 3879/3535/3826 3881/3537/3828
f 3881/3537/3828 3882/3538/3829 3874/3531/3822
f 3883/3537/3830 3881/3537/3828 3879/3535/3826
f 3881/3537/3828 3883/3537/3830 3882/3538/3829
f 3884/3539/3831 3879/3535/3826 3880/3536/3827
f 3879/3535/3826 3884/3539/3831 3883/3537/3830
f 3882/3538/3829 3885/3540/3832 3874/3531/3822
f 3867/3525/3816 3874/3531/3822 3885/3540/3832
f 3882/3538/3829 3883/3537/3830 3886/3541/3833
f 3882/3538/3829 3886/3541/3833 3885/3540/3832
f 3887/3542/3834 3867/3525/3816 3885/3540/3832
f 3886/3541/3833 3887/3542/3834 3885/3540/3832
f 3887/3542/3834 3866/3524/3815 3867/3525/3816
f 3883/3537/3830 3888/3543/3835 3886/3541/3833
f 3888/3543/3835 3883/3537/3830 3884/3539/3831
f 3886/3541/3833 3888/3543/3835 3889/3544/3836
f 3889/3544/3836 3887/3542/3834 3886/3541/3833
f 3888/3543/3835 3884/3539/3831 3890/3545/3837
f 3889/3544/3836 3888/3543/3835 3890/3545/3837
f 3884/3539/3831 3880/3536/3827 3891/3546/3838
f 3891/3546/3838 3890/3545/3837 3884/3539/3831
f 3892/3547/873 3891/3546/3838 3880/3536/3827
f 3891/3546/3838 3892/3547/873 3893/3548/3839
f 3889/3544/3836 3890/3545/3837 3894/3549/3840
f 3891/3546/3838 3893/3548/3839 3895/3550/3841
f 3895/3550/3841 3893/3548/3839 3896/3551/3842
f 3891/3546/3838 3897/3552/3843 3890/3545/3837
f 3897/3552/3843 3894/3549/3840 3890/3545/3837
f 3898/3553/3844 3897/3552/3843 3891/3546/3838
f 3898/3553/3844 3891/3546/3838 3895/3550/3841
f 3894/3549/3840 3897/3552/3843 3899/3554/3845
f 3897/3552/3843 3898/3553/3844 3899/3554/3845
f 3900/3555/3846 3889/3544/3836 3894/3549/3840
f 3889/3544/3836 3900/3555/3846 3887/3542/3834
f 3900/3555/3846 3894/3549/3840 3901/3556/3847
f 3901/3556/3847 3894/3549/3840 3899/3554/3845
f 3902/3557/3848 3887/3542/3834 3900/3555/3846
f 3902/3557/3848 3900/3555/3846 3901/3556/3847
f 3866/3524/3815 3887/3542/3834 3902/3557/3848
f 3901/3556/3847 3899/3554/3845 3903/3558/3849
f 3902/3557/3848 3901/3556/3847 3904/3559/3850
f 3904/3559/3850 3901/3556/3847 3903/3558/3849
f 3902/3557/3848 3905/3560/3851 3866/3524/3815
f 3902/3557/3848 3904/3559/3850 3905/3560/3851
f 3866/3524/3815 3905/3560/3851 3906/3561/3852
f 3866/3524/3815 3906/3561/3852 3860/3518/3809
f 3905/3560/3851 3904/3559/3850 3907/3562/3853
f 3906/3561/3852 3908/3563/3854 3860/3518/3809
f 3856/3514/3805 3860/3518/3809 3908/3563/3854
f 3857/3515/3806 3856/3514/3805 3908/3563/3854
f 3905/3560/3851 3909/3564/3855 3906/3561/3852
f 3907/3562/3853 3909/3564/3855 3905/3560/3851
f 3906/3561/3852 3910/3565/3856 3908/3563/3854
f 3910/3565/3856 3906/3561/3852 3909/3564/3855
f 3908/3563/3854 3910/3565/3856 3911/3566/3857
f 3910/3565/3856 3909/3564/3855 3911/3566/3857
f 3908/3563/3854 3911/3566/3857 3857/3515/3806
f 3912/3567/3858 3911/3566/3857 3909/3564/3855
f 3909/3564/3855 3907/3562/3853 3912/3567/3858
f 3911/3566/3857 3913/3568/3859 3857/3515/3806
f 3911/3566/3857 3912/3567/3858 3913/3568/3859
f 3857/3515/3806 3913/3568/3859 3855/3513/3804
f 3914/3569/3860 3913/3568/3859 3912/3567/3858
f 3913/3568/3859 3915/3570/3861 3855/3513/3804
f 3913/3568/3859 3914/3569/3860 3915/3570/3861
f 3852/3510/3801 3855/3513/3804 3915/3570/3861
f 3912/3567/3858 3916/3571/3862 3914/3569/3860
f 3916/3571/3862 3912/3567/3858 3907/3562/3853
f 3917/3572/3863 3852/3510/3801 3915/3570/3861
f 3917/3572/3863 3851/3509/3800 3852/3510/3801
f 3918/3573/3864 3915/3570/3861 3914/3569/3860
f 3919/3574/3865 3851/3509/3800 3917/3572/3863
f 3851/3509/3800 3919/3574/3865 3848/3506/3797
f 3917/3572/3863 3915/3570/3861 3920/3575/3866
f 3918/3573/3864 3920/3575/3866 3915/3570/3861
f 3919/3574/3865 3917/3572/3863 3921/3576/3867
f 3920/3575/3866 3921/3576/3867 3917/3572/3863
f 3922/3577/3868 3848/3506/3797 3919/3574/3865
f 3146/2809/3107 3848/3506/3797 3922/3577/3868
f 3142/2805/3103 3146/2809/3107 3922/3577/3868
f 3919/3574/3865 3923/3578/3869 3922/3577/3868
f 3923/3578/3869 3919/3574/3865 3921/3576/3867
f 3922/3577/3868 3924/3579/3870 3142/2805/3103
f 3924/3579/3870 3922/3577/3868 3923/3578/3869
f 3140/2803/3101 3142/2805/3103 3924/3579/3870
f 3923/3578/3869 3921/3576/3867 3925/3580/3871
f 3923/3578/3869 3925/3580/3871 3924/3579/3870
f 3924/3579/3870 3926/3581/3872 3140/2803/3101
f 3926/3581/3872 3924/3579/3870 3925/3580/3871
f 3926/3581/3872 3927/3582/3873 3140/2803/3101
f 3927/3582/3873 3076/2739/3040 3140/2803/3101
f 3928/3583/3874 3925/3580/3871 3921/3576/3867
f 3920/3575/3866 3928/3583/3874 3921/3576/3867
f 3925/3580/3871 3929/3584/3875 3926/3581/3872
f 3925/3580/3871 3928/3583/3874 3929/3584/3875
f 3926/3581/3872 3930/3585/3876 3927/3582/3873
f 3930/3585/3876 3926/3581/3872 3929/3584/3875
f 3076/2739/3040 3927/3582/3873 3931/3586/3877
f 3931/3586/3877 3927/3582/3873 3930/3585/3876
f 3076/2739/3040 3931/3586/3877 3073/2736/3037
f 3073/2736/3037 3931/3586/3877 3072/2735/3036
f 3930/3585/3876 3932/3587/3878 3931/3586/3877
f 3072/2735/3036 3931/3586/3877 3933/3588/3879
f 3933/3588/3879 3931/3586/3877 3932/3587/3878
f 3072/2735/3036 3933/3588/3879 3934/3589/3880
f 3072/2735/3036 3934/3589/3880 3070/2733/3034
f 3932/3587/3878 3935/3590/3881 3933/3588/3879
f 3934/3589/3880 3933/3588/3879 3935/3590/3881
f 3932/3587/3878 3930/3585/3876 3936/3591/3882
f 3929/3584/3875 3936/3591/3882 3930/3585/3876
f 3935/3590/3881 3932/3587/3878 3937/3592/3883
f 3932/3587/3878 3936/3591/3882 3937/3592/3883
f 3938/3593/3884 3070/2733/3034 3934/3589/3880
f 3938/3593/3884 3069/2732/3033 3070/2733/3034
f 3939/3594/3885 3934/3589/3880 3935/3590/3881
f 3939/3594/3885 3938/3593/3884 3934/3589/3880
f 3069/2732/3033 3938/3593/3884 3940/3595/3886
f 3036/2699/3000 3069/2732/3033 3940/3595/3886
f 3941/3596/3887 3938/3593/3884 3939/3594/3885
f 3941/3596/3887 3940/3595/3886 3938/3593/3884
f 3939/3594/3885 3935/3590/3881 3942/3597/3888
f 3935/3590/3881 3937/3592/3883 3942/3597/3888
f 3036/2699/3000 3940/3595/3886 3943/3598/3889
f 3033/2696/2997 3036/2699/3000 3943/3598/3889
f 3944/3599/3890 3943/3598/3889 3940/3595/3886
f 3941/3596/3887 3944/3599/3890 3940/3595/3886
f 3943/3598/3889 3945/3600/3891 3033/2696/2997
f 3033/2696/2997 3945/3600/3891 3034/2697/2998
f 3943/3598/3889 3944/3599/3890 3946/3601/3892
f 3945/3600/3891 3943/3598/3889 3946/3601/3892
f 3947/3602/3893 3034/2697/2998 3945/3600/3891
f 3945/3600/3891 3946/3601/3892 3947/3602/3893
f 3948/3603/3894 3034/2697/2998 3947/3602/3893
f 3034/2697/2998 3948/3603/3894 3031/2694/2995
f 3947/3602/3893 3946/3601/3892 3949/3604/3895
f 3947/3602/3893 3949/3604/3895 3948/3603/3894
f 3950/3605/3896 3946/3601/3892 3944/3599/3890
f 3950/3605/3896 3944/3599/3890 3941/3596/3887
f 3946/3601/3892 3951/3606/3897 3949/3604/3895
f 3951/3606/3897 3946/3601/3892 3950/3605/3896
f 3952/3607/3898 3948/3603/3894 3949/3604/3895
f 3949/3604/3895 3951/3606/3897 3953/3608/3899
f 3949/3604/3895 3953/3608/3899 3952/3607/3898
f 3951/3606/3897 3950/3605/3896 3954/3609/3900
f 3951/3606/3897 3954/3609/3900 3953/3608/3899
f 3955/3610/3901 3950/3605/3896 3941/3596/3887
f 3941/3596/3887 3939/3594/3885 3955/3610/3901
f 3955/3610/3901 3939/3594/3885 3942/3597/3888
f 3956/3611/3902 3954/3609/3900 3950/3605/3896
f 3950/3605/3896 3955/3610/3901 3956/3611/3902
f 3957/3612/3903 3955/3610/3901 3942/3597/3888
f 3957/3612/3903 3942/3597/3888 3937/3592/3883
f 3958/3613/3904 3956/3611/3902 3955/3610/3901
f 3957/3612/3903 3958/3613/3904 3955/3610/3901
f 3957/3612/3903 3937/3592/3883 3959/3614/3905
f 3957/3612/3903 3960/3615/3906 3958/3613/3904
f 3957/3612/3903 3959/3614/3905 3960/3615/3906
f 3959/3614/3905 3937/3592/3883 3961/3616/3907
f 3959/3614/3905 3961/3616/3907 3960/3615/3906
f 3936/3591/3882 3961/3616/3907 3937/3592/3883
f 3960/3615/3906 3962/3617/3908 3958/3613/3904
f 3956/3611/3902 3958/3613/3904 3962/3617/3908
f 3963/3618/3909 3960/3615/3906 3961/3616/3907
f 3963/3618/3909 3962/3617/3908 3960/3615/3906
f 3936/3591/3882 3964/3619/3910 3961/3616/3907
f 3961/3616/3907 3964/3619/3910 3963/3618/3909
f 3962/3617/3908 3965/3620/3911 3956/3611/3902
f 3954/3609/3900 3956/3611/3902 3965/3620/3911
f 3962/3617/3908 3963/3618/3909 3966/3621/3912
f 3966/3621/3912 3965/3620/3911 3962/3617/3908
f 3967/3622/3913 3966/3621/3912 3963/3618/3909
f 3963/3618/3909 3964/3619/3910 3967/3622/3913
f 3965/3620/3911 3966/3621/3912 3968/3623/3914
f 3936/3591/3882 3969/3624/3915 3964/3619/3910
f 3969/3624/3915 3936/3591/3882 3929/3584/3875
f 3966/3621/3912 3967/3622/3913 3970/3625/3916
f 3970/3625/3916 3968/3623/3914 3966/3621/3912
f 3971/3626/3917 3969/3624/3915 3929/3584/3875
f 3971/3626/3917 3929/3584/3875 3928/3583/3874
f 3969/3624/3915 3972/3627/3918 3964/3619/3910
f 3971/3626/3917 3972/3627/3918 3969/3624/3915
f 3973/3628/3919 3964/3619/3910 3972/3627/3918
f 3964/3619/3910 3973/3628/3919 3967/3622/3913
f 3971/3626/3917 3974/3629/3920 3972/3627/3918
f 3972/3627/3918 3974/3629/3920 3973/3628/3919
f 3971/3626/3917 3928/3583/3874 3975/3630/3921
f 3975/3630/3921 3974/3629/3920 3971/3626/3917
f 3967/3622/3913 3973/3628/3919 3976/3631/3922
f 3967/3622/3913 3976/3631/3922 3970/3625/3916
f 3977/3632/3923 3973/3628/3919 3974/3629/3920
f 3973/3628/3919 3977/3632/3923 3976/3631/3922
f 3978/3633/3924 3975/3630/3921 3928/3583/3874
f 3978/3633/3924 3928/3583/3874 3920/3575/3866
f 3978/3633/3924 3920/3575/3866 3979/3634/3925
f 3978/3633/3924 3979/3634/3925 3975/3630/3921
f 3918/3573/3864 3979/3634/3925 3920/3575/3866
f 3980/3635/3926 3975/3630/3921 3979/3634/3925
f 3975/3630/3921 3980/3635/3926 3974/3629/3920
f 3979/3634/3925 3918/3573/3864 3981/3636/3927
f 3979/3634/3925 3981/3636/3927 3980/3635/3926
f 3914/3569/3860 3981/3636/3927 3918/3573/3864
f 3981/3636/3927 3914/3569/3860 3916/3571/3862
f 3982/3637/3928 3974/3629/3920 3980/3635/3926
f 3982/3637/3928 3977/3632/3923 3974/3629/3920
f 3983/3638/3929 3980/3635/3926 3981/3636/3927
f 3981/3636/3927 3916/3571/3862 3983/3638/3929
f 3983/3638/3929 3984/3639/3930 3980/3635/3926
f 3982/3637/3928 3980/3635/3926 3984/3639/3930
f 3985/3640/3931 3983/3638/3929 3916/3571/3862
f 3985/3640/3931 3984/3639/3930 3983/3638/3929
f 3916/3571/3862 3986/3641/3932 3985/3640/3931
f 3907/3562/3853 3986/3641/3932 3916/3571/3862
f 3984/3639/3930 3985/3640/3931 3987/3642/3933
f 3985/3640/3931 3986/3641/3932 3987/3642/3933
f 3988/3643/3934 3986/3641/3932 3907/3562/3853
f 3904/3559/3850 3988/3643/3934 3907/3562/3853
f 3903/3558/3849 3988/3643/3934 3904/3559/3850
f 3986/3641/3932 3989/3644/3935 3987/3642/3933
f 3988/3643/3934 3989/3644/3935 3986/3641/3932
f 3987/3642/3933 3990/3645/3936 3984/3639/3930
f 3987/3642/3933 3989/3644/3935 3990/3645/3936
f 3984/3639/3930 3991/3646/3937 3982/3637/3928
f 3991/3646/3937 3984/3639/3930 3990/3645/3936
f 3992/3647/3938 3982/3637/3928 3991/3646/3937
f 3977/3632/3923 3982/3637/3928 3992/3647/3938
f 3990/3645/3936 3993/3648/3939 3991/3646/3937
f 3992/3647/3938 3994/3649/3940 3977/3632/3923
f 3994/3649/3940 3976/3631/3922 3977/3632/3923
f 3991/3646/3937 3995/3650/3941 3992/3647/3938
f 3995/3650/3941 3991/3646/3937 3993/3648/3939
f 3994/3649/3940 3992/3647/3938 3996/3651/3942
f 3996/3651/3942 3992/3647/3938 3995/3650/3941
f 3976/3631/3922 3994/3649/3940 3997/3652/3943
f 3970/3625/3916 3976/3631/3922 3997/3652/3943
f 3994/3649/3940 3996/3651/3942 3998/3653/3944
f 3997/3652/3943 3994/3649/3940 3998/3653/3944
f 3970/3625/3916 3997/3652/3943 3999/3654/3945
f 3968/3623/3914 3970/3625/3916 3999/3654/3945
f 3997/3652/3943 3998/3653/3944 4000/3655/3946
f 4000/3655/3946 3999/3654/3945 3997/3652/3943
f 3998/3653/3944 3996/3651/3942 4001/3656/3947
f 4001/3656/3947 3996/3651/3942 4002/3657/3948
f 3995/3650/3941 4002/3657/3948 3996/3651/3942
f 4001/3656/3947 4003/3658/3949 3998/3653/3944
f 4001/3656/3947 4002/3657/3948 4003/3658/3949
f 4004/3659/3950 4000/3655/3946 3998/3653/3944
f 4004/3659/3950 3998/3653/3944 4003/3658/3949
f 4002/3657/3948 3995/3650/3941 4005/3660/3951
f 3993/3648/3939 4005/3660/3951 3995/3650/3941
f 4003/3658/3949 4002/3657/3948 4006/3661/3952
f 4005/3660/3951 4007/3662/3953 4002/3657/3948
f 4006/3661/3952 4002/3657/3948 4007/3662/3953
f 4005/3660/3951 3993/3648/3939 4008/3663/3954
f 4007/3662/3953 4005/3660/3951 4009/3664/3955
f 4008/3663/3954 4009/3664/3955 4005/3660/3951
f 4007/3662/3953 4010/3665/3308 4006/3661/3952
f 4007/3662/3953 4009/3664/3955 4010/3665/3308
f 4006/3661/3952 4011/3666/3956 4003/3658/3949
f 4011/3666/3956 4006/3661/3952 4010/3665/3308
f 4012/3667/3957 4003/3658/3949 4011/3666/3956
f 4003/3658/3949 4012/3667/3957 4004/3659/3950
f 4011/3666/3956 4010/3665/3308 4013/3668/3958
f 4014/3669/3959 4004/3659/3950 4012/3667/3957
f 4012/3667/3957 4011/3666/3956 4015/3670/3960
f 4013/3668/3958 4015/3670/3960 4011/3666/3956
f 4014/3669/3959 4012/3667/3957 4016/3671/3961
f 4015/3670/3960 4016/3671/3961 4012/3667/3957
f 4017/3672/3962 4004/3659/3950 4014/3669/3959
f 4000/3655/3946 4004/3659/3950 4017/3672/3962
f 4000/3655/3946 4017/3672/3962 3999/3654/3945
f 4016/3671/3961 4018/3673/3963 4014/3669/3959
f 4017/3672/3962 4014/3669/3959 4018/3673/3963
f 4016/3671/3961 4015/3670/3960 4019/3674/3964
f 4016/3671/3961 4019/3674/3964 4018/3673/3963
f 4019/3674/3964 4015/3670/3960 3501/3161/3458
f 4015/3670/3960 4013/3668/3958 3501/3161/3458
f 3501/3161/3458 4013/3668/3958 3503/3163/3460
f 4019/3674/3964 3501/3161/3458 3500/3160/3457
f 4013/3668/3958 3506/3166/3463 3503/3163/3460
f 4013/3668/3958 4010/3665/3308 3506/3166/3463
f 4019/3674/3964 3500/3160/3457 4020/3675/3965
f 4020/3675/3965 4018/3673/3963 4019/3674/3964
f 4010/3665/3308 4021/3676/3966 3506/3166/3463
f 4010/3665/3308 4009/3664/3955 4021/3676/3966
f 4022/3677/3967 3506/3166/3463 4021/3676/3966
f 4022/3677/3967 3505/3165/3462 3506/3166/3463
f 4021/3676/3966 4009/3664/3955 4023/3678/3968
f 4021/3676/3966 4023/3678/3968 4022/3677/3967
f 3505/3165/3462 4022/3677/3967 4024/3679/3969
f 4024/3679/3969 3508/3168/3465 3505/3165/3462
f 4025/3680/3970 4022/3677/3967 4023/3678/3968
f 4025/3680/3970 4024/3679/3969 4022/3677/3967
f 3508/3168/3465 4024/3679/3969 4026/3681/3971
f 4026/3681/3971 3510/3170/3467 3508/3168/3465
f 4024/3679/3969 4025/3680/3970 4027/3682/3972
f 4027/3682/3972 4026/3681/3971 4024/3679/3969
f 4028/3683/3973 4027/3682/3972 4025/3680/3970
f 4023/3678/3968 4028/3683/3973 4025/3680/3970
f 3510/3170/3467 4026/3681/3971 4029/3684/3974
f 4029/3684/3974 3512/3172/3469 3510/3170/3467
f 3558/3218/3515 3512/3172/3469 4029/3684/3974
f 3558/3218/3515 4029/3684/3974 4030/3685/3975
f 4030/3685/3975 3570/3230/3527 3558/3218/3515
f 4031/3686/3976 4029/3684/3974 4026/3681/3971
f 4030/3685/3975 4029/3684/3974 4031/3686/3976
f 4031/3686/3976 4026/3681/3971 4032/3687/3977
f 4032/3687/3977 4026/3681/3971 4027/3682/3972
f 4030/3685/3975 4031/3686/3976 4033/3688/3978
f 4033/3688/3978 3570/3230/3527 4030/3685/3975
f 4032/3687/3977 4033/3688/3978 4031/3686/3976
f 4033/3688/3978 4034/3689/3979 3570/3230/3527
f 4034/3689/3979 3571/3231/3528 3570/3230/3527
f 4033/3688/3978 4032/3687/3977 4035/3690/3980
f 4033/3688/3978 4035/3690/3980 4034/3689/3979
f 4032/3687/3977 4027/3682/3972 4036/3691/3981
f 4036/3691/3981 4035/3690/3980 4032/3687/3977
f 4028/3683/3973 4036/3691/3981 4027/3682/3972
f 4037/3692/3982 3571/3231/3528 4034/3689/3979
f 4034/3689/3979 4035/3690/3980 4037/3692/3982
f 4037/3692/3982 4038/3693/3983 3571/3231/3528
f 4035/3690/3980 4036/3691/3981 4039/3694/3984
f 4036/3691/3981 4028/3683/3973 4040/3695/3985
f 4036/3691/3981 4040/3695/3985 4039/3694/3984
f 4023/3678/3968 4040/3695/3985 4028/3683/3973
f 4035/3690/3980 4039/3694/3984 4041/3696/3986
f 4041/3696/3986 4037/3692/3982 4035/3690/3980
f 4039/3694/3984 4040/3695/3985 4042/3697/3987
f 4039/3694/3984 4042/3697/3987 4041/3696/3986
f 4040/3695/3985 4023/3678/3968 4043/3698/3988
f 4043/3698/3988 4042/3697/3987 4040/3695/3985
f 4041/3696/3986 4044/3699/3989 4037/3692/3982
f 4044/3699/3989 4041/3696/3986 4042/3697/3987
f 4045/3700/3990 4038/3693/3983 4037/3692/3982
f 4044/3699/3989 4045/3700/3990 4037/3692/3982
f 4045/3700/3990 4046/3701/3991 4038/3693/3983
f 4046/3701/3991 4045/3700/3990 3896/3551/3842
f 4047/3702/3992 3896/3551/3842 4045/3700/3990
f 3896/3551/3842 4047/3702/3992 3895/3550/3841
f 4045/3700/3990 4044/3699/3989 4048/3703/3993
f 4045/3700/3990 4048/3703/3993 4047/3702/3992
f 4049/3704/3994 3895/3550/3841 4047/3702/3992
f 3898/3553/3844 3895/3550/3841 4049/3704/3994
f 4050/3705/3995 4047/3702/3992 4048/3703/3993
f 4050/3705/3995 4049/3704/3994 4047/3702/3992
f 4048/3703/3993 4044/3699/3989 4051/3706/3996
f 4042/3697/3987 4051/3706/3996 4044/3699/3989
f 4050/3705/3995 4048/3703/3993 4052/3707/3997
f 4051/3706/3996 4052/3707/3997 4048/3703/3993
f 4050/3705/3995 4053/3708/3998 4049/3704/3994
f 4052/3707/3997 4053/3708/3998 4050/3705/3995
f 4054/3709/3999 3898/3553/3844 4049/3704/3994
f 4053/3708/3998 4054/3709/3999 4049/3704/3994
f 4054/3709/3999 3899/3554/3845 3898/3553/3844
f 3903/3558/3849 3899/3554/3845 4054/3709/3999
f 3903/3558/3849 4054/3709/3999 4055/3710/4000
f 4055/3710/4000 4054/3709/3999 4053/3708/3998
f 3903/3558/3849 4055/3710/4000 3988/3643/3934
f 4056/3711/4001 4053/3708/3998 4052/3707/3997
f 4056/3711/4001 4055/3710/4000 4053/3708/3998
f 3988/3643/3934 4055/3710/4000 4057/3712/4002
f 3989/3644/3935 3988/3643/3934 4057/3712/4002
f 4057/3712/4002 4055/3710/4000 4058/3713/4003
f 4056/3711/4001 4058/3713/4003 4055/3710/4000
f 3989/3644/3935 4057/3712/4002 4059/3714/4004
f 4058/3713/4003 4059/3714/4004 4057/3712/4002
f 4059/3714/4004 3990/3645/3936 3989/3644/3935
f 3990/3645/3936 4059/3714/4004 4060/3715/4005
f 4059/3714/4004 4058/3713/4003 4060/3715/4005
f 4060/3715/4005 3993/3648/3939 3990/3645/3936
f 4060/3715/4005 4008/3663/3954 3993/3648/3939
f 4061/3716/4006 4060/3715/4005 4058/3713/4003
f 4058/3713/4003 4056/3711/4001 4061/3716/4006
f 4008/3663/3954 4060/3715/4005 4062/3717/4007
f 4061/3716/4006 4062/3717/4007 4060/3715/4005
f 4063/3718/4008 4061/3716/4006 4056/3711/4001
f 4061/3716/4006 4063/3718/4008 4062/3717/4007
f 4063/3718/4008 4056/3711/4001 4052/3707/3997
f 4063/3718/4008 4052/3707/3997 4051/3706/3996
f 4051/3706/3996 4064/3719/4009 4063/3718/4008
f 4064/3719/4009 4062/3717/4007 4063/3718/4008
f 4051/3706/3996 4042/3697/3987 4064/3719/4009
f 4043/3698/3988 4064/3719/4009 4042/3697/3987
f 4062/3717/4007 4064/3719/4009 4065/3720/4010
f 4043/3698/3988 4065/3720/4010 4064/3719/4009
f 4062/3717/4007 4065/3720/4010 4008/3663/3954
f 4065/3720/4010 4043/3698/3988 4023/3678/3968
f 4009/3664/3955 4008/3663/3954 4065/3720/4010
f 4065/3720/4010 4023/3678/3968 4009/3664/3955
f 4066/3721/4011 3170/2833/3131 3167/2830/3128
f 3170/2833/3131 4066/3721/4011 3190/2853/3151
f 3167/2830/3128 3168/2831/3129 4066/3721/4011
f 4067/3722/4012 3190/2853/3151 4066/3721/4011
f 4066/3721/4011 3168/2831/3129 4068/3723/4013
f 3190/2853/3151 4067/3722/4012 4069/3724/4014
f 4069/3724/4014 3192/2855/3153 3190/2853/3151
f 3192/2855/3153 4069/3724/4014 3195/2858/3156
f 4067/3722/4012 4066/3721/4011 4070/3725/4015
f 4068/3723/4013 4070/3725/4015 4066/3721/4011
f 4071/3726/4016 4069/3724/4014 4067/3722/4012
f 4072/3727/4017 4067/3722/4012 4070/3725/4015
f 4071/3726/4016 4067/3722/4012 4072/3727/4017
f 4073/3728/4018 3195/2858/3156 4069/3724/4014
f 4069/3724/4014 4071/3726/4016 4074/3729/4019
f 4074/3729/4019 4073/3728/4018 4069/3724/4014
f 4075/3730/4020 4071/3726/4016 4072/3727/4017
f 4074/3729/4019 4071/3726/4016 4075/3730/4020
f 3195/2858/3156 4073/3728/4018 4076/3731/4021
f 4076/3731/4021 1646/1309/1626 3195/2858/3156
f 4076/3731/4021 1550/1213/1531 1646/1309/1626
f 1548/1211/1529 1550/1213/1531 4076/3731/4021
f 4077/3732/4022 4076/3731/4021 4073/3728/4018
f 4073/3728/4018 4074/3729/4019 4077/3732/4022
f 4078/3733/4023 1548/1211/1529 4076/3731/4021
f 4078/3733/4023 4076/3731/4021 4077/3732/4022
f 1547/1210/1528 1548/1211/1529 4078/3733/4023
f 4079/3734/4024 4077/3732/4022 4074/3729/4019
f 4077/3732/4022 4079/3734/4024 4078/3733/4023
f 4079/3734/4024 4074/3729/4019 4080/3735/4025
f 4075/3730/4020 4080/3735/4025 4074/3729/4019
f 4081/3736/4026 4078/3733/4023 4079/3734/4024
f 4082/3737/4027 1547/1210/1528 4078/3733/4023
f 4082/3737/4027 4078/3733/4023 4081/3736/4026
f 1547/1210/1528 4082/3737/4027 1516/1179/1497
f 4083/3738/4028 4081/3736/4026 4079/3734/4024
f 4081/3736/4026 4083/3738/4028 4082/3737/4027
f 4083/3738/4028 4079/3734/4024 4080/3735/4025
f 4084/3739/4029 1516/1179/1497 4082/3737/4027
f 1516/1179/1497 4084/3739/4029 1513/1176/1494
f 1513/1176/1494 4084/3739/4029 1512/1175/1493
f 4084/3739/4029 4082/3737/4027 4085/3740/4030
f 4085/3740/4030 4082/3737/4027 4083/3738/4028
f 4086/3741/4031 1512/1175/1493 4084/3739/4029
f 4084/3739/4029 4085/3740/4030 4086/3741/4031
f 4087/3742/4032 1512/1175/1493 4086/3741/4031
f 1512/1175/1493 4087/3742/4032 1509/1172/1490
f 1509/1172/1490 4087/3742/4032 1505/1168/1486
f 4088/3743/4033 4086/3741/4031 4085/3740/4030
f 4086/3741/4031 4088/3743/4033 4087/3742/4032
f 4083/3738/4028 4088/3743/4033 4085/3740/4030
f 4089/3744/4034 1505/1168/1486 4087/3742/4032
f 4087/3742/4032 4088/3743/4033 4089/3744/4034
f 1504/1167/1485 1505/1168/1486 4089/3744/4034
f 4083/3738/4028 4090/3745/4035 4088/3743/4033
f 4089/3744/4034 4091/3746/4036 1504/1167/1485
f 4092/3747/4037 4089/3744/4034 4088/3743/4033
f 4088/3743/4033 4090/3745/4035 4092/3747/4037
f 4091/3746/4036 4089/3744/4034 4092/3747/4037
f 4091/3746/4036 1507/1170/1488 1504/1167/1485
f 4090/3745/4035 4093/3748/4038 4092/3747/4037
f 4092/3747/4037 4093/3748/4038 4091/3746/4036
f 4083/3738/4028 4094/3749/4039 4090/3745/4035
f 4090/3745/4035 4094/3749/4039 4093/3748/4038
f 4094/3749/4039 4083/3738/4028 4080/3735/4025
f 4080/3735/4025 4075/3730/4020 4094/3749/4039
f 4093/3748/4038 4095/3750/4040 4091/3746/4036
f 1507/1170/1488 4091/3746/4036 4095/3750/4040
f 4096/3751/4041 4093/3748/4038 4094/3749/4039
f 4093/3748/4038 4096/3751/4041 4095/3750/4040
f 4097/3752/4042 4094/3749/4039 4075/3730/4020
f 4094/3749/4039 4097/3752/4042 4096/3751/4041
f 4075/3730/4020 4072/3727/4017 4097/3752/4042
f 4098/3753/4043 4097/3752/4042 4072/3727/4017
f 4072/3727/4017 4070/3725/4015 4098/3753/4043
f 4099/3754/4044 4096/3751/4041 4097/3752/4042
f 4097/3752/4042 4098/3753/4043 4099/3754/4044
f 4070/3725/4015 4100/3755/4045 4098/3753/4043
f 4068/3723/4013 4100/3755/4045 4070/3725/4015
f 4101/3756/4046 4099/3754/4044 4098/3753/4043
f 4098/3753/4043 4100/3755/4045 4101/3756/4046
f 4102/3757/4047 4096/3751/4041 4099/3754/4044
f 4102/3757/4047 4095/3750/4040 4096/3751/4041
f 4099/3754/4044 4101/3756/4046 4103/3758/4048
f 4103/3758/4048 4102/3757/4047 4099/3754/4044
f 4104/3759/4049 4101/3756/4046 4100/3755/4045
f 4105/3760/4050 4095/3750/4040 4102/3757/4047
f 4106/3761/4051 4103/3758/4048 4101/3756/4046
f 4101/3756/4046 4104/3759/4049 4106/3761/4051
f 4107/3762/4052 4102/3757/4047 4103/3758/4048
f 4102/3757/4047 4107/3762/4052 4105/3760/4050
f 4103/3758/4048 4108/3763/4053 4107/3762/4052
f 4103/3758/4048 4106/3761/4051 4108/3763/4053
f 4107/3762/4052 4109/3764/4054 4105/3760/4050
f 4109/3764/4054 4107/3762/4052 4108/3763/4053
f 4105/3760/4050 4110/3765/4055 4095/3750/4040
f 1507/1170/1488 4095/3750/4040 4110/3765/4055
f 4110/3765/4055 1497/1160/1478 1507/1170/1488
f 1497/1160/1478 4110/3765/4055 1498/1161/1479
f 4111/3766/4056 4110/3765/4055 4105/3760/4050
f 4111/3766/4056 4105/3760/4050 4109/3764/4054
f 4112/3767/4057 1498/1161/1479 4110/3765/4055
f 4112/3767/4057 4110/3765/4055 4111/3766/4056
f 1498/1161/1479 4112/3767/4057 4113/3768/4058
f 4113/3768/4058 1496/1159/1477 1498/1161/1479
f 4114/3769/4059 4112/3767/4057 4111/3766/4056
f 4111/3766/4056 4109/3764/4054 4114/3769/4059
f 4115/3770/4060 4113/3768/4058 4112/3767/4057
f 4115/3770/4060 4112/3767/4057 4114/3769/4059
f 4116/3771/4061 1496/1159/1477 4113/3768/4058
f 1496/1159/1477 4116/3771/4061 1493/1156/1474
f 4113/3768/4058 4115/3770/4060 4117/3772/4062
f 4113/3768/4058 4117/3772/4062 4116/3771/4061
f 4118/3773/4063 4117/3772/4062 4115/3770/4060
f 4116/3771/4061 4117/3772/4062 4119/3774/4064
f 4119/3774/4064 4117/3772/4062 4118/3773/4063
f 4120/3775/4065 1493/1156/1474 4116/3771/4061
f 4116/3771/4061 4119/3774/4064 4120/3775/4065
f 4115/3770/4060 4121/3776/4066 4118/3773/4063
f 4121/3776/4066 4115/3770/4060 4114/3769/4059
f 4122/3777/4067 4119/3774/4064 4118/3773/4063
f 4122/3777/4067 4118/3773/4063 4121/3776/4066
f 4121/3776/4066 4114/3769/4059 4123/3778/4068
f 4123/3778/4068 4114/3769/4059 4109/3764/4054
f 4124/3779/4069 4122/3777/4067 4121/3776/4066
f 4124/3779/4069 4121/3776/4066 4123/3778/4068
f 4123/3778/4068 4109/3764/4054 4125/3780/4070
f 4108/3763/4053 4125/3780/4070 4109/3764/4054
f 4124/3779/4069 4123/3778/4068 4126/3781/4071
f 4125/3780/4070 4126/3781/4071 4123/3778/4068
f 4108/3763/4053 4127/3782/4072 4125/3780/4070
f 4127/3782/4072 4108/3763/4053 4106/3761/4051
f 4126/3781/4071 4125/3780/4070 4128/3783/4073
f 4128/3783/4073 4125/3780/4070 4127/3782/4072
f 4129/3784/4074 4124/3779/4069 4126/3781/4071
f 4124/3779/4069 4129/3784/4074 4130/3785/4075
f 4122/3777/4067 4124/3779/4069 4130/3785/4075
f 4129/3784/4074 4126/3781/4071 4131/3786/4076
f 4130/3785/4075 4129/3784/4074 4131/3786/4076
f 4126/3781/4071 4128/3783/4073 4132/3787/4077
f 4132/3787/4077 4131/3786/4076 4126/3781/4071
f 4130/3785/4075 4133/3788/4078 4122/3777/4067
f 4130/3785/4075 4131/3786/4076 4133/3788/4078
f 4134/3789/4079 4122/3777/4067 4133/3788/4078
f 4134/3789/4079 4119/3774/4064 4122/3777/4067
f 4135/3790/4080 4133/3788/4078 4131/3786/4076
f 4134/3789/4079 4136/3791/4081 4119/3774/4064
f 4136/3791/4081 4120/3775/4065 4119/3774/4064
f 4134/3789/4079 4133/3788/4078 4137/3792/4082
f 4137/3792/4082 4136/3791/4081 4134/3789/4079
f 4133/3788/4078 4135/3790/4080 4137/3792/4082
f 4136/3791/4081 4137/3792/4082 4120/3775/4065
f 4131/3786/4076 4138/3793/4083 4135/3790/4080
f 4131/3786/4076 4132/3787/4077 4138/3793/4083
f 4135/3790/4080 4139/3794/4084 4137/3792/4082
f 4139/3794/4084 4135/3790/4080 4138/3793/4083
f 4140/3795/4085 4120/3775/4065 4137/3792/4082
f 4140/3795/4085 4137/3792/4082 4139/3794/4084
f 4120/3775/4065 4140/3795/4085 4141/3796/4086
f 4141/3796/4086 1493/1156/1474 4120/3775/4065
f 4141/3796/4086 1480/1143/1461 1493/1156/1474
f 4141/3796/4086 4140/3795/4085 1480/1143/1461
f 4139/3794/4084 4142/3797/4087 4140/3795/4085
f 4142/3797/4087 4139/3794/4084 4138/3793/4083
f 4142/3797/4087 1480/1143/1461 4140/3795/4085
f 4138/3793/4083 4143/3798/4088 4142/3797/4087
f 4143/3798/4088 1480/1143/1461 4142/3797/4087
f 4138/3793/4083 4132/3787/4077 4144/3799/4089
f 4144/3799/4089 4143/3798/4088 4138/3793/4083
f 4132/3787/4077 4128/3783/4073 4144/3799/4089
f 4144/3799/4089 4128/3783/4073 4145/3800/4090
f 4127/3782/4072 4145/3800/4090 4128/3783/4073
f 4143/3798/4088 4144/3799/4089 4146/3801/4091
f 4145/3800/4090 4146/3801/4091 4144/3799/4089
f 4143/3798/4088 4146/3801/4091 4147/3802/4092
f 4143/3798/4088 4147/3802/4092 1480/1143/1461
f 4145/3800/4090 4127/3782/4072 4148/3803/4093
f 4127/3782/4072 4106/3761/4051 4148/3803/4093
f 4146/3801/4091 4145/3800/4090 4149/3804/4094
f 4145/3800/4090 4148/3803/4093 4149/3804/4094
f 4150/3805/4095 4147/3802/4092 4146/3801/4091
f 4146/3801/4091 4149/3804/4094 4150/3805/4095
f 4148/3803/4093 4106/3761/4051 4151/3806/4096
f 4151/3806/4096 4106/3761/4051 4104/3759/4049
f 4149/3804/4094 4148/3803/4093 4152/3807/4097
f 4148/3803/4093 4151/3806/4096 4152/3807/4097
f 4153/3808/4098 4150/3805/4095 4149/3804/4094
f 4149/3804/4094 4152/3807/4097 4153/3808/4098
f 4147/3802/4092 4150/3805/4095 4154/3809/4099
f 4154/3809/4099 1480/1143/1461 4147/3802/4092
f 4150/3805/4095 4153/3808/4098 4155/3810/4100
f 4155/3810/4100 4154/3809/4099 4150/3805/4095
f 4152/3807/4097 4151/3806/4096 4156/3811/4101
f 4151/3806/4096 4104/3759/4049 4156/3811/4101
f 4153/3808/4098 4152/3807/4097 4157/3812/4102
f 4158/3813/4103 4156/3811/4101 4104/3759/4049
f 4156/3811/4101 4159/3814/4104 4152/3807/4097
f 4158/3813/4103 4159/3814/4104 4156/3811/4101
f 4157/3812/4102 4152/3807/4097 4159/3814/4104
f 4158/3813/4103 4104/3759/4049 4160/3815/4105
f 4100/3755/4045 4160/3815/4105 4104/3759/4049
f 4068/3723/4013 4160/3815/4105 4100/3755/4045
f 4158/3813/4103 4160/3815/4105 4161/3816/4106
f 4161/3816/4106 4159/3814/4104 4158/3813/4103
f 4160/3815/4105 4068/3723/4013 4162/3817/4107
f 4162/3817/4107 4161/3816/4106 4160/3815/4105
f 3168/2831/3129 4162/3817/4107 4068/3723/4013
f 4162/3817/4107 3168/2831/3129 3133/2796/3094
f 3133/2796/3094 4161/3816/4106 4162/3817/4107
f 3133/2796/3094 3131/2794/3092 4161/3816/4106
f 3131/2794/3092 3129/2792/3090 4161/3816/4106
f 4161/3816/4106 3129/2792/3090 4159/3814/4104
f 3129/2792/3090 4163/3818/4108 4159/3814/4104
f 4157/3812/4102 4159/3814/4104 4163/3818/4108
f 4163/3818/4108 3129/2792/3090 3127/2790/3088
f 4164/3819/4109 4157/3812/4102 4163/3818/4108
f 4157/3812/4102 4164/3819/4109 4153/3808/4098
f 4164/3819/4109 4155/3810/4100 4153/3808/4098
f 4165/3820/4110 4163/3818/4108 3127/2790/3088
f 4163/3818/4108 4165/3820/4110 4164/3819/4109
f 4164/3819/4109 4165/3820/4110 4155/3810/4100
f 4165/3820/4110 3127/2790/3088 3125/2788/3086
f 4165/3820/4110 4166/3821/4111 4155/3810/4100
f 4155/3810/4100 4166/3821/4111 4154/3809/4099
f 4166/3821/4111 4165/3820/4110 4167/3822/4112
f 3125/2788/3086 4167/3822/4112 4165/3820/4110
f 4168/3823/4113 4154/3809/4099 4166/3821/4111
f 4166/3821/4111 4167/3822/4112 4168/3823/4113
f 4154/3809/4099 4168/3823/4113 1480/1143/1461
f 4168/3823/4113 4167/3822/4112 4169/3824/4114
f 4169/3824/4114 1480/1143/1461 4168/3823/4113
f 4167/3822/4112 3125/2788/3086 4170/3825/4115
f 4167/3822/4112 4170/3825/4115 4169/3824/4114
f 4169/3824/4114 4171/3826/4116 1480/1143/1461
f 4170/3825/4115 4171/3826/4116 4169/3824/4114
f 4172/3827/4117 1480/1143/1461 4171/3826/4116
f 1480/1143/1461 4172/3827/4117 1477/1140/1458
f 4173/3828/4118 4171/3826/4116 4170/3825/4115
f 4173/3828/4118 4172/3827/4117 4171/3826/4116
f 4174/3829/4119 1477/1140/1458 4172/3827/4117
f 4174/3829/4119 4172/3827/4117 4173/3828/4118
f 1477/1140/1458 4174/3829/4119 1473/1136/1454
f 1473/1136/1454 4174/3829/4119 4173/3828/4118
f 4173/3828/4118 1472/1135/1453 1473/1136/1454
f 4175/3830/4120 1472/1135/1453 4173/3828/4118
f 4175/3830/4120 1474/1137/1455 1472/1135/1453
f 4173/3828/4118 4176/3831/4121 4175/3830/4120
f 1474/1137/1455 4175/3830/4120 4176/3831/4121
f 4176/3831/4121 4173/3828/4118 4170/3825/4115
f 4176/3831/4121 4170/3825/4115 3125/2788/3086
f 4176/3831/4121 3110/2773/3071 1474/1137/1455
f 3110/2773/3071 4176/3831/4121 3125/2788/3086
f 4177/3832/4122 3500/3160/3457 3473/3133/3431
f 4177/3832/4122 4020/3675/3965 3500/3160/3457
f 4178/3833/4123 4177/3832/4122 3473/3133/3431
f 4178/3833/4123 3473/3133/3431 3472/3132/3430
f 4020/3675/3965 4177/3832/4122 4179/3834/4124
f 4178/3833/4123 4179/3834/4124 4177/3832/4122
f 4018/3673/3963 4020/3675/3965 4179/3834/4124
f 4180/3835/4125 4178/3833/4123 3472/3132/3430
f 4180/3835/4125 3472/3132/3430 3474/3134/3432
f 4179/3834/4124 4178/3833/4123 4181/3836/4126
f 4180/3835/4125 4181/3836/4126 4178/3833/4123
f 4182/3837/4127 4018/3673/3963 4179/3834/4124
f 4018/3673/3963 4182/3837/4127 4017/3672/3962
f 4181/3836/4126 4183/3838/4128 4179/3834/4124
f 4182/3837/4127 4179/3834/4124 4183/3838/4128
f 4184/3839/4129 4017/3672/3962 4182/3837/4127
f 4182/3837/4127 4183/3838/4128 4184/3839/4129
f 4184/3839/4129 3999/3654/3945 4017/3672/3962
f 4184/3839/4129 4185/3840/4130 3999/3654/3945
f 4185/3840/4130 4184/3839/4129 4183/3838/4128
f 3968/3623/3914 3999/3654/3945 4185/3840/4130
f 4181/3836/4126 4186/3841/4131 4183/3838/4128
f 4181/3836/4126 4180/3835/4125 4186/3841/4131
f 4183/3838/4128 4187/3842/4132 4185/3840/4130
f 4187/3842/4132 4183/3838/4128 4186/3841/4131
f 4188/3843/4133 3968/3623/3914 4185/3840/4130
f 4188/3843/4133 4185/3840/4130 4187/3842/4132
f 3965/3620/3911 3968/3623/3914 4188/3843/4133
f 3954/3609/3900 3965/3620/3911 4188/3843/4133
f 3954/3609/3900 4188/3843/4133 4189/3844/4134
f 4189/3844/4134 3953/3608/3899 3954/3609/3900
f 4187/3842/4132 4190/3845/4135 4188/3843/4133
f 4189/3844/4134 4188/3843/4133 4190/3845/4135
f 3953/3608/3899 4189/3844/4134 4191/3846/4136
f 4190/3845/4135 4191/3846/4136 4189/3844/4134
f 4191/3846/4136 3952/3607/3898 3953/3608/3899
f 4190/3845/4135 4187/3842/4132 4192/3847/4137
f 4186/3841/4131 4192/3847/4137 4187/3842/4132
f 4191/3846/4136 4190/3845/4135 4193/3848/4138
f 4192/3847/4137 4193/3848/4138 4190/3845/4135
f 4191/3846/4136 4193/3848/4138 3952/3607/3898
f 4192/3847/4137 4186/3841/4131 4194/3849/4139
f 3952/3607/3898 4193/3848/4138 4195/3850/4140
f 4196/3851/4141 4194/3849/4139 4186/3841/4131
f 4196/3851/4141 4186/3841/4131 4180/3835/4125
f 4194/3849/4139 4197/3852/4142 4192/3847/4137
f 4193/3848/4138 4192/3847/4137 4197/3852/4142
f 4194/3849/4139 4196/3851/4141 4198/3853/4143
f 4198/3853/4143 4197/3852/4142 4194/3849/4139
f 4196/3851/4141 4180/3835/4125 4199/3854/4144
f 4196/3851/4141 4199/3854/4144 4198/3853/4143
f 3474/3134/3432 4199/3854/4144 4180/3835/4125
f 4199/3854/4144 3474/3134/3432 3476/3136/1937
f 4199/3854/4144 3476/3136/1937 4198/3853/4143
f 4198/3853/4143 3476/3136/1937 4200/3855/4145
f 4200/3855/4145 4197/3852/4142 4198/3853/4143
f 3478/3138/3435 4200/3855/4145 3476/3136/1937
f 4200/3855/4145 4201/3856/4146 4197/3852/4142
f 4200/3855/4145 3478/3138/3435 4201/3856/4146
f 4197/3852/4142 4202/3857/4147 4193/3848/4138
f 4202/3857/4147 4197/3852/4142 4201/3856/4146
f 4202/3857/4147 4195/3850/4140 4193/3848/4138
f 3478/3138/3435 4203/3858/4148 4201/3856/4146
f 4203/3858/4148 3478/3138/3435 3480/3140/3437
f 4203/3858/4148 3480/3140/3437 3482/3142/3439
f 4201/3856/4146 4204/3859/4149 4202/3857/4147
f 4204/3859/4149 4201/3856/4146 4203/3858/4148
f 4202/3857/4147 4205/3860/4150 4195/3850/4140
f 4204/3859/4149 4205/3860/4150 4202/3857/4147
f 4203/3858/4148 3482/3142/3439 4206/3861/4151
f 4203/3858/4148 4206/3861/4151 4204/3859/4149
f 4205/3860/4150 4207/3862/4152 4195/3850/4140
f 3952/3607/3898 4195/3850/4140 4207/3862/4152
f 3948/3603/3894 3952/3607/3898 4207/3862/4152
f 3948/3603/3894 4207/3862/4152 3031/2694/2995
f 3031/2694/2995 4207/3862/4152 4208/3863/4153
f 4207/3862/4152 4205/3860/4150 4208/3863/4153
f 3031/2694/2995 4208/3863/4153 3026/2689/2990
f 4205/3860/4150 4204/3859/4149 4209/3864/4154
f 4205/3860/4150 4209/3864/4154 4208/3863/4153
f 4206/3861/4151 4209/3864/4154 4204/3859/4149
f 4210/3865/4155 3026/2689/2990 4208/3863/4153
f 4209/3864/4154 4210/3865/4155 4208/3863/4153
f 3026/2689/2990 4210/3865/4155 3023/2686/2987
f 4209/3864/4154 4206/3861/4151 4211/3866/4156
f 4209/3864/4154 4211/3866/4156 4210/3865/4155
f 4206/3861/4151 3482/3142/3439 4211/3866/4156
f 4211/3866/4156 3023/2686/2987 4210/3865/4155
f 3484/3144/3441 4211/3866/4156 3482/3142/3439
f 3023/2686/2987 4211/3866/4156 4212/3867/4157
f 4211/3866/4156 3484/3144/3441 4213/3868/4158
f 4211/3866/4156 4213/3868/4158 4212/3867/4157
f 4213/3868/4158 3484/3144/3441 3426/3086/3384
f 4214/3869/4159 3023/2686/2987 4212/3867/4157
f 4212/3867/4157 4213/3868/4158 4214/3869/4159
f 4214/3869/4159 2994/2657/2958 3023/2686/2987
f 2992/2655/2956 2994/2657/2958 4214/3869/4159
f 4213/3868/4158 3426/3086/3384 4215/3870/4160
f 4215/3870/4160 3426/3086/3384 3421/3081/3379
f 4216/3871/4161 4214/3869/4159 4213/3868/4158
f 3421/3081/3379 4217/3872/4162 4215/3870/4160
f 4217/3872/4162 3421/3081/3379 3419/3079/3377
f 4215/3870/4160 4218/3873/4163 4213/3868/4158
f 4218/3873/4163 4215/3870/4160 4217/3872/4162
f 4216/3871/4161 4213/3868/4158 4218/3873/4163
f 3419/3079/3377 4219/3874/4164 4217/3872/4162
f 4217/3872/4162 4220/3875/4165 4218/3873/4163
f 4220/3875/4165 4217/3872/4162 4219/3874/4164
f 4218/3873/4163 4221/3876/4166 4216/3871/4161
f 4221/3876/4166 4218/3873/4163 4220/3875/4165
f 4214/3869/4159 4216/3871/4161 4222/3877/4167
f 4222/3877/4167 4216/3871/4161 4221/3876/4166
f 4214/3869/4159 4222/3877/4167 2992/2655/2956
f 4220/3875/4165 4223/3878/4168 4221/3876/4166
f 4224/3879/4169 2992/2655/2956 4222/3877/4167
f 4224/3879/4169 2988/2651/2952 2992/2655/2956
f 2967/2630/2931 2988/2651/2952 4224/3879/4169
f 4225/3880/4170 4222/3877/4167 4221/3876/4166
f 4225/3880/4170 4224/3879/4169 4222/3877/4167
f 4225/3880/4170 4221/3876/4166 4223/3878/4168
f 4224/3879/4169 4226/3881/4171 2967/2630/2931
f 4224/3879/4169 4225/3880/4170 4226/3881/4171
f 2963/2626/2927 2967/2630/2931 4226/3881/4171
f 2962/2625/2926 2963/2626/2927 4226/3881/4171
f 4226/3881/4171 4225/3880/4170 4227/3882/4172
f 2962/2625/2926 4226/3881/4171 4227/3882/4172
f 4223/3878/4168 4227/3882/4172 4225/3880/4170
f 2962/2625/2926 4227/3882/4172 4228/3883/4173
f 4227/3882/4172 4223/3878/4168 4228/3883/4173
f 2965/2628/2929 2962/2625/2926 4228/3883/4173
f 4223/3878/4168 4220/3875/4165 4229/3884/4174
f 4229/3884/4174 4228/3883/4173 4223/3878/4168
f 4219/3874/4164 4229/3884/4174 4220/3875/4165
f 2965/2628/2929 4228/3883/4173 4230/3885/4175
f 4230/3885/4175 2958/2621/2922 2965/2628/2929
f 4229/3884/4174 4231/3886/4176 4228/3883/4173
f 4231/3886/4176 4230/3885/4175 4228/3883/4173
f 4232/3887/4177 4229/3884/4174 4219/3874/4164
f 4229/3884/4174 4232/3887/4177 4231/3886/4176
f 4219/3874/4164 3419/3079/3377 4232/3887/4177
f 2024/1687/2000 4232/3887/4177 3419/3079/3377
f 4232/3887/4177 2024/1687/2000 2022/1685/1998
f 2022/1685/1998 4233/3888/4178 4232/3887/4177
f 4231/3886/4176 4232/3887/4177 4233/3888/4178
f 4233/3888/4178 2022/1685/1998 2014/1677/1990
f 4233/3888/4178 4234/3889/4179 4231/3886/4176
f 4230/3885/4175 4231/3886/4176 4234/3889/4179
f 2014/1677/1990 4235/3890/4180 4233/3888/4178
f 4234/3889/4179 4233/3888/4178 4235/3890/4180
f 4235/3890/4180 2014/1677/1990 2012/1675/1988
f 4234/3889/4179 4236/3891/4181 4230/3885/4175
f 4236/3891/4181 2958/2621/2922 4230/3885/4175
f 4234/3889/4179 4235/3890/4180 4237/3892/4182
f 4236/3891/4181 4234/3889/4179 4237/3892/4182
f 2012/1675/1988 4238/3893/4183 4235/3890/4180
f 4238/3893/4183 4237/3892/4182 4235/3890/4180
f 4238/3893/4183 2012/1675/1988 2010/1673/1739
f 4237/3892/4182 4239/3894/4184 4236/3891/4181
f 2958/2621/2922 4236/3891/4181 4239/3894/4184
f 4238/3893/4183 4240/3895/4185 4237/3892/4182
f 4239/3894/4184 4237/3892/4182 4240/3895/4185
f 4241/3896/4186 4238/3893/4183 2010/1673/1739
f 4240/3895/4185 4238/3893/4183 4241/3896/4186
f 2958/2621/2922 4239/3894/4184 4242/3897/4187
f 4242/3897/4187 2956/2619/2920 2958/2621/2922
f 2959/2622/2923 2956/2619/2920 4242/3897/4187
f 4239/3894/4184 4240/3895/4185 4243/3898/4188
f 4239/3894/4184 4243/3898/4188 4242/3897/4187
f 4244/3899/4189 2959/2622/2923 4242/3897/4187
f 4244/3899/4189 4242/3897/4187 4243/3898/4188
f 2959/2622/2923 4244/3899/4189 4245/3900/4190
f 2950/2613/2914 2959/2622/2923 4245/3900/4190
f 4244/3899/4189 4243/3898/4188 4246/3901/4191
f 4245/3900/4190 4244/3899/4189 4246/3901/4191
f 4247/5/4192 4243/3898/4188 4240/3895/4185
f 4240/3895/4185 4241/3896/4186 4247/5/4192
f 4248/4/4193 4246/3901/4191 4243/3898/4188
f 4243/3898/4188 4247/5/4192 4248/4/4193
f 4245/3900/4190 4249/3902/4194 2950/2613/2914
f 4249/3902/4194 2940/2603/2904 2950/2613/2914
f 4249/3902/4194 4250/3903/4195 2940/2603/2904
f 4250/3903/4195 4249/3902/4194 4245/3900/4190
f 4250/3903/4195 2938/2601/2902 2940/2603/2904
f 4250/3903/4195 4245/3900/4190 4251/3904/4196
f 4250/3903/4195 4251/3904/4196 2938/2601/2902
f 4245/3900/4190 4246/3901/4191 4251/3904/4196
f 2938/2601/2902 4251/3904/4196 2936/2599/2900
f 4252/3905/4197 4251/3904/4196 4246/3901/4191
f 4251/3904/4196 4252/3905/4197 2936/2599/2900
f 4246/3901/4191 4248/4/4193 4252/3905/4197
f 2936/2599/2900 4252/3905/4197 4253/3906/4198
f 2936/2599/2900 4253/3906/4198 2934/2597/2898
f 4254/3907/4199 4252/3905/4197 4248/4/4193
f 4252/3905/4197 4254/3907/4199 4253/3906/4198
f 4255/3908/4200 2934/2597/2898 4253/3906/4198
f 4255/3908/4200 2935/2598/2899 2934/2597/2898
f 4256/3909/4201 4253/3906/4198 4254/3907/4199
f 4256/3909/4201 4255/3908/4200 4253/3906/4198
f 4257/3910/4202 2935/2598/2899 4255/3908/4200
f 4255/3908/4200 4256/3909/4201 4257/3910/4202
f 2935/2598/2899 4257/3910/4202 4258/3911/4203
f 4256/3909/4201 4254/3907/4199 4259/3912/4204
f 4257/3910/4202 4256/3909/4201 4260/3913/4205
f 4259/3912/4204 4260/3913/4205 4256/3909/4201
f 4260/3913/4205 4261/3914/4206 4257/3910/4202
f 4258/3911/4203 4257/3910/4202 4261/3914/4206
f 4262/3915/4207 4260/3913/4205 4259/3912/4204
f 4260/3913/4205 4262/3915/4207 4261/3914/4206
f 4263/3916/4208 4259/3912/4204 4254/3907/4199
f 4254/3907/4199 4248/4/4193 4263/3916/4208
f 4259/3912/4204 4264/3917/4209 4262/3915/4207
f 4263/3916/4208 4264/3917/4209 4259/3912/4204
f 4265/3918/4210 4263/3916/4208 4248/4/4193
f 4266/6/4211 4265/3918/4210 4248/4/4193
f 4267/3919/4212 4264/3917/4209 4263/3916/4208
f 4263/3916/4208 4265/3918/4210 4267/3919/4212
f 4264/3917/4209 4268/3920/4213 4262/3915/4207
f 4267/3919/4212 4268/3920/4213 4264/3917/4209
f 4266/6/4211 4269/3921/4214 4265/3918/4210
f 4267/3919/4212 4265/3918/4210 4269/3921/4214
f 4270/3922/4215 4262/3915/4207 4268/3920/4213
f 4267/3919/4212 4269/3921/4214 4271/3923/4216
f 4267/3919/4212 4272/3924/4217 4268/3920/4213
f 4267/3919/4212 4271/3923/4216 4272/3924/4217
f 4268/3920/4213 4273/3925/4218 4270/3922/4215
f 4273/3925/4218 4268/3920/4213 4272/3924/4217
f 4274/3926/4219 4262/3915/4207 4270/3922/4215
f 4262/3915/4207 4274/3926/4219 4261/3914/4206
f 4273/3925/4218 4275/3927/4220 4270/3922/4215
f 4274/3926/4219 4270/3922/4215 4275/3927/4220
f 4276/3928/4221 4261/3914/4206 4274/3926/4219
f 4275/3927/4220 4277/3929/4222 4274/3926/4219
f 4261/3914/4206 4276/3928/4221 4278/3930/4223
f 4258/3911/4203 4261/3914/4206 4278/3930/4223
f 4274/3926/4219 4279/3931/4224 4276/3928/4221
f 4279/3931/4224 4274/3926/4219 4277/3929/4222
f 4276/3928/4221 4280/3932/4225 4278/3930/4223
f 4279/3931/4224 4280/3932/4225 4276/3928/4221
f 4278/3930/4223 4281/3933/4226 4258/3911/4203
f 4258/3911/4203 4281/3933/4226 2935/2598/2899
f 4281/3933/4226 2933/2596/2897 2935/2598/2899
f 4281/3933/4226 4278/3930/4223 4282/3934/4227
f 4282/3934/4227 4278/3930/4223 4280/3932/4225
f 4281/3933/4226 4283/3935/4228 2933/2596/2897
f 4282/3934/4227 4283/3935/4228 4281/3933/4226
f 4283/3935/4228 2929/2592/2893 2933/2596/2897
f 4282/3934/4227 4284/3936/4229 4283/3935/4228
f 4282/3934/4227 4280/3932/4225 4284/3936/4229
f 4283/3935/4228 4285/3937/4230 2929/2592/2893
f 4285/3937/4230 4283/3935/4228 4284/3936/4229
f 4286/3938/4231 2929/2592/2893 4285/3937/4230
f 4286/3938/4231 1809/1472/1789 2929/2592/2893
f 4286/3938/4231 1831/1494/1811 1809/1472/1789
f 4285/3937/4230 4287/3939/4232 4286/3938/4231
f 1831/1494/1811 4286/3938/4231 4287/3939/4232
f 4284/3936/4229 4287/3939/4232 4285/3937/4230
f 1831/1494/1811 4287/3939/4232 1834/1497/1814
f 4288/3940/4233 4287/3939/4232 4284/3936/4229
f 4287/3939/4232 4289/3941/4234 1834/1497/1814
f 4288/3940/4233 4289/3941/4234 4287/3939/4232
f 4289/3941/4234 4290/3942/4235 1834/1497/1814
f 1834/1497/1814 4290/3942/4235 1833/1496/1813
f 4290/3942/4235 1837/1500/1817 1833/1496/1813
f 4291/3943/4236 4289/3941/4234 4288/3940/4233
f 4290/3942/4235 4289/3941/4234 4292/3944/4237
f 4292/3944/4237 4289/3941/4234 4291/3943/4236
f 1837/1500/1817 4290/3942/4235 4293/3945/4238
f 4293/3945/4238 4290/3942/4235 4292/3944/4237
f 4288/3940/4233 4284/3936/4229 4294/3946/4239
f 4291/3943/4236 4288/3940/4233 4294/3946/4239
f 4295/3947/4240 4294/3946/4239 4284/3936/4229
f 4280/3932/4225 4295/3947/4240 4284/3936/4229
f 4294/3946/4239 4295/3947/4240 4296/3948/4241
f 4296/3948/4241 4291/3943/4236 4294/3946/4239
f 4295/3947/4240 4280/3932/4225 4297/3949/4242
f 4297/3949/4242 4296/3948/4241 4295/3947/4240
f 4298/3950/4243 4297/3949/4242 4280/3932/4225
f 4280/3932/4225 4279/3931/4224 4298/3950/4243
f 4296/3948/4241 4299/3951/4244 4291/3943/4236
f 4298/3950/4243 4279/3931/4224 4300/3952/4245
f 4297/3949/4242 4298/3950/4243 4300/3952/4245
f 4277/3929/4222 4300/3952/4245 4279/3931/4224
f 4299/3951/4244 4301/3953/4246 4291/3943/4236
f 4291/3943/4236 4301/3953/4246 4292/3944/4237
f 4296/3948/4241 4302/3954/4247 4299/3951/4244
f 4299/3951/4244 4302/3954/4247 4301/3953/4246
f 4302/3954/4247 4296/3948/4241 4297/3949/4242
f 4292/3944/4237 4301/3953/4246 4303/3955/4248
f 4293/3945/4238 4292/3944/4237 4303/3955/4248
f 4302/3954/4247 4297/3949/4242 4304/3956/4249
f 4304/3956/4249 4297/3949/4242 4300/3952/4245
f 4301/3953/4246 4305/3957/4250 4303/3955/4248
f 4300/3952/4245 4306/3958/4251 4304/3956/4249
f 4305/3957/4250 4307/3959/4252 4303/3955/4248
f 4303/3955/4248 4307/3959/4252 4293/3945/4238
f 4308/3960/4253 4304/3956/4249 4306/3958/4251
f 4304/3956/4249 4308/3960/4253 4302/3954/4247
f 4306/3958/4251 4300/3952/4245 4309/3961/4254
f 4277/3929/4222 4309/3961/4254 4300/3952/4245
f 4306/3958/4251 4310/3962/4255 4308/3960/4253
f 4309/3961/4254 4277/3929/4222 4311/3963/4256
f 4275/3927/4220 4311/3963/4256 4277/3929/4222
f 4275/3927/4220 4273/3925/4218 4311/3963/4256
f 4306/3958/4251 4309/3961/4254 4312/3964/4257
f 4312/3964/4257 4310/3962/4255 4306/3958/4251
f 4311/3963/4256 4313/3965/4258 4309/3961/4254
f 4314/3966/4259 4312/3964/4257 4309/3961/4254
f 4309/3961/4254 4313/3965/4258 4314/3966/4259
f 4315/3967/4260 4311/3963/4256 4273/3925/4218
f 4316/3968/4261 4313/3965/4258 4311/3963/4256
f 4316/3968/4261 4311/3963/4256 4315/3967/4260
f 4317/3969/4262 4314/3966/4259 4313/3965/4258
f 4313/3965/4258 4316/3968/4261 4317/3969/4262
f 4318/3970/4263 4315/3967/4260 4273/3925/4218
f 4316/3968/4261 4315/3967/4260 4318/3970/4263
f 4273/3925/4218 4319/3971/4264 4318/3970/4263
f 4273/3925/4218 4272/3924/4217 4319/3971/4264
f 4316/3968/4261 4318/3970/4263 4320/3972/4265
f 4320/3972/4265 4317/3969/4262 4316/3968/4261
f 4321/3973/4266 4319/3971/4264 4272/3924/4217
f 4321/3973/4266 4272/3924/4217 4271/3923/4216
f 4318/3970/4263 4319/3971/4264 4322/3974/4267
f 4319/3971/4264 4321/3973/4266 4322/3974/4267
f 4321/3973/4266 4271/3923/4216 4322/3974/4267
f 4322/3974/4267 4320/3972/4265 4318/3970/4263
f 4323/3975/4268 4322/3974/4267 4271/3923/4216
f 4322/3974/4267 4323/3975/4268 4320/3972/4265
f 4271/3923/4216 4269/3921/4214 4323/3975/4268
f 4317/3969/4262 4320/3972/4265 4324/3976/4269
f 4317/3969/4262 4324/3976/4269 4314/3966/4259
f 4325/3977/4270 4323/3975/4268 4269/3921/4214
f 4325/3977/4270 4269/3921/4214 4266/6/4211
f 4326/3978/4271 4320/3972/4265 4323/3975/4268
f 4323/3975/4268 4325/3977/4270 4326/3978/4271
f 4320/3972/4265 4326/3978/4271 4327/3979/4272
f 4320/3972/4265 4327/3979/4272 4324/3976/4269
f 4328/3980/4273 4326/3978/4271 4325/3977/4270
f 4326/3978/4271 4328/3980/4273 4327/3979/4272
f 4266/6/4211 4329/3981/4274 4325/3977/4270
f 4329/3981/4274 4266/6/4211 4247/5/4192
f 4330/3982/4275 4328/3980/4273 4325/3977/4270
f 4325/3977/4270 4329/3981/4274 4330/3982/4275
f 4331/3983/4276 4327/3979/4272 4328/3980/4273
f 4330/3982/4275 4331/3983/4276 4328/3980/4273
f 4332/3984/4277 4329/3981/4274 4247/5/4192
f 4330/3982/4275 4329/3981/4274 4332/3984/4277
f 4241/3896/4186 4332/3984/4277 4247/5/4192
f 4327/3979/4272 4331/3983/4276 4333/3985/4278
f 4324/3976/4269 4327/3979/4272 4333/3985/4278
f 4241/3896/4186 4334/3986/4279 4332/3984/4277
f 4241/3896/4186 2010/1673/1739 4334/3986/4279
f 2007/1670/1984 4334/3986/4279 2010/1673/1739
f 4324/3976/4269 4333/3985/4278 4335/3987/4280
f 4324/3976/4269 4335/3987/4280 4314/3966/4259
f 4314/3966/4259 4335/3987/4280 4312/3964/4257
f 4334/3986/4279 2007/1670/1984 4336/3988/4281
f 4336/3988/4281 2007/1670/1984 2006/1669/1983
f 4337/3989/4282 4312/3964/4257 4335/3987/4280
f 4335/3987/4280 4333/3985/4278 4338/3990/4283
f 4337/3989/4282 4335/3987/4280 4338/3990/4283
f 4337/3989/4282 4339/3991/4284 4312/3964/4257
f 4339/3991/4284 4310/3962/4255 4312/3964/4257
f 4337/3989/4282 4338/3990/4283 4340/3992/4285
f 4337/3989/4282 4340/3992/4285 4339/3991/4284
f 4338/3990/4283 4333/3985/4278 4341/3993/4286
f 4341/3993/4286 4333/3985/4278 4331/3983/4276
f 4338/3990/4283 4342/3994/4287 4340/3992/4285
f 4342/3994/4287 4338/3990/4283 4341/3993/4286
f 4343/3995/4174 4341/3993/4286 4331/3983/4276
f 4341/3993/4286 4343/3995/4174 4342/3994/4287
f 4343/3995/4174 4331/3983/4276 4330/3982/4275
f 4343/3995/4174 4330/3982/4275 4344/3996/4288
f 4343/3995/4174 4344/3996/4288 4342/3994/4287
f 4332/3984/4277 4344/3996/4288 4330/3982/4275
f 4344/3996/4288 4332/3984/4277 4345/3997/4289
f 4345/3997/4289 4332/3984/4277 4334/3986/4279
f 4346/3998/4290 4342/3994/4287 4344/3996/4288
f 4346/3998/4290 4344/3996/4288 4345/3997/4289
f 4347/3999/4291 4342/3994/4287 4346/3998/4290
f 4347/3999/4291 4340/3992/4285 4342/3994/4287
f 4348/4000/4292 4346/3998/4290 4345/3997/4289
f 4345/3997/4289 4334/3986/4279 4348/4000/4292
f 4348/4000/4292 4347/3999/4291 4346/3998/4290
f 4336/3988/4281 4348/4000/4292 4334/3986/4279
f 4340/3992/4285 4347/3999/4291 4349/4001/4293
f 4347/3999/4291 4348/4000/4292 4349/4001/4293
f 4349/4001/4293 4339/3991/4284 4340/3992/4285
f 4348/4000/4292 4336/3988/4281 4350/4002/4294
f 4350/4002/4294 4336/3988/4281 2006/1669/1983
f 4348/4000/4292 4350/4002/4294 4351/4003/4295
f 4349/4001/4293 4348/4000/4292 4351/4003/4295
f 4352/4004/4296 4350/4002/4294 2006/1669/1983
f 4351/4003/4295 4350/4002/4294 4353/4005/4297
f 4352/4004/4296 4353/4005/4297 4350/4002/4294
f 4352/4004/4296 2006/1669/1983 4354/4006/4298
f 2003/1666/1980 4354/4006/4298 2006/1669/1983
f 4353/4005/4297 4352/4004/4296 4355/4007/4299
f 4354/4006/4298 4355/4007/4299 4352/4004/4296
f 4356/4008/4300 4354/4006/4298 2003/1666/1980
f 4356/4008/4300 2003/1666/1980 2002/1665/1979
f 4354/4006/4298 4357/4009/4301 4355/4007/4299
f 4356/4008/4300 4357/4009/4301 4354/4006/4298
f 4358/4010/4302 4356/4008/4300 2002/1665/1979
f 4358/4010/4302 2002/1665/1979 1872/1535/1852
f 4359/4011/4303 4357/4009/4301 4356/4008/4300
f 4358/4010/4302 1872/1535/1852 4360/4012/4304
f 1870/1533/1850 4360/4012/4304 1872/1535/1852
f 1870/1533/1850 1868/1531/1848 4360/4012/4304
f 4361/4013/4305 4356/4008/4300 4358/4010/4302
f 4361/4013/4305 4358/4010/4302 4360/4012/4304
f 4361/4013/4305 4359/4011/4303 4356/4008/4300
f 4362/4014/4306 4360/4012/4304 1868/1531/1848
f 4362/4014/4306 4361/4013/4305 4360/4012/4304
f 1868/1531/1848 1866/1529/1846 4362/4014/4306
f 4363/4015/4307 4359/4011/4303 4361/4013/4305
f 4362/4014/4306 4364/4016/4308 4361/4013/4305
f 4364/4016/4308 4363/4015/4307 4361/4013/4305
f 1866/1529/1846 4365/4017/4309 4362/4014/4306
f 4365/4017/4309 4364/4016/4308 4362/4014/4306
f 4366/4018/4310 4365/4017/4309 1866/1529/1846
f 1863/1526/1843 4366/4018/4310 1866/1529/1846
f 1863/1526/1843 4367/4019/4311 4366/4018/4310
f 4365/4017/4309 4366/4018/4310 4367/4019/4311
f 4367/4019/4311 1863/1526/1843 1862/1525/1842
f 4364/4016/4308 4365/4017/4309 4368/4020/4312
f 4368/4020/4312 4365/4017/4309 4367/4019/4311
f 4369/4021/4313 4367/4019/4311 1862/1525/1842
f 4368/4020/4312 4367/4019/4311 4369/4021/4313
f 1862/1525/1842 4370/4022/4314 4369/4021/4313
f 1862/1525/1842 1860/1523/1840 4370/4022/4314
f 1860/1523/1840 1861/1524/1841 4370/4022/4314
f 4371/4023/4315 4368/4020/4312 4369/4021/4313
f 4369/4021/4313 4370/4022/4314 4371/4023/4315
f 4372/4024/4316 4364/4016/4308 4368/4020/4312
f 4368/4020/4312 4371/4023/4315 4372/4024/4316
f 4363/4015/4307 4364/4016/4308 4372/4024/4316
f 4371/4023/4315 4370/4022/4314 4373/4025/4317
f 4374/4026/4318 4363/4015/4307 4372/4024/4316
f 4374/4026/4318 4359/4011/4303 4363/4015/4307
f 4372/4024/4316 4371/4023/4315 4375/4027/4319
f 4374/4026/4318 4372/4024/4316 4375/4027/4319
f 4375/4027/4319 4371/4023/4315 4373/4025/4317
f 4376/4028/4320 4359/4011/4303 4374/4026/4318
f 4359/4011/4303 4376/4028/4320 4357/4009/4301
f 4357/4009/4301 4376/4028/4320 4355/4007/4299
f 4377/4029/4321 4374/4026/4318 4375/4027/4319
f 4374/4026/4318 4377/4029/4321 4376/4028/4320
f 4378/4030/4322 4375/4027/4319 4373/4025/4317
f 4375/4027/4319 4378/4030/4322 4377/4029/4321
f 4370/4022/4314 4379/4031/4323 4373/4025/4317
f 4373/4025/4317 4379/4031/4323 4378/4030/4322
f 4379/4031/4323 4370/4022/4314 1861/1524/1841
f 4377/4029/4321 4378/4030/4322 4380/4032/4324
f 4377/4029/4321 4380/4032/4324 4376/4028/4320
f 4379/4031/4323 1861/1524/1841 4381/4033/4325
f 1855/1518/1835 4381/4033/4325 1861/1524/1841
f 4382/4034/4326 4378/4030/4322 4379/4031/4323
f 4379/4031/4323 4381/4033/4325 4382/4034/4326
f 4381/4033/4325 1855/1518/1835 4383/4035/4327
f 1848/1511/1828 4383/4035/4327 1855/1518/1835
f 4384/4036/4328 4382/4034/4326 4381/4033/4325
f 4381/4033/4325 4383/4035/4327 4384/4036/4328
f 1848/1511/1828 4385/4037/4329 4383/4035/4327
f 4383/4035/4327 4385/4037/4329 4384/4036/4328
f 1848/1511/1828 1844/1507/1824 4385/4037/4329
f 4385/4037/4329 1844/1507/1824 1846/1509/1826
f 4386/4038/4330 4384/4036/4328 4385/4037/4329
f 4385/4037/4329 1846/1509/1826 4387/4039/4331
f 4387/4039/4331 4386/4038/4330 4385/4037/4329
f 1846/1509/1826 1841/1504/1821 4387/4039/4331
f 4384/4036/4328 4386/4038/4330 4388/4040/4332
f 4384/4036/4328 4388/4040/4332 4382/4034/4326
f 4387/4039/4331 4389/4041/4333 4386/4038/4330
f 4389/4041/4333 4388/4040/4332 4386/4038/4330
f 4390/4042/4334 4387/4039/4331 1841/1504/1821
f 1841/1504/1821 1839/1502/1819 4390/4042/4334
f 4391/4043/4335 4382/4034/4326 4388/4040/4332
f 4382/4034/4326 4391/4043/4335 4378/4030/4322
f 4380/4032/4324 4378/4030/4322 4391/4043/4335
f 4388/4040/4332 4392/4044/4336 4391/4043/4335
f 4388/4040/4332 4389/4041/4333 4392/4044/4336
f 4391/4043/4335 4393/4045/4337 4380/4032/4324
f 4393/4045/4337 4391/4043/4335 4392/4044/4336
f 4394/4046/4338 4380/4032/4324 4393/4045/4337
f 4394/4046/4338 4376/4028/4320 4380/4032/4324
f 4376/4028/4320 4394/4046/4338 4355/4007/4299
f 4395/4047/4339 4355/4007/4299 4394/4046/4338
f 4355/4007/4299 4395/4047/4339 4353/4005/4297
f 4393/4045/4337 4396/4048/4340 4394/4046/4338
f 4395/4047/4339 4394/4046/4338 4396/4048/4340
f 4397/4049/4341 4353/4005/4297 4395/4047/4339
f 4353/4005/4297 4397/4049/4341 4351/4003/4295
f 4396/4048/4340 4398/4050/4342 4395/4047/4339
f 4398/4050/4342 4397/4049/4341 4395/4047/4339
f 4396/4048/4340 4393/4045/4337 4399/4051/4343
f 4392/4044/4336 4399/4051/4343 4393/4045/4337
f 4399/4051/4343 4400/4052/4344 4396/4048/4340
f 4400/4052/4344 4398/4050/4342 4396/4048/4340
f 4399/4051/4343 4392/4044/4336 4401/4053/4345
f 4399/4051/4343 4401/4053/4345 4400/4052/4344
f 4402/4054/4346 4401/4053/4345 4392/4044/4336
f 4389/4041/4333 4402/4054/4346 4392/4044/4336
f 4403/4055/4347 4400/4052/4344 4401/4053/4345
f 4404/4056/4348 4402/4054/4346 4389/4041/4333
f 4404/4056/4348 4389/4041/4333 4387/4039/4331
f 4402/4054/4346 4405/4057/4349 4401/4053/4345
f 4404/4056/4348 4405/4057/4349 4402/4054/4346
f 4403/4055/4347 4401/4053/4345 4405/4057/4349
f 4387/4039/4331 4390/4042/4334 4404/4056/4348
f 4403/4055/4347 4405/4057/4349 4406/4058/4350
f 4405/4057/4349 4404/4056/4348 4407/4059/4351
f 4405/4057/4349 4407/4059/4351 4406/4058/4350
f 4408/4060/4352 4404/4056/4348 4390/4042/4334
f 4404/4056/4348 4408/4060/4352 4407/4059/4351
f 4408/4060/4352 4390/4042/4334 4409/4061/4353
f 4409/4061/4353 4390/4042/4334 1839/1502/1819
f 1839/1502/1819 1837/1500/1817 4409/4061/4353
f 4293/3945/4238 4409/4061/4353 1837/1500/1817
f 4293/3945/4238 4410/4062/4354 4409/4061/4353
f 4408/4060/4352 4409/4061/4353 4410/4062/4354
f 4307/3959/4252 4410/4062/4354 4293/3945/4238
f 4407/4059/4351 4408/4060/4352 4411/4063/4355
f 4410/4062/4354 4411/4063/4355 4408/4060/4352
f 4410/4062/4354 4307/3959/4252 4412/4064/4356
f 4412/4064/4356 4411/4063/4355 4410/4062/4354
f 4407/4059/4351 4411/4063/4355 4413/4065/4357
f 4413/4065/4357 4406/4058/4350 4407/4059/4351
f 4414/4066/4358 4411/4063/4355 4412/4064/4356
f 4413/4065/4357 4411/4063/4355 4414/4066/4358
f 4307/3959/4252 4415/4067/4359 4412/4064/4356
f 4307/3959/4252 4305/3957/4250 4415/4067/4359
f 4416/4068/4360 4414/4066/4358 4412/4064/4356
f 4412/4064/4356 4415/4067/4359 4416/4068/4360
f 4413/4065/4357 4414/4066/4358 4417/4069/4361
f 4417/4069/4361 4414/4066/4358 4416/4068/4360
f 4406/4058/4350 4413/4065/4357 4418/4070/4362
f 4417/4069/4361 4418/4070/4362 4413/4065/4357
f 4418/4070/4362 4403/4055/4347 4406/4058/4350
f 4417/4069/4361 4416/4068/4360 4419/4071/4363
f 4418/4070/4362 4420/4072/4364 4403/4055/4347
f 4420/4072/4364 4400/4052/4344 4403/4055/4347
f 4398/4050/4342 4400/4052/4344 4420/4072/4364
f 4421/4073/4365 4418/4070/4362 4417/4069/4361
f 4419/4071/4363 4421/4073/4365 4417/4069/4361
f 4422/4074/4366 4420/4072/4364 4418/4070/4362
f 4418/4070/4362 4421/4073/4365 4422/4074/4366
f 4420/4072/4364 4423/4075/4367 4398/4050/4342
f 4422/4074/4366 4423/4075/4367 4420/4072/4364
f 4398/4050/4342 4423/4075/4367 4397/4049/4341
f 4424/4076/4368 4422/4074/4366 4421/4073/4365
f 4423/4075/4367 4425/4077/4369 4397/4049/4341
f 4425/4077/4369 4351/4003/4295 4397/4049/4341
f 4351/4003/4295 4425/4077/4369 4349/4001/4293
f 4423/4075/4367 4422/4074/4366 4426/4078/4370
f 4423/4075/4367 4426/4078/4370 4425/4077/4369
f 4427/4079/4371 4349/4001/4293 4425/4077/4369
f 4427/4079/4371 4425/4077/4369 4426/4078/4370
f 4427/4079/4371 4428/4080/4372 4349/4001/4293
f 4426/4078/4370 4428/4080/4372 4427/4079/4371
f 4339/3991/4284 4349/4001/4293 4428/4080/4372
f 4339/3991/4284 4428/4080/4372 4310/3962/4255
f 4426/4078/4370 4422/4074/4366 4429/4081/4373
f 4426/4078/4370 4429/4081/4373 4428/4080/4372
f 4424/4076/4368 4429/4081/4373 4422/4074/4366
f 4428/4080/4372 4430/4082/4374 4310/3962/4255
f 4310/3962/4255 4430/4082/4374 4308/3960/4253
f 4429/4081/4373 4431/4083/4375 4428/4080/4372
f 4430/4082/4374 4428/4080/4372 4431/4083/4375
f 4424/4076/4368 4432/4084/4376 4429/4081/4373
f 4431/4083/4375 4429/4081/4373 4432/4084/4376
f 4424/4076/4368 4421/4073/4365 4432/4084/4376
f 4419/4071/4363 4432/4084/4376 4421/4073/4365
f 4308/3960/4253 4430/4082/4374 4433/4085/4377
f 4430/4082/4374 4431/4083/4375 4433/4085/4377
f 4433/4085/4377 4302/3954/4247 4308/3960/4253
f 4432/4084/4376 4434/4086/4378 4431/4083/4375
f 4419/4071/4363 4434/4086/4378 4432/4084/4376
f 4433/4085/4377 4431/4083/4375 4435/4087/4379
f 4435/4087/4379 4431/4083/4375 4434/4086/4378
f 4302/3954/4247 4433/4085/4377 4436/4088/4380
f 4435/4087/4379 4436/4088/4380 4433/4085/4377
f 4435/4087/4379 4434/4086/4378 4436/4088/4380
f 4436/4088/4380 4301/3953/4246 4302/3954/4247
f 4301/3953/4246 4436/4088/4380 4305/3957/4250
f 4437/4089/4381 4305/3957/4250 4436/4088/4380
f 4437/4089/4381 4436/4088/4380 4434/4086/4378
f 4437/4089/4381 4415/4067/4359 4305/3957/4250
f 4438/4090/4382 4437/4089/4381 4434/4086/4378
f 4437/4089/4381 4438/4090/4382 4415/4067/4359
f 4438/4090/4382 4434/4086/4378 4419/4071/4363
f 4415/4067/4359 4438/4090/4382 4416/4068/4360
f 4416/4068/4360 4438/4090/4382 4419/4071/4363
